Using device: mps

================================================================================
Starting parameter sweep:
  block_size: [100]
  num_trajectories: [10000]
  noise_scale: [0.1]
  loss_mask: ['all']
  lr: 0.001 (fixed)
  n_layer: 2 (fixed)
  n_embd: 32 (fixed)
  attention entropy configs:
    coefficient=0.0, interval=[0, None)
    coefficient=0.001, interval=[0, None)
================================================================================


Total configurations: 2, Already completed: 0, To run: 2

[1/2] Running: block_size=100, num_trajectories=10000, noise_scale=0.1, loss_mask=all, attention_entropy_reg=0.0, entropy_interval=[0, None)

================================================================================
Training model: block_size=100, noise_scale=0.1, lr=0.001, n_layer=2, n_embd=32, num_trajectories=10000, loss_mask=all, attention_entropy_reg=0.0, entropy_interval=[0, None)
================================================================================
Loading Kepler orbit trajectories from data_cv...
Loading 20,000 trajectories from 2 chunks...
Loaded 20,000 trajectories from chunks
Trajectories shape: (20000, 100, 2)
Position range: x=[-3.536, 3.517], y=[-3.444, 3.481]

Split: 10000 training trajectories, 10000 test trajectories
Loading orbital parameters from data_cv...
Loading 20,000 orbital parameters from 2 chunks...
Loaded 20,000 orbital parameters from chunks
Loaded 20000 orbital parameters

Block size (100) >= num_points_per_trajectory (100)
Using full trajectories...

Train input shape: torch.Size([10000, 99, 2]), Train target shape: torch.Size([10000, 99, 2])
Test input shape: torch.Size([10000, 99, 2]), Test target shape: torch.Size([10000, 99, 2])

Setting up model...
number of parameters: 0.025634M
Initial train loss: 1.068154, Initial test loss: 1.043691
Train predictions shape: torch.Size([128, 99, 2])

Training model with periodic evaluation...
Hooks registered for 2 transformer blocks:
  For each block: attn_output, after_attn_merge, mlp_output, after_mlp_merge, mlp_hidden
  Additional: input_embed, after_pos_emb, after_ln_f
  Total hooks: 13
Step 0, Total Train Loss: 1.078557, Prediction Loss: 1.078557, Test Loss: 0.850397, Attention Entropy: not tracked, Entropy Reg Loss: 0.000000, Entropy Reg Active: False, GPU Memory: 0.000 GB

Evaluating at step 1...
Activations collected:
  input_embed: torch.Size([1000, 99, 32])
  after_pos_emb: torch.Size([1000, 99, 32])
  block_0_attn_output: torch.Size([1000, 99, 32])
  block_0_after_attn_merge: torch.Size([1000, 99, 32])
  block_0_mlp_hidden: torch.Size([1000, 99, 128])
  block_0_mlp_output: torch.Size([1000, 99, 32])
  block_0_after_mlp_merge: torch.Size([1000, 99, 32])
  block_1_attn_output: torch.Size([1000, 99, 32])
  block_1_after_attn_merge: torch.Size([1000, 99, 32])
  block_1_mlp_hidden: torch.Size([1000, 99, 128])
  block_1_mlp_output: torch.Size([1000, 99, 32])
  block_1_after_mlp_merge: torch.Size([1000, 99, 32])
  after_ln_f: torch.Size([1000, 99, 32])

Linear Probe Results (R² scores):
================================================================================

input_embed:
  F_magnitude         : R² (all) = 0.0004, R² (last) = 0.0018
  F_direction_x       : R² (all) = 0.8208, R² (last) = 0.8201
  F_direction_y       : R² (all) = 0.8254, R² (last) = 0.8312
  Fx                  : R² (all) = 0.0582, R² (last) = 0.0684
  Fy                  : R² (all) = 0.0628, R² (last) = 0.0892
  r                   : R² (all) = 0.0067, R² (last) = 0.0167
  inv_r               : R² (all) = 0.0017, R² (last) = 0.0043
  r_squared           : R² (all) = 0.0091, R² (last) = 0.0244
  inv_r_squared       : R² (all) = 0.0004, R² (last) = 0.0018
  inv_r_cubed         : R² (all) = 0.0001, R² (last) = 0.0009
  x                   : R² (all) = 1.0000, R² (last) = 1.0000
  y                   : R² (all) = 1.0000, R² (last) = 1.0000

after_pos_emb:
  F_magnitude         : R² (all) = 0.0118, R² (last) = 0.0018
  F_direction_x       : R² (all) = 0.8106, R² (last) = 0.8201
  F_direction_y       : R² (all) = 0.8065, R² (last) = 0.8312
  Fx                  : R² (all) = 0.0578, R² (last) = 0.0684
  Fy                  : R² (all) = 0.0617, R² (last) = 0.0892
  r                   : R² (all) = 0.0231, R² (last) = 0.0167
  inv_r               : R² (all) = 0.0148, R² (last) = 0.0043
  r_squared           : R² (all) = 0.0284, R² (last) = 0.0244
  inv_r_squared       : R² (all) = 0.0118, R² (last) = 0.0018
  inv_r_cubed         : R² (all) = 0.0075, R² (last) = 0.0009
  x                   : R² (all) = 0.9877, R² (last) = 1.0000
  y                   : R² (all) = 0.9777, R² (last) = 1.0000

block_0_attn_output:
  F_magnitude         : R² (all) = 0.2195, R² (last) = 0.4243
  F_direction_x       : R² (all) = 0.3969, R² (last) = 0.6312
  F_direction_y       : R² (all) = 0.3734, R² (last) = 0.7032
  Fx                  : R² (all) = 0.0133, R² (last) = 0.0961
  Fy                  : R² (all) = 0.0133, R² (last) = 0.2399
  r                   : R² (all) = 0.6076, R² (last) = 0.9041
  inv_r               : R² (all) = 0.4627, R² (last) = 0.6834
  r_squared           : R² (all) = 0.5150, R² (last) = 0.8903
  inv_r_squared       : R² (all) = 0.2195, R² (last) = 0.4243
  inv_r_cubed         : R² (all) = 0.0788, R² (last) = 0.2260
  x                   : R² (all) = 0.5278, R² (last) = 0.7587
  y                   : R² (all) = 0.5090, R² (last) = 0.7766

block_0_after_attn_merge:
  F_magnitude         : R² (all) = 0.0389, R² (last) = 0.5444
  F_direction_x       : R² (all) = 0.9424, R² (last) = 0.9639
  F_direction_y       : R² (all) = 0.9205, R² (last) = 0.9608
  Fx                  : R² (all) = 0.1239, R² (last) = 0.2772
  Fy                  : R² (all) = 0.1147, R² (last) = 0.4202
  r                   : R² (all) = 0.0660, R² (last) = 0.9210
  inv_r               : R² (all) = 0.0575, R² (last) = 0.7912
  r_squared           : R² (all) = 0.0598, R² (last) = 0.8655
  inv_r_squared       : R² (all) = 0.0389, R² (last) = 0.5444
  inv_r_cubed         : R² (all) = 0.0211, R² (last) = 0.3272
  x                   : R² (all) = 0.9044, R² (last) = 0.9362
  y                   : R² (all) = 0.9130, R² (last) = 0.9589

block_0_mlp_hidden:
  F_magnitude         : R² (all) = 0.3710, R² (last) = 0.9032
  F_direction_x       : R² (all) = 0.9537, R² (last) = 0.9982
  F_direction_y       : R² (all) = 0.9376, R² (last) = 0.9975
  Fx                  : R² (all) = 0.1470, R² (last) = 0.7277
  Fy                  : R² (all) = 0.1345, R² (last) = 0.8607
  r                   : R² (all) = 0.7621, R² (last) = 0.9988
  inv_r               : R² (all) = 0.7009, R² (last) = 0.9760
  r_squared           : R² (all) = 0.6078, R² (last) = 0.9937
  inv_r_squared       : R² (all) = 0.3710, R² (last) = 0.9032
  inv_r_cubed         : R² (all) = 0.1378, R² (last) = 0.7994
  x                   : R² (all) = 0.9157, R² (last) = 0.9988
  y                   : R² (all) = 0.9260, R² (last) = 0.9991

block_0_mlp_output:
  F_magnitude         : R² (all) = 0.1055, R² (last) = 0.7281
  F_direction_x       : R² (all) = 0.9386, R² (last) = 0.9845
  F_direction_y       : R² (all) = 0.9156, R² (last) = 0.9793
  Fx                  : R² (all) = 0.1240, R² (last) = 0.5211
  Fy                  : R² (all) = 0.1137, R² (last) = 0.6527
  r                   : R² (all) = 0.2028, R² (last) = 0.9948
  inv_r               : R² (all) = 0.1945, R² (last) = 0.9071
  r_squared           : R² (all) = 0.1603, R² (last) = 0.9736
  inv_r_squared       : R² (all) = 0.1055, R² (last) = 0.7281
  inv_r_cubed         : R² (all) = 0.0402, R² (last) = 0.5217
  x                   : R² (all) = 0.9001, R² (last) = 0.9942
  y                   : R² (all) = 0.9090, R² (last) = 0.9963

block_0_after_mlp_merge:
  F_magnitude         : R² (all) = 0.0113, R² (last) = 0.6872
  F_direction_x       : R² (all) = 0.8361, R² (last) = 0.9860
  F_direction_y       : R² (all) = 0.8128, R² (last) = 0.9806
  Fx                  : R² (all) = 0.0823, R² (last) = 0.5221
  Fy                  : R² (all) = 0.0756, R² (last) = 0.6445
  r                   : R² (all) = 0.0224, R² (last) = 0.9952
  inv_r               : R² (all) = 0.0139, R² (last) = 0.8926
  r_squared           : R² (all) = 0.0272, R² (last) = 0.9760
  inv_r_squared       : R² (all) = 0.0113, R² (last) = 0.6872
  inv_r_cubed         : R² (all) = 0.0076, R² (last) = 0.4513
  x                   : R² (all) = 0.9875, R² (last) = 1.0000
  y                   : R² (all) = 0.9765, R² (last) = 1.0000

block_1_attn_output:
  F_magnitude         : R² (all) = 0.2356, R² (last) = 0.4391
  F_direction_x       : R² (all) = 0.5535, R² (last) = 0.7043
  F_direction_y       : R² (all) = 0.5406, R² (last) = 0.6243
  Fx                  : R² (all) = 0.0471, R² (last) = 0.1615
  Fy                  : R² (all) = 0.0487, R² (last) = 0.2293
  r                   : R² (all) = 0.6064, R² (last) = 0.8918
  inv_r               : R² (all) = 0.4679, R² (last) = 0.6760
  r_squared           : R² (all) = 0.5257, R² (last) = 0.8841
  inv_r_squared       : R² (all) = 0.2356, R² (last) = 0.4391
  inv_r_cubed         : R² (all) = 0.0930, R² (last) = 0.2524
  x                   : R² (all) = 0.6793, R² (last) = 0.7937
  y                   : R² (all) = 0.6636, R² (last) = 0.7120

block_1_after_attn_merge:
  F_magnitude         : R² (all) = 0.0766, R² (last) = 0.7409
  F_direction_x       : R² (all) = 0.9439, R² (last) = 0.9853
  F_direction_y       : R² (all) = 0.9145, R² (last) = 0.9828
  Fx                  : R² (all) = 0.1354, R² (last) = 0.5456
  Fy                  : R² (all) = 0.1205, R² (last) = 0.7018
  r                   : R² (all) = 0.1394, R² (last) = 0.9806
  inv_r               : R² (all) = 0.1288, R² (last) = 0.9165
  r_squared           : R² (all) = 0.1167, R² (last) = 0.9433
  inv_r_squared       : R² (all) = 0.0766, R² (last) = 0.7409
  inv_r_cubed         : R² (all) = 0.0345, R² (last) = 0.5282
  x                   : R² (all) = 0.9068, R² (last) = 0.9966
  y                   : R² (all) = 0.9258, R² (last) = 0.9974

block_1_mlp_hidden:
  F_magnitude         : R² (all) = 0.3789, R² (last) = 0.9253
  F_direction_x       : R² (all) = 0.9559, R² (last) = 0.9988
  F_direction_y       : R² (all) = 0.9331, R² (last) = 0.9985
  Fx                  : R² (all) = 0.1789, R² (last) = 0.8537
  Fy                  : R² (all) = 0.1581, R² (last) = 0.9021
  r                   : R² (all) = 0.7565, R² (last) = 0.9997
  inv_r               : R² (all) = 0.6984, R² (last) = 0.9841
  r_squared           : R² (all) = 0.6111, R² (last) = 0.9984
  inv_r_squared       : R² (all) = 0.3789, R² (last) = 0.9253
  inv_r_cubed         : R² (all) = 0.1466, R² (last) = 0.8284
  x                   : R² (all) = 0.9267, R² (last) = 0.9998
  y                   : R² (all) = 0.9428, R² (last) = 0.9999

block_1_mlp_output:
  F_magnitude         : R² (all) = 0.1331, R² (last) = 0.7763
  F_direction_x       : R² (all) = 0.9378, R² (last) = 0.9876
  F_direction_y       : R² (all) = 0.9109, R² (last) = 0.9845
  Fx                  : R² (all) = 0.1327, R² (last) = 0.5593
  Fy                  : R² (all) = 0.1217, R² (last) = 0.7065
  r                   : R² (all) = 0.2495, R² (last) = 0.9943
  inv_r               : R² (all) = 0.2347, R² (last) = 0.9336
  r_squared           : R² (all) = 0.2026, R² (last) = 0.9805
  inv_r_squared       : R² (all) = 0.1331, R² (last) = 0.7763
  inv_r_cubed         : R² (all) = 0.0544, R² (last) = 0.5667
  x                   : R² (all) = 0.8987, R² (last) = 0.9973
  y                   : R² (all) = 0.9154, R² (last) = 0.9982

block_1_after_mlp_merge:
  F_magnitude         : R² (all) = 0.0174, R² (last) = 0.7152
  F_direction_x       : R² (all) = 0.8651, R² (last) = 0.9882
  F_direction_y       : R² (all) = 0.8352, R² (last) = 0.9839
  Fx                  : R² (all) = 0.1081, R² (last) = 0.5145
  Fy                  : R² (all) = 0.0960, R² (last) = 0.6560
  r                   : R² (all) = 0.0337, R² (last) = 0.9912
  inv_r               : R² (all) = 0.0254, R² (last) = 0.9089
  r_squared           : R² (all) = 0.0357, R² (last) = 0.9637
  inv_r_squared       : R² (all) = 0.0174, R² (last) = 0.7152
  inv_r_cubed         : R² (all) = 0.0099, R² (last) = 0.4778
  x                   : R² (all) = 0.9878, R² (last) = 1.0000
  y                   : R² (all) = 0.9747, R² (last) = 1.0000

after_ln_f:
  F_magnitude         : R² (all) = 0.0900, R² (last) = 0.7615
  F_direction_x       : R² (all) = 0.9464, R² (last) = 0.9888
  F_direction_y       : R² (all) = 0.9159, R² (last) = 0.9850
  Fx                  : R² (all) = 0.1549, R² (last) = 0.5817
  Fy                  : R² (all) = 0.1397, R² (last) = 0.7139
  r                   : R² (all) = 0.1514, R² (last) = 0.9883
  inv_r               : R² (all) = 0.1505, R² (last) = 0.9305
  r_squared           : R² (all) = 0.1217, R² (last) = 0.9579
  inv_r_squared       : R² (all) = 0.0900, R² (last) = 0.7615
  inv_r_cubed         : R² (all) = 0.0397, R² (last) = 0.5438
  x                   : R² (all) = 0.9148, R² (last) = 0.9981
  y                   : R² (all) = 0.9350, R² (last) = 0.9990
Evaluating on 500 trajectories...
Conditioning length: 50, Generating 50 more steps per trajectory...

Error Statistics (aggregated across all 500 trajectories):
Mean position error: 1.316265 ± 0.567969
Max position error: 3.288628
R² scores:
  X coordinate: -0.588799 ± 0.809313
  Y coordinate: -0.582387 ± 0.766043
Evaluating on 500 trajectories...
Conditioning length: 50, Generating 50 more steps per trajectory...

Error Statistics (aggregated across all 500 trajectories):
Mean position error: 1.308560 ± 0.559347
Max position error: 3.180703
R² scores:
  X coordinate: -0.635526 ± 0.861744
  Y coordinate: -0.548559 ± 0.710078
Evaluation at step 1 completed.

Step 100, Total Train Loss: 0.025507, Prediction Loss: 0.025507, Test Loss: 0.014690, Attention Entropy: not tracked, Entropy Reg Loss: 0.000000, Entropy Reg Active: False, GPU Memory: 0.000 GB
Step 200, Total Train Loss: 0.014341, Prediction Loss: 0.014341, Test Loss: 0.008435, Attention Entropy: not tracked, Entropy Reg Loss: 0.000000, Entropy Reg Active: False, GPU Memory: 0.000 GB
Step 300, Total Train Loss: 0.013160, Prediction Loss: 0.013160, Test Loss: 0.003338, Attention Entropy: not tracked, Entropy Reg Loss: 0.000000, Entropy Reg Active: False, GPU Memory: 0.000 GB
Step 400, Total Train Loss: 0.012146, Prediction Loss: 0.012146, Test Loss: 0.003507, Attention Entropy: not tracked, Entropy Reg Loss: 0.000000, Entropy Reg Active: False, GPU Memory: 0.000 GB
Step 500, Total Train Loss: 0.011546, Prediction Loss: 0.011546, Test Loss: 0.002743, Attention Entropy: not tracked, Entropy Reg Loss: 0.000000, Entropy Reg Active: False, GPU Memory: 0.000 GB
Step 600, Total Train Loss: 0.010495, Prediction Loss: 0.010495, Test Loss: 0.001898, Attention Entropy: not tracked, Entropy Reg Loss: 0.000000, Entropy Reg Active: False, GPU Memory: 0.000 GB
Step 700, Total Train Loss: 0.008848, Prediction Loss: 0.008848, Test Loss: 0.002166, Attention Entropy: not tracked, Entropy Reg Loss: 0.000000, Entropy Reg Active: False, GPU Memory: 0.000 GB
Step 800, Total Train Loss: 0.009545, Prediction Loss: 0.009545, Test Loss: 0.001837, Attention Entropy: not tracked, Entropy Reg Loss: 0.000000, Entropy Reg Active: False, GPU Memory: 0.000 GB
Step 900, Total Train Loss: 0.008737, Prediction Loss: 0.008737, Test Loss: 0.002020, Attention Entropy: not tracked, Entropy Reg Loss: 0.000000, Entropy Reg Active: False, GPU Memory: 0.000 GB
Step 1000, Total Train Loss: 0.008669, Prediction Loss: 0.008669, Test Loss: 0.002313, Attention Entropy: not tracked, Entropy Reg Loss: 0.000000, Entropy Reg Active: False, GPU Memory: 0.000 GB

Evaluating at step 1001...
Activations collected:
  input_embed: torch.Size([1000, 99, 32])
  after_pos_emb: torch.Size([1000, 99, 32])
  block_0_attn_output: torch.Size([1000, 99, 32])
  block_0_after_attn_merge: torch.Size([1000, 99, 32])
  block_0_mlp_hidden: torch.Size([1000, 99, 128])
  block_0_mlp_output: torch.Size([1000, 99, 32])
  block_0_after_mlp_merge: torch.Size([1000, 99, 32])
  block_1_attn_output: torch.Size([1000, 99, 32])
  block_1_after_attn_merge: torch.Size([1000, 99, 32])
  block_1_mlp_hidden: torch.Size([1000, 99, 128])
  block_1_mlp_output: torch.Size([1000, 99, 32])
  block_1_after_mlp_merge: torch.Size([1000, 99, 32])
  after_ln_f: torch.Size([1000, 99, 32])

Linear Probe Results (R² scores):
================================================================================

input_embed:
  F_magnitude         : R² (all) = 0.0000, R² (last) = 0.0007
  F_direction_x       : R² (all) = 0.8261, R² (last) = 0.8232
  F_direction_y       : R² (all) = 0.8254, R² (last) = 0.8301
  Fx                  : R² (all) = 0.0585, R² (last) = 0.0861
  Fy                  : R² (all) = 0.0608, R² (last) = 0.0679
  r                   : R² (all) = 0.0007, R² (last) = 0.0037
  inv_r               : R² (all) = 0.0001, R² (last) = 0.0013
  r_squared           : R² (all) = 0.0011, R² (last) = 0.0047
  inv_r_squared       : R² (all) = 0.0000, R² (last) = 0.0007
  inv_r_cubed         : R² (all) = 0.0000, R² (last) = 0.0004
  x                   : R² (all) = 1.0000, R² (last) = 1.0000
  y                   : R² (all) = 1.0000, R² (last) = 1.0000

after_pos_emb:
  F_magnitude         : R² (all) = 0.0374, R² (last) = 0.0007
  F_direction_x       : R² (all) = 0.8261, R² (last) = 0.8232
  F_direction_y       : R² (all) = 0.8254, R² (last) = 0.8301
  Fx                  : R² (all) = 0.0587, R² (last) = 0.0861
  Fy                  : R² (all) = 0.0610, R² (last) = 0.0679
  r                   : R² (all) = 0.0629, R² (last) = 0.0037
  inv_r               : R² (all) = 0.0482, R² (last) = 0.0013
  r_squared           : R² (all) = 0.0702, R² (last) = 0.0047
  inv_r_squared       : R² (all) = 0.0374, R² (last) = 0.0007
  inv_r_cubed         : R² (all) = 0.0232, R² (last) = 0.0004
  x                   : R² (all) = 1.0000, R² (last) = 1.0000
  y                   : R² (all) = 1.0000, R² (last) = 1.0000

block_0_attn_output:
  F_magnitude         : R² (all) = 0.2311, R² (last) = 0.6033
  F_direction_x       : R² (all) = 0.7937, R² (last) = 0.8577
  F_direction_y       : R² (all) = 0.7844, R² (last) = 0.9237
  Fx                  : R² (all) = 0.0521, R² (last) = 0.4650
  Fy                  : R² (all) = 0.0572, R² (last) = 0.3501
  r                   : R² (all) = 0.8585, R² (last) = 0.8868
  inv_r               : R² (all) = 0.5689, R² (last) = 0.7714
  r_squared           : R² (all) = 0.7713, R² (last) = 0.8563
  inv_r_squared       : R² (all) = 0.2311, R² (last) = 0.6032
  inv_r_cubed         : R² (all) = 0.0668, R² (last) = 0.4290
  x                   : R² (all) = 0.8917, R² (last) = 0.8505
  y                   : R² (all) = 0.8847, R² (last) = 0.8598

block_0_after_attn_merge:
  F_magnitude         : R² (all) = 0.3860, R² (last) = 0.7872
  F_direction_x       : R² (all) = 0.9685, R² (last) = 0.9897
  F_direction_y       : R² (all) = 0.9693, R² (last) = 0.9880
  Fx                  : R² (all) = 0.1671, R² (last) = 0.6040
  Fy                  : R² (all) = 0.1855, R² (last) = 0.4803
  r                   : R² (all) = 0.8394, R² (last) = 0.9346
  inv_r               : R² (all) = 0.7814, R² (last) = 0.9301
  r_squared           : R² (all) = 0.6684, R² (last) = 0.8456
  inv_r_squared       : R² (all) = 0.3860, R² (last) = 0.7872
  inv_r_cubed         : R² (all) = 0.1265, R² (last) = 0.6167
  x                   : R² (all) = 0.9197, R² (last) = 0.9608
  y                   : R² (all) = 0.9224, R² (last) = 0.9744

block_0_mlp_hidden:
  F_magnitude         : R² (all) = 0.6010, R² (last) = 0.9685
  F_direction_x       : R² (all) = 0.9909, R² (last) = 0.9992
  F_direction_y       : R² (all) = 0.9912, R² (last) = 0.9991
  Fx                  : R² (all) = 0.4139, R² (last) = 0.9318
  Fy                  : R² (all) = 0.4286, R² (last) = 0.9035
  r                   : R² (all) = 0.9763, R² (last) = 0.9983
  inv_r               : R² (all) = 0.9108, R² (last) = 0.9922
  r_squared           : R² (all) = 0.9165, R² (last) = 0.9903
  inv_r_squared       : R² (all) = 0.6010, R² (last) = 0.9685
  inv_r_cubed         : R² (all) = 0.2777, R² (last) = 0.9312
  x                   : R² (all) = 0.9909, R² (last) = 0.9991
  y                   : R² (all) = 0.9910, R² (last) = 0.9993

block_0_mlp_output:
  F_magnitude         : R² (all) = 0.4354, R² (last) = 0.8982
  F_direction_x       : R² (all) = 0.9776, R² (last) = 0.9950
  F_direction_y       : R² (all) = 0.9766, R² (last) = 0.9927
  Fx                  : R² (all) = 0.2743, R² (last) = 0.7081
  Fy                  : R² (all) = 0.2621, R² (last) = 0.6060
  r                   : R² (all) = 0.8760, R² (last) = 0.9936
  inv_r               : R² (all) = 0.8040, R² (last) = 0.9735
  r_squared           : R² (all) = 0.7595, R² (last) = 0.9701
  inv_r_squared       : R² (all) = 0.4354, R² (last) = 0.8982
  inv_r_cubed         : R² (all) = 0.1560, R² (last) = 0.7876
  x                   : R² (all) = 0.9532, R² (last) = 0.9929
  y                   : R² (all) = 0.9503, R² (last) = 0.9937

block_0_after_mlp_merge:
  F_magnitude         : R² (all) = 0.2972, R² (last) = 0.8854
  F_direction_x       : R² (all) = 0.9809, R² (last) = 0.9939
  F_direction_y       : R² (all) = 0.9816, R² (last) = 0.9920
  Fx                  : R² (all) = 0.3178, R² (last) = 0.7193
  Fy                  : R² (all) = 0.3323, R² (last) = 0.6218
  r                   : R² (all) = 0.8510, R² (last) = 0.9963
  inv_r               : R² (all) = 0.6759, R² (last) = 0.9707
  r_squared           : R² (all) = 0.7290, R² (last) = 0.9821
  inv_r_squared       : R² (all) = 0.2972, R² (last) = 0.8854
  inv_r_cubed         : R² (all) = 0.0796, R² (last) = 0.7604
  x                   : R² (all) = 0.9985, R² (last) = 1.0000
  y                   : R² (all) = 0.9988, R² (last) = 1.0000

block_1_attn_output:
  F_magnitude         : R² (all) = 0.2281, R² (last) = 0.3997
  F_direction_x       : R² (all) = 0.6152, R² (last) = 0.8402
  F_direction_y       : R² (all) = 0.5867, R² (last) = 0.8737
  Fx                  : R² (all) = 0.0836, R² (last) = 0.3166
  Fy                  : R² (all) = 0.0934, R² (last) = 0.2847
  r                   : R² (all) = 0.6226, R² (last) = 0.8360
  inv_r               : R² (all) = 0.4628, R² (last) = 0.6053
  r_squared           : R² (all) = 0.5798, R² (last) = 0.8310
  inv_r_squared       : R² (all) = 0.2281, R² (last) = 0.3997
  inv_r_cubed         : R² (all) = 0.0932, R² (last) = 0.2514
  x                   : R² (all) = 0.6888, R² (last) = 0.8782
  y                   : R² (all) = 0.6590, R² (last) = 0.8713

block_1_after_attn_merge:
  F_magnitude         : R² (all) = 0.2121, R² (last) = 0.7870
  F_direction_x       : R² (all) = 0.9634, R² (last) = 0.9912
  F_direction_y       : R² (all) = 0.9618, R² (last) = 0.9899
  Fx                  : R² (all) = 0.3323, R² (last) = 0.7102
  Fy                  : R² (all) = 0.3436, R² (last) = 0.5749
  r                   : R² (all) = 0.8516, R² (last) = 0.9868
  inv_r               : R² (all) = 0.5409, R² (last) = 0.9269
  r_squared           : R² (all) = 0.7803, R² (last) = 0.9581
  inv_r_squared       : R² (all) = 0.2121, R² (last) = 0.7870
  inv_r_cubed         : R² (all) = 0.0565, R² (last) = 0.6257
  x                   : R² (all) = 0.9841, R² (last) = 0.9982
  y                   : R² (all) = 0.9808, R² (last) = 0.9981

block_1_mlp_hidden:
  F_magnitude         : R² (all) = 0.4883, R² (last) = 0.9629
  F_direction_x       : R² (all) = 0.9880, R² (last) = 0.9983
  F_direction_y       : R² (all) = 0.9867, R² (last) = 0.9976
  Fx                  : R² (all) = 0.4138, R² (last) = 0.8759
  Fy                  : R² (all) = 0.4218, R² (last) = 0.8335
  r                   : R² (all) = 0.9831, R² (last) = 0.9997
  inv_r               : R² (all) = 0.8275, R² (last) = 0.9907
  r_squared           : R² (all) = 0.9766, R² (last) = 0.9995
  inv_r_squared       : R² (all) = 0.4883, R² (last) = 0.9629
  inv_r_cubed         : R² (all) = 0.2040, R² (last) = 0.9163
  x                   : R² (all) = 0.9974, R² (last) = 1.0000
  y                   : R² (all) = 0.9970, R² (last) = 0.9999

block_1_mlp_output:
  F_magnitude         : R² (all) = 0.2682, R² (last) = 0.6779
  F_direction_x       : R² (all) = 0.9697, R² (last) = 0.9883
  F_direction_y       : R² (all) = 0.9688, R² (last) = 0.9880
  Fx                  : R² (all) = 0.3333, R² (last) = 0.6492
  Fy                  : R² (all) = 0.3404, R² (last) = 0.5736
  r                   : R² (all) = 0.9129, R² (last) = 0.9839
  inv_r               : R² (all) = 0.6272, R² (last) = 0.8613
  r_squared           : R² (all) = 0.8414, R² (last) = 0.9664
  inv_r_squared       : R² (all) = 0.2682, R² (last) = 0.6779
  inv_r_cubed         : R² (all) = 0.0762, R² (last) = 0.5013
  x                   : R² (all) = 0.9839, R² (last) = 0.9967
  y                   : R² (all) = 0.9819, R² (last) = 0.9967

block_1_after_mlp_merge:
  F_magnitude         : R² (all) = 0.2514, R² (last) = 0.7947
  F_direction_x       : R² (all) = 0.9825, R² (last) = 0.9955
  F_direction_y       : R² (all) = 0.9772, R² (last) = 0.9928
  Fx                  : R² (all) = 0.3562, R² (last) = 0.7487
  Fy                  : R² (all) = 0.3590, R² (last) = 0.6210
  r                   : R² (all) = 0.8458, R² (last) = 0.9864
  inv_r               : R² (all) = 0.5962, R² (last) = 0.9337
  r_squared           : R² (all) = 0.7570, R² (last) = 0.9593
  inv_r_squared       : R² (all) = 0.2514, R² (last) = 0.7947
  inv_r_cubed         : R² (all) = 0.0684, R² (last) = 0.6219
  x                   : R² (all) = 0.9949, R² (last) = 0.9999
  y                   : R² (all) = 0.9937, R² (last) = 0.9999

after_ln_f:
  F_magnitude         : R² (all) = 0.1920, R² (last) = 0.7701
  F_direction_x       : R² (all) = 0.9767, R² (last) = 0.9933
  F_direction_y       : R² (all) = 0.9700, R² (last) = 0.9910
  Fx                  : R² (all) = 0.3154, R² (last) = 0.7133
  Fy                  : R² (all) = 0.3145, R² (last) = 0.5803
  r                   : R² (all) = 0.7406, R² (last) = 0.9948
  inv_r               : R² (all) = 0.4631, R² (last) = 0.9259
  r_squared           : R² (all) = 0.7021, R² (last) = 0.9836
  inv_r_squared       : R² (all) = 0.1920, R² (last) = 0.7701
  inv_r_cubed         : R² (all) = 0.0574, R² (last) = 0.5841
  x                   : R² (all) = 0.9982, R² (last) = 0.9995
  y                   : R² (all) = 0.9982, R² (last) = 0.9995
Evaluating on 500 trajectories...
Conditioning length: 50, Generating 50 more steps per trajectory...

Error Statistics (aggregated across all 500 trajectories):
Mean position error: 0.588201 ± 0.491054
Max position error: 3.342439
R² scores:
  X coordinate: 0.428202 ± 0.551828
  Y coordinate: 0.452882 ± 0.554832
Evaluating on 500 trajectories...
Conditioning length: 50, Generating 50 more steps per trajectory...

Error Statistics (aggregated across all 500 trajectories):
Mean position error: 0.604434 ± 0.508600
Max position error: 3.396937
R² scores:
  X coordinate: 0.429203 ± 0.549459
  Y coordinate: 0.472823 ± 0.551775
Evaluation at step 1001 completed.

Step 1100, Total Train Loss: 0.009752, Prediction Loss: 0.009752, Test Loss: 0.003757, Attention Entropy: not tracked, Entropy Reg Loss: 0.000000, Entropy Reg Active: False, GPU Memory: 0.000 GB
Step 1200, Total Train Loss: 0.007860, Prediction Loss: 0.007860, Test Loss: 0.001894, Attention Entropy: not tracked, Entropy Reg Loss: 0.000000, Entropy Reg Active: False, GPU Memory: 0.000 GB
Step 1300, Total Train Loss: 0.007954, Prediction Loss: 0.007954, Test Loss: 0.004190, Attention Entropy: not tracked, Entropy Reg Loss: 0.000000, Entropy Reg Active: False, GPU Memory: 0.000 GB
Step 1400, Total Train Loss: 0.008195, Prediction Loss: 0.008195, Test Loss: 0.002136, Attention Entropy: not tracked, Entropy Reg Loss: 0.000000, Entropy Reg Active: False, GPU Memory: 0.000 GB
Step 1500, Total Train Loss: 0.007859, Prediction Loss: 0.007859, Test Loss: 0.002404, Attention Entropy: not tracked, Entropy Reg Loss: 0.000000, Entropy Reg Active: False, GPU Memory: 0.000 GB
Step 1600, Total Train Loss: 0.007366, Prediction Loss: 0.007366, Test Loss: 0.001917, Attention Entropy: not tracked, Entropy Reg Loss: 0.000000, Entropy Reg Active: False, GPU Memory: 0.000 GB
Step 1700, Total Train Loss: 0.008235, Prediction Loss: 0.008235, Test Loss: 0.004021, Attention Entropy: not tracked, Entropy Reg Loss: 0.000000, Entropy Reg Active: False, GPU Memory: 0.000 GB
Step 1800, Total Train Loss: 0.006808, Prediction Loss: 0.006808, Test Loss: 0.001506, Attention Entropy: not tracked, Entropy Reg Loss: 0.000000, Entropy Reg Active: False, GPU Memory: 0.000 GB
Step 1900, Total Train Loss: 0.006570, Prediction Loss: 0.006570, Test Loss: 0.001480, Attention Entropy: not tracked, Entropy Reg Loss: 0.000000, Entropy Reg Active: False, GPU Memory: 0.000 GB
Step 2000, Total Train Loss: 0.006572, Prediction Loss: 0.006572, Test Loss: 0.001424, Attention Entropy: not tracked, Entropy Reg Loss: 0.000000, Entropy Reg Active: False, GPU Memory: 0.000 GB

Evaluating at step 2001...
Activations collected:
  input_embed: torch.Size([1000, 99, 32])
  after_pos_emb: torch.Size([1000, 99, 32])
  block_0_attn_output: torch.Size([1000, 99, 32])
  block_0_after_attn_merge: torch.Size([1000, 99, 32])
  block_0_mlp_hidden: torch.Size([1000, 99, 128])
  block_0_mlp_output: torch.Size([1000, 99, 32])
  block_0_after_mlp_merge: torch.Size([1000, 99, 32])
  block_1_attn_output: torch.Size([1000, 99, 32])
  block_1_after_attn_merge: torch.Size([1000, 99, 32])
  block_1_mlp_hidden: torch.Size([1000, 99, 128])
  block_1_mlp_output: torch.Size([1000, 99, 32])
  block_1_after_mlp_merge: torch.Size([1000, 99, 32])
  after_ln_f: torch.Size([1000, 99, 32])

Linear Probe Results (R² scores):
================================================================================

input_embed:
  F_magnitude         : R² (all) = 0.0000, R² (last) = 0.0003
  F_direction_x       : R² (all) = 0.8334, R² (last) = 0.8314
  F_direction_y       : R² (all) = 0.8327, R² (last) = 0.8377
  Fx                  : R² (all) = 0.0623, R² (last) = 0.0492
  Fy                  : R² (all) = 0.0697, R² (last) = 0.0699
  r                   : R² (all) = 0.0000, R² (last) = 0.0008
  inv_r               : R² (all) = 0.0000, R² (last) = 0.0005
  r_squared           : R² (all) = 0.0000, R² (last) = 0.0011
  inv_r_squared       : R² (all) = 0.0000, R² (last) = 0.0003
  inv_r_cubed         : R² (all) = 0.0000, R² (last) = 0.0001
  x                   : R² (all) = 1.0000, R² (last) = 1.0000
  y                   : R² (all) = 1.0000, R² (last) = 1.0000

after_pos_emb:
  F_magnitude         : R² (all) = 0.0395, R² (last) = 0.0003
  F_direction_x       : R² (all) = 0.8334, R² (last) = 0.8314
  F_direction_y       : R² (all) = 0.8328, R² (last) = 0.8377
  Fx                  : R² (all) = 0.0626, R² (last) = 0.0492
  Fy                  : R² (all) = 0.0700, R² (last) = 0.0699
  r                   : R² (all) = 0.0677, R² (last) = 0.0008
  inv_r               : R² (all) = 0.0493, R² (last) = 0.0005
  r_squared           : R² (all) = 0.0760, R² (last) = 0.0011
  inv_r_squared       : R² (all) = 0.0395, R² (last) = 0.0003
  inv_r_cubed         : R² (all) = 0.0249, R² (last) = 0.0002
  x                   : R² (all) = 1.0000, R² (last) = 1.0000
  y                   : R² (all) = 1.0000, R² (last) = 1.0000

block_0_attn_output:
  F_magnitude         : R² (all) = 0.2668, R² (last) = 0.4541
  F_direction_x       : R² (all) = 0.7939, R² (last) = 0.8812
  F_direction_y       : R² (all) = 0.7790, R² (last) = 0.9306
  Fx                  : R² (all) = 0.0456, R² (last) = 0.2234
  Fy                  : R² (all) = 0.0517, R² (last) = 0.3382
  r                   : R² (all) = 0.8778, R² (last) = 0.9160
  inv_r               : R² (all) = 0.5878, R² (last) = 0.7295
  r_squared           : R² (all) = 0.7996, R² (last) = 0.8787
  inv_r_squared       : R² (all) = 0.2668, R² (last) = 0.4540
  inv_r_cubed         : R² (all) = 0.0817, R² (last) = 0.2389
  x                   : R² (all) = 0.9048, R² (last) = 0.9179
  y                   : R² (all) = 0.8985, R² (last) = 0.9242

block_0_after_attn_merge:
  F_magnitude         : R² (all) = 0.4028, R² (last) = 0.5901
  F_direction_x       : R² (all) = 0.9620, R² (last) = 0.9703
  F_direction_y       : R² (all) = 0.9617, R² (last) = 0.9808
  Fx                  : R² (all) = 0.1658, R² (last) = 0.3870
  Fy                  : R² (all) = 0.1867, R² (last) = 0.4270
  r                   : R² (all) = 0.8654, R² (last) = 0.9690
  inv_r               : R² (all) = 0.7683, R² (last) = 0.8538
  r_squared           : R² (all) = 0.7037, R² (last) = 0.9057
  inv_r_squared       : R² (all) = 0.4028, R² (last) = 0.5901
  inv_r_cubed         : R² (all) = 0.1344, R² (last) = 0.3602
  x                   : R² (all) = 0.9379, R² (last) = 0.9670
  y                   : R² (all) = 0.9398, R² (last) = 0.9804

block_0_mlp_hidden:
  F_magnitude         : R² (all) = 0.6149, R² (last) = 0.9307
  F_direction_x       : R² (all) = 0.9909, R² (last) = 0.9994
  F_direction_y       : R² (all) = 0.9904, R² (last) = 0.9992
  Fx                  : R² (all) = 0.4252, R² (last) = 0.8949
  Fy                  : R² (all) = 0.4548, R² (last) = 0.8906
  r                   : R² (all) = 0.9905, R² (last) = 0.9996
  inv_r               : R² (all) = 0.9064, R² (last) = 0.9863
  r_squared           : R² (all) = 0.9611, R² (last) = 0.9973
  inv_r_squared       : R² (all) = 0.6149, R² (last) = 0.9308
  inv_r_cubed         : R² (all) = 0.2768, R² (last) = 0.8419
  x                   : R² (all) = 0.9944, R² (last) = 0.9999
  y                   : R² (all) = 0.9939, R² (last) = 0.9998

block_0_mlp_output:
  F_magnitude         : R² (all) = 0.4512, R² (last) = 0.7955
  F_direction_x       : R² (all) = 0.9792, R² (last) = 0.9929
  F_direction_y       : R² (all) = 0.9729, R² (last) = 0.9913
  Fx                  : R² (all) = 0.3133, R² (last) = 0.6341
  Fy                  : R² (all) = 0.2910, R² (last) = 0.5894
  r                   : R² (all) = 0.8930, R² (last) = 0.9970
  inv_r               : R² (all) = 0.7947, R² (last) = 0.9461
  r_squared           : R² (all) = 0.7706, R² (last) = 0.9858
  inv_r_squared       : R² (all) = 0.4512, R² (last) = 0.7955
  inv_r_cubed         : R² (all) = 0.1664, R² (last) = 0.6187
  x                   : R² (all) = 0.9786, R² (last) = 0.9972
  y                   : R² (all) = 0.9705, R² (last) = 0.9980

block_0_after_mlp_merge:
  F_magnitude         : R² (all) = 0.2789, R² (last) = 0.7705
  F_direction_x       : R² (all) = 0.9806, R² (last) = 0.9927
  F_direction_y       : R² (all) = 0.9802, R² (last) = 0.9913
  Fx                  : R² (all) = 0.3296, R² (last) = 0.6448
  Fy                  : R² (all) = 0.3538, R² (last) = 0.5845
  r                   : R² (all) = 0.8272, R² (last) = 0.9969
  inv_r               : R² (all) = 0.5933, R² (last) = 0.9345
  r_squared           : R² (all) = 0.7814, R² (last) = 0.9885
  inv_r_squared       : R² (all) = 0.2789, R² (last) = 0.7705
  inv_r_cubed         : R² (all) = 0.0751, R² (last) = 0.5877
  x                   : R² (all) = 0.9976, R² (last) = 1.0000
  y                   : R² (all) = 0.9984, R² (last) = 1.0000

block_1_attn_output:
  F_magnitude         : R² (all) = 0.3419, R² (last) = 0.4145
  F_direction_x       : R² (all) = 0.6627, R² (last) = 0.5208
  F_direction_y       : R² (all) = 0.6589, R² (last) = 0.5078
  Fx                  : R² (all) = 0.1913, R² (last) = 0.3770
  Fy                  : R² (all) = 0.1680, R² (last) = 0.1576
  r                   : R² (all) = 0.6629, R² (last) = 0.8562
  inv_r               : R² (all) = 0.5870, R² (last) = 0.6647
  r_squared           : R² (all) = 0.5940, R² (last) = 0.8403
  inv_r_squared       : R² (all) = 0.3419, R² (last) = 0.4145
  inv_r_cubed         : R² (all) = 0.1380, R² (last) = 0.2542
  x                   : R² (all) = 0.6856, R² (last) = 0.6554
  y                   : R² (all) = 0.7046, R² (last) = 0.6942

block_1_after_attn_merge:
  F_magnitude         : R² (all) = 0.2355, R² (last) = 0.6302
  F_direction_x       : R² (all) = 0.9706, R² (last) = 0.9868
  F_direction_y       : R² (all) = 0.9713, R² (last) = 0.9839
  Fx                  : R² (all) = 0.3520, R² (last) = 0.5751
  Fy                  : R² (all) = 0.3793, R² (last) = 0.4993
  r                   : R² (all) = 0.7974, R² (last) = 0.9785
  inv_r               : R² (all) = 0.5188, R² (last) = 0.8571
  r_squared           : R² (all) = 0.7502, R² (last) = 0.9506
  inv_r_squared       : R² (all) = 0.2355, R² (last) = 0.6302
  inv_r_cubed         : R² (all) = 0.0758, R² (last) = 0.4354
  x                   : R² (all) = 0.9882, R² (last) = 0.9987
  y                   : R² (all) = 0.9859, R² (last) = 0.9987

block_1_mlp_hidden:
  F_magnitude         : R² (all) = 0.5700, R² (last) = 0.9118
  F_direction_x       : R² (all) = 0.9875, R² (last) = 0.9981
  F_direction_y       : R² (all) = 0.9879, R² (last) = 0.9974
  Fx                  : R² (all) = 0.4586, R² (last) = 0.8391
  Fy                  : R² (all) = 0.4853, R² (last) = 0.8079
  r                   : R² (all) = 0.9847, R² (last) = 0.9997
  inv_r               : R² (all) = 0.8572, R² (last) = 0.9803
  r_squared           : R² (all) = 0.9754, R² (last) = 0.9997
  inv_r_squared       : R² (all) = 0.5700, R² (last) = 0.9118
  inv_r_cubed         : R² (all) = 0.2707, R² (last) = 0.8085
  x                   : R² (all) = 0.9972, R² (last) = 1.0000
  y                   : R² (all) = 0.9969, R² (last) = 1.0000

block_1_mlp_output:
  F_magnitude         : R² (all) = 0.3019, R² (last) = 0.6646
  F_direction_x       : R² (all) = 0.9729, R² (last) = 0.9898
  F_direction_y       : R² (all) = 0.9757, R² (last) = 0.9879
  Fx                  : R² (all) = 0.3574, R² (last) = 0.6109
  Fy                  : R² (all) = 0.3936, R² (last) = 0.5456
  r                   : R² (all) = 0.8764, R² (last) = 0.9839
  inv_r               : R² (all) = 0.6276, R² (last) = 0.8633
  r_squared           : R² (all) = 0.8211, R² (last) = 0.9717
  inv_r_squared       : R² (all) = 0.3019, R² (last) = 0.6646
  inv_r_cubed         : R² (all) = 0.0917, R² (last) = 0.4817
  x                   : R² (all) = 0.9876, R² (last) = 0.9983
  y                   : R² (all) = 0.9819, R² (last) = 0.9982

block_1_after_mlp_merge:
  F_magnitude         : R² (all) = 0.2637, R² (last) = 0.6196
  F_direction_x       : R² (all) = 0.9801, R² (last) = 0.9934
  F_direction_y       : R² (all) = 0.9779, R² (last) = 0.9939
  Fx                  : R² (all) = 0.3842, R² (last) = 0.6258
  Fy                  : R² (all) = 0.4023, R² (last) = 0.6445
  r                   : R² (all) = 0.8162, R² (last) = 0.9846
  inv_r               : R² (all) = 0.5609, R² (last) = 0.8637
  r_squared           : R² (all) = 0.7668, R² (last) = 0.9655
  inv_r_squared       : R² (all) = 0.2637, R² (last) = 0.6196
  inv_r_cubed         : R² (all) = 0.0776, R² (last) = 0.3998
  x                   : R² (all) = 0.9923, R² (last) = 0.9999
  y                   : R² (all) = 0.9923, R² (last) = 0.9998

after_ln_f:
  F_magnitude         : R² (all) = 0.1996, R² (last) = 0.5626
  F_direction_x       : R² (all) = 0.9719, R² (last) = 0.9901
  F_direction_y       : R² (all) = 0.9691, R² (last) = 0.9834
  Fx                  : R² (all) = 0.3295, R² (last) = 0.5761
  Fy                  : R² (all) = 0.3475, R² (last) = 0.5258
  r                   : R² (all) = 0.7137, R² (last) = 0.9799
  inv_r               : R² (all) = 0.4381, R² (last) = 0.8286
  r_squared           : R² (all) = 0.7061, R² (last) = 0.9804
  inv_r_squared       : R² (all) = 0.1996, R² (last) = 0.5626
  inv_r_cubed         : R² (all) = 0.0635, R² (last) = 0.3395
  x                   : R² (all) = 0.9983, R² (last) = 0.9994
  y                   : R² (all) = 0.9982, R² (last) = 0.9993
Evaluating on 500 trajectories...
Conditioning length: 50, Generating 50 more steps per trajectory...

Error Statistics (aggregated across all 500 trajectories):
Mean position error: 0.347854 ± 0.323029
Max position error: 2.691621
R² scores:
  X coordinate: 0.719946 ± 0.405146
  Y coordinate: 0.747723 ± 0.363379
Evaluating on 500 trajectories...
Conditioning length: 50, Generating 50 more steps per trajectory...

Error Statistics (aggregated across all 500 trajectories):
Mean position error: 0.341831 ± 0.313256
Max position error: 2.530596
R² scores:
  X coordinate: 0.725846 ± 0.415506
  Y coordinate: 0.743037 ± 0.394625
Evaluation at step 2001 completed.

Step 2100, Total Train Loss: 0.006290, Prediction Loss: 0.006290, Test Loss: 0.001687, Attention Entropy: not tracked, Entropy Reg Loss: 0.000000, Entropy Reg Active: False, GPU Memory: 0.000 GB
Step 2200, Total Train Loss: 0.006069, Prediction Loss: 0.006069, Test Loss: 0.001681, Attention Entropy: not tracked, Entropy Reg Loss: 0.000000, Entropy Reg Active: False, GPU Memory: 0.000 GB
Step 2300, Total Train Loss: 0.005774, Prediction Loss: 0.005774, Test Loss: 0.001517, Attention Entropy: not tracked, Entropy Reg Loss: 0.000000, Entropy Reg Active: False, GPU Memory: 0.000 GB
Step 2400, Total Train Loss: 0.006029, Prediction Loss: 0.006029, Test Loss: 0.002647, Attention Entropy: not tracked, Entropy Reg Loss: 0.000000, Entropy Reg Active: False, GPU Memory: 0.000 GB
Step 2500, Total Train Loss: 0.005549, Prediction Loss: 0.005549, Test Loss: 0.001234, Attention Entropy: not tracked, Entropy Reg Loss: 0.000000, Entropy Reg Active: False, GPU Memory: 0.000 GB
Step 2600, Total Train Loss: 0.005577, Prediction Loss: 0.005577, Test Loss: 0.001161, Attention Entropy: not tracked, Entropy Reg Loss: 0.000000, Entropy Reg Active: False, GPU Memory: 0.000 GB
Step 2700, Total Train Loss: 0.005403, Prediction Loss: 0.005403, Test Loss: 0.001426, Attention Entropy: not tracked, Entropy Reg Loss: 0.000000, Entropy Reg Active: False, GPU Memory: 0.000 GB
Step 2800, Total Train Loss: 0.004945, Prediction Loss: 0.004945, Test Loss: 0.001861, Attention Entropy: not tracked, Entropy Reg Loss: 0.000000, Entropy Reg Active: False, GPU Memory: 0.000 GB
Step 2900, Total Train Loss: 0.005223, Prediction Loss: 0.005223, Test Loss: 0.001239, Attention Entropy: not tracked, Entropy Reg Loss: 0.000000, Entropy Reg Active: False, GPU Memory: 0.000 GB
Step 3000, Total Train Loss: 0.004900, Prediction Loss: 0.004900, Test Loss: 0.001267, Attention Entropy: not tracked, Entropy Reg Loss: 0.000000, Entropy Reg Active: False, GPU Memory: 0.000 GB

Evaluating at step 3001...
Activations collected:
  input_embed: torch.Size([1000, 99, 32])
  after_pos_emb: torch.Size([1000, 99, 32])
  block_0_attn_output: torch.Size([1000, 99, 32])
  block_0_after_attn_merge: torch.Size([1000, 99, 32])
  block_0_mlp_hidden: torch.Size([1000, 99, 128])
  block_0_mlp_output: torch.Size([1000, 99, 32])
  block_0_after_mlp_merge: torch.Size([1000, 99, 32])
  block_1_attn_output: torch.Size([1000, 99, 32])
  block_1_after_attn_merge: torch.Size([1000, 99, 32])
  block_1_mlp_hidden: torch.Size([1000, 99, 128])
  block_1_mlp_output: torch.Size([1000, 99, 32])
  block_1_after_mlp_merge: torch.Size([1000, 99, 32])
  after_ln_f: torch.Size([1000, 99, 32])

Linear Probe Results (R² scores):
================================================================================

input_embed:
  F_magnitude         : R² (all) = 0.0003, R² (last) = 0.0002
  F_direction_x       : R² (all) = 0.8313, R² (last) = 0.8305
  F_direction_y       : R² (all) = 0.8261, R² (last) = 0.8328
  Fx                  : R² (all) = 0.0568, R² (last) = 0.0559
  Fy                  : R² (all) = 0.0576, R² (last) = 0.0518
  r                   : R² (all) = 0.0057, R² (last) = 0.0084
  inv_r               : R² (all) = 0.0012, R² (last) = 0.0011
  r_squared           : R² (all) = 0.0084, R² (last) = 0.0134
  inv_r_squared       : R² (all) = 0.0003, R² (last) = 0.0002
  inv_r_cubed         : R² (all) = 0.0001, R² (last) = 0.0001
  x                   : R² (all) = 1.0000, R² (last) = 1.0000
  y                   : R² (all) = 1.0000, R² (last) = 1.0000

after_pos_emb:
  F_magnitude         : R² (all) = 0.0396, R² (last) = 0.0002
  F_direction_x       : R² (all) = 0.8314, R² (last) = 0.8305
  F_direction_y       : R² (all) = 0.8262, R² (last) = 0.8328
  Fx                  : R² (all) = 0.0570, R² (last) = 0.0559
  Fy                  : R² (all) = 0.0583, R² (last) = 0.0519
  r                   : R² (all) = 0.0691, R² (last) = 0.0085
  inv_r               : R² (all) = 0.0519, R² (last) = 0.0011
  r_squared           : R² (all) = 0.0781, R² (last) = 0.0135
  inv_r_squared       : R² (all) = 0.0396, R² (last) = 0.0002
  inv_r_cubed         : R² (all) = 0.0241, R² (last) = 0.0001
  x                   : R² (all) = 1.0000, R² (last) = 1.0000
  y                   : R² (all) = 1.0000, R² (last) = 1.0000

block_0_attn_output:
  F_magnitude         : R² (all) = 0.2320, R² (last) = -0.6473
  F_direction_x       : R² (all) = 0.7478, R² (last) = 0.0462
  F_direction_y       : R² (all) = 0.7463, R² (last) = -0.1231
  Fx                  : R² (all) = 0.0333, R² (last) = 0.0905
  Fy                  : R² (all) = 0.0359, R² (last) = -11.7051
  r                   : R² (all) = 0.8738, R² (last) = 0.6250
  inv_r               : R² (all) = 0.5656, R² (last) = 0.0787
  r_squared           : R² (all) = 0.8005, R² (last) = 0.7073
  inv_r_squared       : R² (all) = 0.2320, R² (last) = -0.6482
  inv_r_cubed         : R² (all) = 0.0686, R² (last) = -1.3701
  x                   : R² (all) = 0.8973, R² (last) = 0.6095
  y                   : R² (all) = 0.8957, R² (last) = 0.9131

block_0_after_attn_merge:
  F_magnitude         : R² (all) = 0.2923, R² (last) = 0.4960
  F_direction_x       : R² (all) = 0.9451, R² (last) = 0.9451
  F_direction_y       : R² (all) = 0.9445, R² (last) = 0.9707
  Fx                  : R² (all) = 0.1467, R² (last) = 0.2988
  Fy                  : R² (all) = 0.1477, R² (last) = 0.3371
  r                   : R² (all) = 0.8986, R² (last) = 0.9849
  inv_r               : R² (all) = 0.6688, R² (last) = 0.7950
  r_squared           : R² (all) = 0.7802, R² (last) = 0.9636
  inv_r_squared       : R² (all) = 0.2923, R² (last) = 0.4963
  inv_r_cubed         : R² (all) = 0.0885, R² (last) = 0.3240
  x                   : R² (all) = 0.9502, R² (last) = 0.9698
  y                   : R² (all) = 0.9494, R² (last) = 0.9920

block_0_mlp_hidden:
  F_magnitude         : R² (all) = 0.5149, R² (last) = 0.8985
  F_direction_x       : R² (all) = 0.9853, R² (last) = 0.9988
  F_direction_y       : R² (all) = 0.9848, R² (last) = 0.9970
  Fx                  : R² (all) = 0.3498, R² (last) = 0.8735
  Fy                  : R² (all) = 0.3498, R² (last) = 0.7036
  r                   : R² (all) = 0.9891, R² (last) = 0.9999
  inv_r               : R² (all) = 0.8590, R² (last) = 0.9730
  r_squared           : R² (all) = 0.9619, R² (last) = 0.9993
  inv_r_squared       : R² (all) = 0.5149, R² (last) = 0.8985
  inv_r_cubed         : R² (all) = 0.2149, R² (last) = 0.8285
  x                   : R² (all) = 0.9955, R² (last) = 0.9999
  y                   : R² (all) = 0.9951, R² (last) = 1.0000

block_0_mlp_output:
  F_magnitude         : R² (all) = 0.3776, R² (last) = 0.6546
  F_direction_x       : R² (all) = 0.9684, R² (last) = 0.9854
  F_direction_y       : R² (all) = 0.9609, R² (last) = 0.9864
  Fx                  : R² (all) = 0.2394, R² (last) = 0.5183
  Fy                  : R² (all) = 0.2259, R² (last) = 0.4472
  r                   : R² (all) = 0.8783, R² (last) = 0.9974
  inv_r               : R² (all) = 0.7385, R² (last) = 0.8831
  r_squared           : R² (all) = 0.7659, R² (last) = 0.9934
  inv_r_squared       : R² (all) = 0.3776, R² (last) = 0.6546
  inv_r_cubed         : R² (all) = 0.1337, R² (last) = 0.4861
  x                   : R² (all) = 0.9803, R² (last) = 0.9987
  y                   : R² (all) = 0.9756, R² (last) = 0.9988

block_0_after_mlp_merge:
  F_magnitude         : R² (all) = 0.2596, R² (last) = 0.6371
  F_direction_x       : R² (all) = 0.9634, R² (last) = 0.9864
  F_direction_y       : R² (all) = 0.9661, R² (last) = 0.9858
  Fx                  : R² (all) = 0.2470, R² (last) = 0.5212
  Fy                  : R² (all) = 0.2542, R² (last) = 0.4394
  r                   : R² (all) = 0.8453, R² (last) = 0.9975
  inv_r               : R² (all) = 0.6003, R² (last) = 0.8803
  r_squared           : R² (all) = 0.7798, R² (last) = 0.9937
  inv_r_squared       : R² (all) = 0.2596, R² (last) = 0.6371
  inv_r_cubed         : R² (all) = 0.0737, R² (last) = 0.4594
  x                   : R² (all) = 0.9987, R² (last) = 1.0000
  y                   : R² (all) = 0.9979, R² (last) = 1.0000

block_1_attn_output:
  F_magnitude         : R² (all) = 0.2553, R² (last) = 0.2572
  F_direction_x       : R² (all) = 0.8760, R² (last) = 0.8964
  F_direction_y       : R² (all) = 0.8604, R² (last) = 0.8926
  Fx                  : R² (all) = 0.1850, R² (last) = 0.2448
  Fy                  : R² (all) = 0.1810, R² (last) = 0.2473
  r                   : R² (all) = 0.7305, R² (last) = 0.9642
  inv_r               : R² (all) = 0.5512, R² (last) = 0.6031
  r_squared           : R² (all) = 0.6568, R² (last) = 0.9602
  inv_r_squared       : R² (all) = 0.2553, R² (last) = 0.2553
  inv_r_cubed         : R² (all) = 0.0881, R² (last) = 0.1335
  x                   : R² (all) = 0.8998, R² (last) = 0.9570
  y                   : R² (all) = 0.8929, R² (last) = 0.9506

block_1_after_attn_merge:
  F_magnitude         : R² (all) = 0.2357, R² (last) = 0.4520
  F_direction_x       : R² (all) = 0.9592, R² (last) = 0.9803
  F_direction_y       : R² (all) = 0.9601, R² (last) = 0.9816
  Fx                  : R² (all) = 0.2902, R² (last) = 0.4160
  Fy                  : R² (all) = 0.2921, R² (last) = 0.3457
  r                   : R² (all) = 0.7891, R² (last) = 0.9924
  inv_r               : R² (all) = 0.5415, R² (last) = 0.7778
  r_squared           : R² (all) = 0.7372, R² (last) = 0.9830
  inv_r_squared       : R² (all) = 0.2357, R² (last) = 0.4520
  inv_r_cubed         : R² (all) = 0.0757, R² (last) = 0.2710
  x                   : R² (all) = 0.9917, R² (last) = 0.9989
  y                   : R² (all) = 0.9888, R² (last) = 0.9993

block_1_mlp_hidden:
  F_magnitude         : R² (all) = 0.5357, R² (last) = 0.9132
  F_direction_x       : R² (all) = 0.9829, R² (last) = 0.9972
  F_direction_y       : R² (all) = 0.9841, R² (last) = 0.9973
  Fx                  : R² (all) = 0.3826, R² (last) = 0.7890
  Fy                  : R² (all) = 0.4107, R² (last) = 0.7658
  r                   : R² (all) = 0.9878, R² (last) = 0.9998
  inv_r               : R² (all) = 0.8459, R² (last) = 0.9795
  r_squared           : R² (all) = 0.9857, R² (last) = 0.9999
  inv_r_squared       : R² (all) = 0.5357, R² (last) = 0.9132
  inv_r_cubed         : R² (all) = 0.2550, R² (last) = 0.8382
  x                   : R² (all) = 0.9978, R² (last) = 1.0000
  y                   : R² (all) = 0.9967, R² (last) = 1.0000

block_1_mlp_output:
  F_magnitude         : R² (all) = 0.2962, R² (last) = 0.5025
  F_direction_x       : R² (all) = 0.9632, R² (last) = 0.9828
  F_direction_y       : R² (all) = 0.9674, R² (last) = 0.9838
  Fx                  : R² (all) = 0.3007, R² (last) = 0.4402
  Fy                  : R² (all) = 0.3095, R² (last) = 0.3772
  r                   : R² (all) = 0.8884, R² (last) = 0.9705
  inv_r               : R² (all) = 0.6353, R² (last) = 0.7816
  r_squared           : R² (all) = 0.8319, R² (last) = 0.9532
  inv_r_squared       : R² (all) = 0.2962, R² (last) = 0.5025
  inv_r_cubed         : R² (all) = 0.0996, R² (last) = 0.3375
  x                   : R² (all) = 0.9882, R² (last) = 0.9978
  y                   : R² (all) = 0.9864, R² (last) = 0.9983

block_1_after_mlp_merge:
  F_magnitude         : R² (all) = 0.2453, R² (last) = 0.5071
  F_direction_x       : R² (all) = 0.9646, R² (last) = 0.9888
  F_direction_y       : R² (all) = 0.9602, R² (last) = 0.9900
  Fx                  : R² (all) = 0.3081, R² (last) = 0.5389
  Fy                  : R² (all) = 0.2955, R² (last) = 0.4279
  r                   : R² (all) = 0.8200, R² (last) = 0.9921
  inv_r               : R² (all) = 0.5622, R² (last) = 0.8036
  r_squared           : R² (all) = 0.7705, R² (last) = 0.9822
  inv_r_squared       : R² (all) = 0.2453, R² (last) = 0.5071
  inv_r_cubed         : R² (all) = 0.0745, R² (last) = 0.3386
  x                   : R² (all) = 0.9934, R² (last) = 0.9998
  y                   : R² (all) = 0.9930, R² (last) = 0.9999

after_ln_f:
  F_magnitude         : R² (all) = 0.2280, R² (last) = 0.4534
  F_direction_x       : R² (all) = 0.9622, R² (last) = 0.9879
  F_direction_y       : R² (all) = 0.9603, R² (last) = 0.9876
  Fx                  : R² (all) = 0.2877, R² (last) = 0.5160
  Fy                  : R² (all) = 0.2743, R² (last) = 0.3970
  r                   : R² (all) = 0.7379, R² (last) = 0.9908
  inv_r               : R² (all) = 0.5029, R² (last) = 0.7696
  r_squared           : R² (all) = 0.6966, R² (last) = 0.9868
  inv_r_squared       : R² (all) = 0.2280, R² (last) = 0.4534
  inv_r_cubed         : R² (all) = 0.0807, R² (last) = 0.2885
  x                   : R² (all) = 0.9983, R² (last) = 0.9994
  y                   : R² (all) = 0.9984, R² (last) = 0.9996
Evaluating on 500 trajectories...
Conditioning length: 50, Generating 50 more steps per trajectory...

Error Statistics (aggregated across all 500 trajectories):
Mean position error: 0.258634 ± 0.240505
Max position error: 1.951477
R² scores:
  X coordinate: 0.767518 ± 0.563705
  Y coordinate: 0.771992 ± 0.546229
Evaluating on 500 trajectories...
Conditioning length: 50, Generating 50 more steps per trajectory...

Error Statistics (aggregated across all 500 trajectories):
Mean position error: 0.251831 ± 0.238406
Max position error: 1.783888
R² scores:
  X coordinate: 0.795097 ± 0.531807
  Y coordinate: 0.792581 ± 0.514935
Evaluation at step 3001 completed.

Step 3100, Total Train Loss: 0.004903, Prediction Loss: 0.004903, Test Loss: 0.001891, Attention Entropy: not tracked, Entropy Reg Loss: 0.000000, Entropy Reg Active: False, GPU Memory: 0.000 GB
Step 3200, Total Train Loss: 0.005493, Prediction Loss: 0.005493, Test Loss: 0.001425, Attention Entropy: not tracked, Entropy Reg Loss: 0.000000, Entropy Reg Active: False, GPU Memory: 0.000 GB
Step 3300, Total Train Loss: 0.004227, Prediction Loss: 0.004227, Test Loss: 0.001238, Attention Entropy: not tracked, Entropy Reg Loss: 0.000000, Entropy Reg Active: False, GPU Memory: 0.000 GB
Step 3400, Total Train Loss: 0.004464, Prediction Loss: 0.004464, Test Loss: 0.002063, Attention Entropy: not tracked, Entropy Reg Loss: 0.000000, Entropy Reg Active: False, GPU Memory: 0.000 GB
Step 3500, Total Train Loss: 0.004224, Prediction Loss: 0.004224, Test Loss: 0.001371, Attention Entropy: not tracked, Entropy Reg Loss: 0.000000, Entropy Reg Active: False, GPU Memory: 0.000 GB
Step 3600, Total Train Loss: 0.004241, Prediction Loss: 0.004241, Test Loss: 0.002401, Attention Entropy: not tracked, Entropy Reg Loss: 0.000000, Entropy Reg Active: False, GPU Memory: 0.000 GB
Step 3700, Total Train Loss: 0.004028, Prediction Loss: 0.004028, Test Loss: 0.001157, Attention Entropy: not tracked, Entropy Reg Loss: 0.000000, Entropy Reg Active: False, GPU Memory: 0.000 GB
Step 3800, Total Train Loss: 0.004035, Prediction Loss: 0.004035, Test Loss: 0.001176, Attention Entropy: not tracked, Entropy Reg Loss: 0.000000, Entropy Reg Active: False, GPU Memory: 0.000 GB
Step 3900, Total Train Loss: 0.004824, Prediction Loss: 0.004824, Test Loss: 0.001082, Attention Entropy: not tracked, Entropy Reg Loss: 0.000000, Entropy Reg Active: False, GPU Memory: 0.000 GB
Step 4000, Total Train Loss: 0.005040, Prediction Loss: 0.005040, Test Loss: 0.001626, Attention Entropy: not tracked, Entropy Reg Loss: 0.000000, Entropy Reg Active: False, GPU Memory: 0.000 GB

Evaluating at step 4001...
Activations collected:
  input_embed: torch.Size([1000, 99, 32])
  after_pos_emb: torch.Size([1000, 99, 32])
  block_0_attn_output: torch.Size([1000, 99, 32])
  block_0_after_attn_merge: torch.Size([1000, 99, 32])
  block_0_mlp_hidden: torch.Size([1000, 99, 128])
  block_0_mlp_output: torch.Size([1000, 99, 32])
  block_0_after_mlp_merge: torch.Size([1000, 99, 32])
  block_1_attn_output: torch.Size([1000, 99, 32])
  block_1_after_attn_merge: torch.Size([1000, 99, 32])
  block_1_mlp_hidden: torch.Size([1000, 99, 128])
  block_1_mlp_output: torch.Size([1000, 99, 32])
  block_1_after_mlp_merge: torch.Size([1000, 99, 32])
  after_ln_f: torch.Size([1000, 99, 32])

Linear Probe Results (R² scores):
================================================================================

input_embed:
  F_magnitude         : R² (all) = 0.0004, R² (last) = 0.0002
  F_direction_x       : R² (all) = 0.8329, R² (last) = 0.8242
  F_direction_y       : R² (all) = 0.8344, R² (last) = 0.8353
  Fx                  : R² (all) = 0.0703, R² (last) = 0.0550
  Fy                  : R² (all) = 0.0741, R² (last) = 0.0584
  r                   : R² (all) = 0.0025, R² (last) = 0.0011
  inv_r               : R² (all) = 0.0012, R² (last) = 0.0005
  r_squared           : R² (all) = 0.0026, R² (last) = 0.0010
  inv_r_squared       : R² (all) = 0.0004, R² (last) = 0.0002
  inv_r_cubed         : R² (all) = 0.0001, R² (last) = 0.0002
  x                   : R² (all) = 1.0000, R² (last) = 1.0000
  y                   : R² (all) = 1.0000, R² (last) = 1.0000

after_pos_emb:
  F_magnitude         : R² (all) = 0.0386, R² (last) = 0.0003
  F_direction_x       : R² (all) = 0.8330, R² (last) = 0.8242
  F_direction_y       : R² (all) = 0.8345, R² (last) = 0.8353
  Fx                  : R² (all) = 0.0709, R² (last) = 0.0550
  Fy                  : R² (all) = 0.0748, R² (last) = 0.0584
  r                   : R² (all) = 0.0685, R² (last) = 0.0010
  inv_r               : R² (all) = 0.0515, R² (last) = 0.0005
  r_squared           : R² (all) = 0.0747, R² (last) = 0.0010
  inv_r_squared       : R² (all) = 0.0386, R² (last) = 0.0003
  inv_r_cubed         : R² (all) = 0.0242, R² (last) = 0.0002
  x                   : R² (all) = 1.0000, R² (last) = 1.0000
  y                   : R² (all) = 1.0000, R² (last) = 1.0000

block_0_attn_output:
  F_magnitude         : R² (all) = 0.2426, R² (last) = -5.1979
  F_direction_x       : R² (all) = 0.7427, R² (last) = -0.7302
  F_direction_y       : R² (all) = 0.7423, R² (last) = 0.5178
  Fx                  : R² (all) = 0.0417, R² (last) = -0.3097
  Fy                  : R² (all) = 0.0453, R² (last) = 0.2616
  r                   : R² (all) = 0.8714, R² (last) = 0.3265
  inv_r               : R² (all) = 0.5666, R² (last) = -1.5561
  r_squared           : R² (all) = 0.7981, R² (last) = 0.3234
  inv_r_squared       : R² (all) = 0.2426, R² (last) = -5.1936
  inv_r_cubed         : R² (all) = 0.0761, R² (last) = -8.7920
  x                   : R² (all) = 0.8982, R² (last) = 0.8790
  y                   : R² (all) = 0.8927, R² (last) = 0.8259

block_0_after_attn_merge:
  F_magnitude         : R² (all) = 0.3052, R² (last) = 0.4782
  F_direction_x       : R² (all) = 0.9452, R² (last) = 0.9193
  F_direction_y       : R² (all) = 0.9459, R² (last) = 0.9644
  Fx                  : R² (all) = 0.1675, R² (last) = 0.1976
  Fy                  : R² (all) = 0.1741, R² (last) = 0.2291
  r                   : R² (all) = 0.8924, R² (last) = 0.9848
  inv_r               : R² (all) = 0.6643, R² (last) = 0.8064
  r_squared           : R² (all) = 0.7779, R² (last) = 0.9647
  inv_r_squared       : R² (all) = 0.3052, R² (last) = 0.4787
  inv_r_cubed         : R² (all) = 0.1010, R² (last) = 0.2228
  x                   : R² (all) = 0.9504, R² (last) = 0.9645
  y                   : R² (all) = 0.9513, R² (last) = 0.9905

block_0_mlp_hidden:
  F_magnitude         : R² (all) = 0.5502, R² (last) = 0.8773
  F_direction_x       : R² (all) = 0.9861, R² (last) = 0.9967
  F_direction_y       : R² (all) = 0.9849, R² (last) = 0.9982
  Fx                  : R² (all) = 0.3816, R² (last) = 0.5968
  Fy                  : R² (all) = 0.3865, R² (last) = 0.7547
  r                   : R² (all) = 0.9893, R² (last) = 0.9998
  inv_r               : R² (all) = 0.8668, R² (last) = 0.9757
  r_squared           : R² (all) = 0.9609, R² (last) = 0.9984
  inv_r_squared       : R² (all) = 0.5502, R² (last) = 0.8772
  inv_r_cubed         : R² (all) = 0.2553, R² (last) = 0.7229
  x                   : R² (all) = 0.9956, R² (last) = 0.9999
  y                   : R² (all) = 0.9952, R² (last) = 1.0000

block_0_mlp_output:
  F_magnitude         : R² (all) = 0.3823, R² (last) = 0.6563
  F_direction_x       : R² (all) = 0.9667, R² (last) = 0.9829
  F_direction_y       : R² (all) = 0.9621, R² (last) = 0.9848
  Fx                  : R² (all) = 0.2530, R² (last) = 0.3339
  Fy                  : R² (all) = 0.2621, R² (last) = 0.5280
  r                   : R² (all) = 0.8860, R² (last) = 0.9980
  inv_r               : R² (all) = 0.7320, R² (last) = 0.8993
  r_squared           : R² (all) = 0.7685, R² (last) = 0.9949
  inv_r_squared       : R² (all) = 0.3823, R² (last) = 0.6563
  inv_r_cubed         : R² (all) = 0.1453, R² (last) = 0.4176
  x                   : R² (all) = 0.9793, R² (last) = 0.9994
  y                   : R² (all) = 0.9788, R² (last) = 0.9993

block_0_after_mlp_merge:
  F_magnitude         : R² (all) = 0.2834, R² (last) = 0.6545
  F_direction_x       : R² (all) = 0.9611, R² (last) = 0.9840
  F_direction_y       : R² (all) = 0.9630, R² (last) = 0.9846
  Fx                  : R² (all) = 0.2672, R² (last) = 0.3380
  Fy                  : R² (all) = 0.2771, R² (last) = 0.5154
  r                   : R² (all) = 0.8586, R² (last) = 0.9979
  inv_r               : R² (all) = 0.6166, R² (last) = 0.8999
  r_squared           : R² (all) = 0.7993, R² (last) = 0.9955
  inv_r_squared       : R² (all) = 0.2834, R² (last) = 0.6545
  inv_r_cubed         : R² (all) = 0.0890, R² (last) = 0.4136
  x                   : R² (all) = 0.9990, R² (last) = 1.0000
  y                   : R² (all) = 0.9986, R² (last) = 1.0000

block_1_attn_output:
  F_magnitude         : R² (all) = 0.2665, R² (last) = 0.4403
  F_direction_x       : R² (all) = 0.8876, R² (last) = 0.9310
  F_direction_y       : R² (all) = 0.8907, R² (last) = 0.9276
  Fx                  : R² (all) = 0.1902, R² (last) = 0.2271
  Fy                  : R² (all) = 0.1993, R² (last) = 0.2602
  r                   : R² (all) = 0.7544, R² (last) = 0.9614
  inv_r               : R² (all) = 0.5507, R² (last) = 0.7646
  r_squared           : R² (all) = 0.6968, R² (last) = 0.9400
  inv_r_squared       : R² (all) = 0.2665, R² (last) = 0.4403
  inv_r_cubed         : R² (all) = 0.1000, R² (last) = 0.2299
  x                   : R² (all) = 0.9261, R² (last) = 0.9858
  y                   : R² (all) = 0.9200, R² (last) = 0.9867

block_1_after_attn_merge:
  F_magnitude         : R² (all) = 0.2673, R² (last) = 0.5572
  F_direction_x       : R² (all) = 0.9614, R² (last) = 0.9792
  F_direction_y       : R² (all) = 0.9632, R² (last) = 0.9830
  Fx                  : R² (all) = 0.3145, R² (last) = 0.3460
  Fy                  : R² (all) = 0.3278, R² (last) = 0.4772
  r                   : R² (all) = 0.8171, R² (last) = 0.9940
  inv_r               : R² (all) = 0.5862, R² (last) = 0.8396
  r_squared           : R² (all) = 0.7514, R² (last) = 0.9854
  inv_r_squared       : R² (all) = 0.2673, R² (last) = 0.5572
  inv_r_cubed         : R² (all) = 0.0888, R² (last) = 0.3320
  x                   : R² (all) = 0.9909, R² (last) = 0.9991
  y                   : R² (all) = 0.9908, R² (last) = 0.9994

block_1_mlp_hidden:
  F_magnitude         : R² (all) = 0.5774, R² (last) = 0.9004
  F_direction_x       : R² (all) = 0.9846, R² (last) = 0.9967
  F_direction_y       : R² (all) = 0.9859, R² (last) = 0.9979
  Fx                  : R² (all) = 0.4310, R² (last) = 0.6559
  Fy                  : R² (all) = 0.4658, R² (last) = 0.8317
  r                   : R² (all) = 0.9884, R² (last) = 0.9999
  inv_r               : R² (all) = 0.8583, R² (last) = 0.9813
  r_squared           : R² (all) = 0.9843, R² (last) = 0.9999
  inv_r_squared       : R² (all) = 0.5774, R² (last) = 0.9004
  inv_r_cubed         : R² (all) = 0.3071, R² (last) = 0.7598
  x                   : R² (all) = 0.9977, R² (last) = 1.0000
  y                   : R² (all) = 0.9973, R² (last) = 1.0000

block_1_mlp_output:
  F_magnitude         : R² (all) = 0.3424, R² (last) = 0.5089
  F_direction_x       : R² (all) = 0.9643, R² (last) = 0.9834
  F_direction_y       : R² (all) = 0.9680, R² (last) = 0.9831
  Fx                  : R² (all) = 0.3270, R² (last) = 0.3692
  Fy                  : R² (all) = 0.3404, R² (last) = 0.5235
  r                   : R² (all) = 0.8945, R² (last) = 0.9781
  inv_r               : R² (all) = 0.6802, R² (last) = 0.7957
  r_squared           : R² (all) = 0.8162, R² (last) = 0.9608
  inv_r_squared       : R² (all) = 0.3424, R² (last) = 0.5089
  inv_r_cubed         : R² (all) = 0.1281, R² (last) = 0.3049
  x                   : R² (all) = 0.9911, R² (last) = 0.9982
  y                   : R² (all) = 0.9895, R² (last) = 0.9987

block_1_after_mlp_merge:
  F_magnitude         : R² (all) = 0.2652, R² (last) = 0.5312
  F_direction_x       : R² (all) = 0.9602, R² (last) = 0.9880
  F_direction_y       : R² (all) = 0.9571, R² (last) = 0.9902
  Fx                  : R² (all) = 0.3200, R² (last) = 0.3954
  Fy                  : R² (all) = 0.3181, R² (last) = 0.5573
  r                   : R² (all) = 0.8137, R² (last) = 0.9933
  inv_r               : R² (all) = 0.5855, R² (last) = 0.8219
  r_squared           : R² (all) = 0.7463, R² (last) = 0.9810
  inv_r_squared       : R² (all) = 0.2652, R² (last) = 0.5312
  inv_r_cubed         : R² (all) = 0.0846, R² (last) = 0.3133
  x                   : R² (all) = 0.9934, R² (last) = 0.9999
  y                   : R² (all) = 0.9937, R² (last) = 0.9999

after_ln_f:
  F_magnitude         : R² (all) = 0.2495, R² (last) = 0.4910
  F_direction_x       : R² (all) = 0.9592, R² (last) = 0.9856
  F_direction_y       : R² (all) = 0.9576, R² (last) = 0.9881
  Fx                  : R² (all) = 0.3029, R² (last) = 0.3782
  Fy                  : R² (all) = 0.2927, R² (last) = 0.5237
  r                   : R² (all) = 0.7796, R² (last) = 0.9943
  inv_r               : R² (all) = 0.5464, R² (last) = 0.7916
  r_squared           : R² (all) = 0.7131, R² (last) = 0.9930
  inv_r_squared       : R² (all) = 0.2495, R² (last) = 0.4910
  inv_r_cubed         : R² (all) = 0.0888, R² (last) = 0.2810
  x                   : R² (all) = 0.9979, R² (last) = 0.9996
  y                   : R² (all) = 0.9981, R² (last) = 0.9996
Evaluating on 500 trajectories...
Conditioning length: 50, Generating 50 more steps per trajectory...

Error Statistics (aggregated across all 500 trajectories):
Mean position error: 0.268967 ± 0.251271
Max position error: 1.756483
R² scores:
  X coordinate: 0.786860 ± 0.463260
  Y coordinate: 0.781941 ± 0.457990
Evaluating on 500 trajectories...
Conditioning length: 50, Generating 50 more steps per trajectory...

Error Statistics (aggregated across all 500 trajectories):
Mean position error: 0.279275 ± 0.247661
Max position error: 1.403520
R² scores:
  X coordinate: 0.772664 ± 0.465939
  Y coordinate: 0.772428 ± 0.465329
Evaluation at step 4001 completed.

Step 4100, Total Train Loss: 0.004174, Prediction Loss: 0.004174, Test Loss: 0.001552, Attention Entropy: not tracked, Entropy Reg Loss: 0.000000, Entropy Reg Active: False, GPU Memory: 0.000 GB
Step 4200, Total Train Loss: 0.004129, Prediction Loss: 0.004129, Test Loss: 0.001650, Attention Entropy: not tracked, Entropy Reg Loss: 0.000000, Entropy Reg Active: False, GPU Memory: 0.000 GB
Step 4300, Total Train Loss: 0.004227, Prediction Loss: 0.004227, Test Loss: 0.001496, Attention Entropy: not tracked, Entropy Reg Loss: 0.000000, Entropy Reg Active: False, GPU Memory: 0.000 GB
Step 4400, Total Train Loss: 0.003727, Prediction Loss: 0.003727, Test Loss: 0.001269, Attention Entropy: not tracked, Entropy Reg Loss: 0.000000, Entropy Reg Active: False, GPU Memory: 0.000 GB
Step 4500, Total Train Loss: 0.003516, Prediction Loss: 0.003516, Test Loss: 0.001097, Attention Entropy: not tracked, Entropy Reg Loss: 0.000000, Entropy Reg Active: False, GPU Memory: 0.000 GB
Step 4600, Total Train Loss: 0.004430, Prediction Loss: 0.004430, Test Loss: 0.001299, Attention Entropy: not tracked, Entropy Reg Loss: 0.000000, Entropy Reg Active: False, GPU Memory: 0.000 GB
Step 4700, Total Train Loss: 0.003909, Prediction Loss: 0.003909, Test Loss: 0.002047, Attention Entropy: not tracked, Entropy Reg Loss: 0.000000, Entropy Reg Active: False, GPU Memory: 0.000 GB
Step 4800, Total Train Loss: 0.003486, Prediction Loss: 0.003486, Test Loss: 0.001364, Attention Entropy: not tracked, Entropy Reg Loss: 0.000000, Entropy Reg Active: False, GPU Memory: 0.000 GB
Step 4900, Total Train Loss: 0.004078, Prediction Loss: 0.004078, Test Loss: 0.001317, Attention Entropy: not tracked, Entropy Reg Loss: 0.000000, Entropy Reg Active: False, GPU Memory: 0.000 GB
Step 5000, Total Train Loss: 0.004030, Prediction Loss: 0.004030, Test Loss: 0.001722, Attention Entropy: not tracked, Entropy Reg Loss: 0.000000, Entropy Reg Active: False, GPU Memory: 0.000 GB

Evaluating at step 5001...
Activations collected:
  input_embed: torch.Size([1000, 99, 32])
  after_pos_emb: torch.Size([1000, 99, 32])
  block_0_attn_output: torch.Size([1000, 99, 32])
  block_0_after_attn_merge: torch.Size([1000, 99, 32])
  block_0_mlp_hidden: torch.Size([1000, 99, 128])
  block_0_mlp_output: torch.Size([1000, 99, 32])
  block_0_after_mlp_merge: torch.Size([1000, 99, 32])
  block_1_attn_output: torch.Size([1000, 99, 32])
  block_1_after_attn_merge: torch.Size([1000, 99, 32])
  block_1_mlp_hidden: torch.Size([1000, 99, 128])
  block_1_mlp_output: torch.Size([1000, 99, 32])
  block_1_after_mlp_merge: torch.Size([1000, 99, 32])
  after_ln_f: torch.Size([1000, 99, 32])

Linear Probe Results (R² scores):
================================================================================

input_embed:
  F_magnitude         : R² (all) = 0.0000, R² (last) = 0.0001
  F_direction_x       : R² (all) = 0.8295, R² (last) = 0.8305
  F_direction_y       : R² (all) = 0.8291, R² (last) = 0.8305
  Fx                  : R² (all) = 0.0513, R² (last) = 0.0820
  Fy                  : R² (all) = 0.0559, R² (last) = 0.0729
  r                   : R² (all) = 0.0001, R² (last) = 0.0001
  inv_r               : R² (all) = 0.0000, R² (last) = 0.0001
  r_squared           : R² (all) = 0.0002, R² (last) = 0.0004
  inv_r_squared       : R² (all) = 0.0000, R² (last) = 0.0001
  inv_r_cubed         : R² (all) = 0.0000, R² (last) = 0.0001
  x                   : R² (all) = 1.0000, R² (last) = 1.0000
  y                   : R² (all) = 1.0000, R² (last) = 1.0000

after_pos_emb:
  F_magnitude         : R² (all) = 0.0401, R² (last) = 0.0001
  F_direction_x       : R² (all) = 0.8296, R² (last) = 0.8305
  F_direction_y       : R² (all) = 0.8291, R² (last) = 0.8305
  Fx                  : R² (all) = 0.0517, R² (last) = 0.0820
  Fy                  : R² (all) = 0.0562, R² (last) = 0.0729
  r                   : R² (all) = 0.0714, R² (last) = 0.0001
  inv_r               : R² (all) = 0.0557, R² (last) = 0.0001
  r_squared           : R² (all) = 0.0785, R² (last) = 0.0003
  inv_r_squared       : R² (all) = 0.0401, R² (last) = 0.0001
  inv_r_cubed         : R² (all) = 0.0219, R² (last) = 0.0001
  x                   : R² (all) = 1.0000, R² (last) = 1.0000
  y                   : R² (all) = 1.0000, R² (last) = 1.0000

block_0_attn_output:
  F_magnitude         : R² (all) = 0.2125, R² (last) = -9.5353
  F_direction_x       : R² (all) = 0.7445, R² (last) = 0.1414
  F_direction_y       : R² (all) = 0.7335, R² (last) = -0.2491
  Fx                  : R² (all) = 0.0205, R² (last) = -4.6204
  Fy                  : R² (all) = 0.0230, R² (last) = 0.2560
  r                   : R² (all) = 0.8624, R² (last) = -2.3606
  inv_r               : R² (all) = 0.5552, R² (last) = -4.3078
  r_squared           : R² (all) = 0.7859, R² (last) = -4.0631
  inv_r_squared       : R² (all) = 0.2125, R² (last) = -9.5327
  inv_r_cubed         : R² (all) = 0.0568, R² (last) = -13.4385
  x                   : R² (all) = 0.8941, R² (last) = 0.4219
  y                   : R² (all) = 0.8890, R² (last) = 0.8377

block_0_after_attn_merge:
  F_magnitude         : R² (all) = 0.2684, R² (last) = 0.4865
  F_direction_x       : R² (all) = 0.9434, R² (last) = 0.9304
  F_direction_y       : R² (all) = 0.9433, R² (last) = -0.3903
  Fx                  : R² (all) = 0.1277, R² (last) = 0.3090
  Fy                  : R² (all) = 0.1358, R² (last) = -15.2287
  r                   : R² (all) = 0.8968, R² (last) = 0.9460
  inv_r               : R² (all) = 0.6525, R² (last) = 0.8372
  r_squared           : R² (all) = 0.7876, R² (last) = 0.9665
  inv_r_squared       : R² (all) = 0.2684, R² (last) = 0.4867
  inv_r_cubed         : R² (all) = 0.0757, R² (last) = -0.3994
  x                   : R² (all) = 0.9504, R² (last) = 0.8918
  y                   : R² (all) = 0.9501, R² (last) = 0.7331

block_0_mlp_hidden:
  F_magnitude         : R² (all) = 0.4930, R² (last) = 0.9404
  F_direction_x       : R² (all) = 0.9853, R² (last) = 0.9965
  F_direction_y       : R² (all) = 0.9841, R² (last) = 0.9969
  Fx                  : R² (all) = 0.3172, R² (last) = 0.7275
  Fy                  : R² (all) = 0.3282, R² (last) = 0.7802
  r                   : R² (all) = 0.9891, R² (last) = 0.9999
  inv_r               : R² (all) = 0.8561, R² (last) = 0.9861
  r_squared           : R² (all) = 0.9617, R² (last) = 0.9994
  inv_r_squared       : R² (all) = 0.4930, R² (last) = 0.9404
  inv_r_cubed         : R² (all) = 0.1935, R² (last) = 0.8718
  x                   : R² (all) = 0.9954, R² (last) = 0.9999
  y                   : R² (all) = 0.9951, R² (last) = 0.9999

block_0_mlp_output:
  F_magnitude         : R² (all) = 0.3208, R² (last) = 0.7728
  F_direction_x       : R² (all) = 0.9649, R² (last) = 0.9832
  F_direction_y       : R² (all) = 0.9620, R² (last) = 0.9830
  Fx                  : R² (all) = 0.1985, R² (last) = 0.4732
  Fy                  : R² (all) = 0.2193, R² (last) = 0.4625
  r                   : R² (all) = 0.9066, R² (last) = 0.9978
  inv_r               : R² (all) = 0.7120, R² (last) = 0.9282
  r_squared           : R² (all) = 0.7937, R² (last) = 0.9935
  inv_r_squared       : R² (all) = 0.3208, R² (last) = 0.7728
  inv_r_cubed         : R² (all) = 0.0983, R² (last) = 0.6040
  x                   : R² (all) = 0.9787, R² (last) = 0.9991
  y                   : R² (all) = 0.9795, R² (last) = 0.9991

block_0_after_mlp_merge:
  F_magnitude         : R² (all) = 0.2559, R² (last) = 0.7671
  F_direction_x       : R² (all) = 0.9624, R² (last) = 0.9834
  F_direction_y       : R² (all) = 0.9616, R² (last) = 0.9829
  Fx                  : R² (all) = 0.2169, R² (last) = 0.4907
  Fy                  : R² (all) = 0.2226, R² (last) = 0.4587
  r                   : R² (all) = 0.8649, R² (last) = 0.9978
  inv_r               : R² (all) = 0.6267, R² (last) = 0.9268
  r_squared           : R² (all) = 0.7976, R² (last) = 0.9943
  inv_r_squared       : R² (all) = 0.2559, R² (last) = 0.7671
  inv_r_cubed         : R² (all) = 0.0656, R² (last) = 0.5936
  x                   : R² (all) = 0.9990, R² (last) = 1.0000
  y                   : R² (all) = 0.9988, R² (last) = 1.0000

block_1_attn_output:
  F_magnitude         : R² (all) = 0.2397, R² (last) = 0.4608
  F_direction_x       : R² (all) = 0.9036, R² (last) = 0.9308
  F_direction_y       : R² (all) = 0.9070, R² (last) = 0.9396
  Fx                  : R² (all) = 0.1567, R² (last) = 0.2951
  Fy                  : R² (all) = 0.1627, R² (last) = 0.2123
  r                   : R² (all) = 0.7594, R² (last) = 0.9515
  inv_r               : R² (all) = 0.5409, R² (last) = 0.7382
  r_squared           : R² (all) = 0.7116, R² (last) = 0.9469
  inv_r_squared       : R² (all) = 0.2397, R² (last) = 0.4609
  inv_r_cubed         : R² (all) = 0.0795, R² (last) = 0.2648
  x                   : R² (all) = 0.9411, R² (last) = 0.9879
  y                   : R² (all) = 0.9314, R² (last) = 0.9898

block_1_after_attn_merge:
  F_magnitude         : R² (all) = 0.2428, R² (last) = 0.6666
  F_direction_x       : R² (all) = 0.9633, R² (last) = 0.9808
  F_direction_y       : R² (all) = 0.9638, R² (last) = 0.9835
  Fx                  : R² (all) = 0.2627, R² (last) = 0.4835
  Fy                  : R² (all) = 0.2749, R² (last) = 0.4935
  r                   : R² (all) = 0.8397, R² (last) = 0.9938
  inv_r               : R² (all) = 0.5947, R² (last) = 0.8777
  r_squared           : R² (all) = 0.7749, R² (last) = 0.9832
  inv_r_squared       : R² (all) = 0.2428, R² (last) = 0.6666
  inv_r_cubed         : R² (all) = 0.0702, R² (last) = 0.4701
  x                   : R² (all) = 0.9900, R² (last) = 0.9991
  y                   : R² (all) = 0.9906, R² (last) = 0.9994

block_1_mlp_hidden:
  F_magnitude         : R² (all) = 0.5406, R² (last) = 0.9428
  F_direction_x       : R² (all) = 0.9848, R² (last) = 0.9968
  F_direction_y       : R² (all) = 0.9852, R² (last) = 0.9967
  Fx                  : R² (all) = 0.3871, R² (last) = 0.7605
  Fy                  : R² (all) = 0.4155, R² (last) = 0.7950
  r                   : R² (all) = 0.9881, R² (last) = 0.9998
  inv_r               : R² (all) = 0.8561, R² (last) = 0.9870
  r_squared           : R² (all) = 0.9835, R² (last) = 0.9999
  inv_r_squared       : R² (all) = 0.5406, R² (last) = 0.9428
  inv_r_cubed         : R² (all) = 0.2620, R² (last) = 0.8706
  x                   : R² (all) = 0.9973, R² (last) = 1.0000
  y                   : R² (all) = 0.9972, R² (last) = 1.0000

block_1_mlp_output:
  F_magnitude         : R² (all) = 0.3185, R² (last) = 0.6487
  F_direction_x       : R² (all) = 0.9645, R² (last) = 0.9826
  F_direction_y       : R² (all) = 0.9678, R² (last) = 0.9785
  Fx                  : R² (all) = 0.2691, R² (last) = 0.5138
  Fy                  : R² (all) = 0.2829, R² (last) = 0.4897
  r                   : R² (all) = 0.9000, R² (last) = 0.9818
  inv_r               : R² (all) = 0.6998, R² (last) = 0.8637
  r_squared           : R² (all) = 0.8047, R² (last) = 0.9572
  inv_r_squared       : R² (all) = 0.3185, R² (last) = 0.6487
  inv_r_cubed         : R² (all) = 0.1017, R² (last) = 0.4582
  x                   : R² (all) = 0.9911, R² (last) = 0.9976
  y                   : R² (all) = 0.9892, R² (last) = 0.9984

block_1_after_mlp_merge:
  F_magnitude         : R² (all) = 0.2349, R² (last) = 0.6037
  F_direction_x       : R² (all) = 0.9604, R² (last) = 0.9879
  F_direction_y       : R² (all) = 0.9563, R² (last) = 0.9878
  Fx                  : R² (all) = 0.2647, R² (last) = 0.5225
  Fy                  : R² (all) = 0.2625, R² (last) = 0.5539
  r                   : R² (all) = 0.8323, R² (last) = 0.9906
  inv_r               : R² (all) = 0.5867, R² (last) = 0.8437
  r_squared           : R² (all) = 0.7706, R² (last) = 0.9737
  inv_r_squared       : R² (all) = 0.2349, R² (last) = 0.6037
  inv_r_cubed         : R² (all) = 0.0627, R² (last) = 0.4074
  x                   : R² (all) = 0.9937, R² (last) = 0.9998
  y                   : R² (all) = 0.9941, R² (last) = 0.9997

after_ln_f:
  F_magnitude         : R² (all) = 0.2206, R² (last) = 0.5591
  F_direction_x       : R² (all) = 0.9567, R² (last) = 0.9830
  F_direction_y       : R² (all) = 0.9525, R² (last) = 0.9848
  Fx                  : R² (all) = 0.2495, R² (last) = 0.4880
  Fy                  : R² (all) = 0.2376, R² (last) = 0.5232
  r                   : R² (all) = 0.8050, R² (last) = 0.9944
  inv_r               : R² (all) = 0.5474, R² (last) = 0.8148
  r_squared           : R² (all) = 0.7427, R² (last) = 0.9935
  inv_r_squared       : R² (all) = 0.2206, R² (last) = 0.5591
  inv_r_cubed         : R² (all) = 0.0687, R² (last) = 0.3621
  x                   : R² (all) = 0.9981, R² (last) = 0.9996
  y                   : R² (all) = 0.9982, R² (last) = 0.9996
Evaluating on 500 trajectories...
Conditioning length: 50, Generating 50 more steps per trajectory...

Error Statistics (aggregated across all 500 trajectories):
Mean position error: 0.402935 ± 0.338900
Max position error: 1.782637
R² scores:
  X coordinate: 0.593703 ± 0.483907
  Y coordinate: 0.611507 ± 0.482430
Evaluating on 500 trajectories...
Conditioning length: 50, Generating 50 more steps per trajectory...

Error Statistics (aggregated across all 500 trajectories):
Mean position error: 0.413205 ± 0.342694
Max position error: 1.862782
R² scores:
  X coordinate: 0.594622 ± 0.503555
  Y coordinate: 0.611862 ± 0.497480
Evaluation at step 5001 completed.

Step 5100, Total Train Loss: 0.004147, Prediction Loss: 0.004147, Test Loss: 0.001157, Attention Entropy: not tracked, Entropy Reg Loss: 0.000000, Entropy Reg Active: False, GPU Memory: 0.000 GB
Step 5200, Total Train Loss: 0.003438, Prediction Loss: 0.003438, Test Loss: 0.000957, Attention Entropy: not tracked, Entropy Reg Loss: 0.000000, Entropy Reg Active: False, GPU Memory: 0.000 GB
Step 5300, Total Train Loss: 0.003239, Prediction Loss: 0.003239, Test Loss: 0.001530, Attention Entropy: not tracked, Entropy Reg Loss: 0.000000, Entropy Reg Active: False, GPU Memory: 0.000 GB
Step 5400, Total Train Loss: 0.004415, Prediction Loss: 0.004415, Test Loss: 0.001399, Attention Entropy: not tracked, Entropy Reg Loss: 0.000000, Entropy Reg Active: False, GPU Memory: 0.000 GB
Step 5500, Total Train Loss: 0.003713, Prediction Loss: 0.003713, Test Loss: 0.000784, Attention Entropy: not tracked, Entropy Reg Loss: 0.000000, Entropy Reg Active: False, GPU Memory: 0.000 GB
Step 5600, Total Train Loss: 0.004142, Prediction Loss: 0.004142, Test Loss: 0.000983, Attention Entropy: not tracked, Entropy Reg Loss: 0.000000, Entropy Reg Active: False, GPU Memory: 0.000 GB
Step 5700, Total Train Loss: 0.003651, Prediction Loss: 0.003651, Test Loss: 0.000987, Attention Entropy: not tracked, Entropy Reg Loss: 0.000000, Entropy Reg Active: False, GPU Memory: 0.000 GB
Step 5800, Total Train Loss: 0.004061, Prediction Loss: 0.004061, Test Loss: 0.001218, Attention Entropy: not tracked, Entropy Reg Loss: 0.000000, Entropy Reg Active: False, GPU Memory: 0.000 GB
Step 5900, Total Train Loss: 0.003656, Prediction Loss: 0.003656, Test Loss: 0.000948, Attention Entropy: not tracked, Entropy Reg Loss: 0.000000, Entropy Reg Active: False, GPU Memory: 0.000 GB
Step 6000, Total Train Loss: 0.003192, Prediction Loss: 0.003192, Test Loss: 0.001331, Attention Entropy: not tracked, Entropy Reg Loss: 0.000000, Entropy Reg Active: False, GPU Memory: 0.000 GB

Evaluating at step 6001...
Activations collected:
  input_embed: torch.Size([1000, 99, 32])
  after_pos_emb: torch.Size([1000, 99, 32])
  block_0_attn_output: torch.Size([1000, 99, 32])
  block_0_after_attn_merge: torch.Size([1000, 99, 32])
  block_0_mlp_hidden: torch.Size([1000, 99, 128])
  block_0_mlp_output: torch.Size([1000, 99, 32])
  block_0_after_mlp_merge: torch.Size([1000, 99, 32])
  block_1_attn_output: torch.Size([1000, 99, 32])
  block_1_after_attn_merge: torch.Size([1000, 99, 32])
  block_1_mlp_hidden: torch.Size([1000, 99, 128])
  block_1_mlp_output: torch.Size([1000, 99, 32])
  block_1_after_mlp_merge: torch.Size([1000, 99, 32])
  after_ln_f: torch.Size([1000, 99, 32])

Linear Probe Results (R² scores):
================================================================================

input_embed:
  F_magnitude         : R² (all) = 0.0000, R² (last) = 0.0004
  F_direction_x       : R² (all) = 0.8270, R² (last) = 0.8191
  F_direction_y       : R² (all) = 0.8291, R² (last) = 0.8363
  Fx                  : R² (all) = 0.0697, R² (last) = 0.0985
  Fy                  : R² (all) = 0.0700, R² (last) = 0.0929
  r                   : R² (all) = 0.0003, R² (last) = 0.0005
  inv_r               : R² (all) = 0.0001, R² (last) = 0.0004
  r_squared           : R² (all) = 0.0004, R² (last) = 0.0004
  inv_r_squared       : R² (all) = 0.0000, R² (last) = 0.0004
  inv_r_cubed         : R² (all) = 0.0000, R² (last) = 0.0002
  x                   : R² (all) = 1.0000, R² (last) = 1.0000
  y                   : R² (all) = 1.0000, R² (last) = 1.0000

after_pos_emb:
  F_magnitude         : R² (all) = 0.0450, R² (last) = 0.0004
  F_direction_x       : R² (all) = 0.8270, R² (last) = 0.8191
  F_direction_y       : R² (all) = 0.8291, R² (last) = 0.8363
  Fx                  : R² (all) = 0.0699, R² (last) = 0.0984
  Fy                  : R² (all) = 0.0702, R² (last) = 0.0929
  r                   : R² (all) = 0.0729, R² (last) = 0.0004
  inv_r               : R² (all) = 0.0539, R² (last) = 0.0005
  r_squared           : R² (all) = 0.0815, R² (last) = 0.0004
  inv_r_squared       : R² (all) = 0.0450, R² (last) = 0.0004
  inv_r_cubed         : R² (all) = 0.0322, R² (last) = 0.0002
  x                   : R² (all) = 1.0000, R² (last) = 1.0000
  y                   : R² (all) = 1.0000, R² (last) = 1.0000

block_0_attn_output:
  F_magnitude         : R² (all) = 0.2947, R² (last) = 0.7037
  F_direction_x       : R² (all) = 0.7363, R² (last) = 0.1620
  F_direction_y       : R² (all) = 0.7333, R² (last) = 0.8208
  Fx                  : R² (all) = 0.0420, R² (last) = -0.4416
  Fy                  : R² (all) = 0.0415, R² (last) = 0.0223
  r                   : R² (all) = 0.8628, R² (last) = 0.8615
  inv_r               : R² (all) = 0.5932, R² (last) = 0.8523
  r_squared           : R² (all) = 0.7848, R² (last) = 0.7958
  inv_r_squared       : R² (all) = 0.2947, R² (last) = 0.7026
  inv_r_cubed         : R² (all) = 0.1100, R² (last) = 0.5020
  x                   : R² (all) = 0.8898, R² (last) = 0.7895
  y                   : R² (all) = 0.8894, R² (last) = 0.9272

block_0_after_attn_merge:
  F_magnitude         : R² (all) = 0.3681, R² (last) = 0.6978
  F_direction_x       : R² (all) = 0.9424, R² (last) = 0.9099
  F_direction_y       : R² (all) = 0.9425, R² (last) = 0.9396
  Fx                  : R² (all) = 0.1728, R² (last) = 0.2592
  Fy                  : R² (all) = 0.1741, R² (last) = 0.3293
  r                   : R² (all) = 0.9013, R² (last) = 0.9847
  inv_r               : R² (all) = 0.6963, R² (last) = 0.8733
  r_squared           : R² (all) = 0.7935, R² (last) = 0.9697
  inv_r_squared       : R² (all) = 0.3681, R² (last) = 0.6978
  inv_r_cubed         : R² (all) = 0.1431, R² (last) = 0.5022
  x                   : R² (all) = 0.9503, R² (last) = 0.9203
  y                   : R² (all) = 0.9506, R² (last) = 0.9517

block_0_mlp_hidden:
  F_magnitude         : R² (all) = 0.6341, R² (last) = 0.9518
  F_direction_x       : R² (all) = 0.9859, R² (last) = 0.9972
  F_direction_y       : R² (all) = 0.9848, R² (last) = 0.9980
  Fx                  : R² (all) = 0.4374, R² (last) = 0.7237
  Fy                  : R² (all) = 0.4291, R² (last) = 0.7776
  r                   : R² (all) = 0.9884, R² (last) = 0.9999
  inv_r               : R² (all) = 0.8936, R² (last) = 0.9887
  r_squared           : R² (all) = 0.9610, R² (last) = 0.9996
  inv_r_squared       : R² (all) = 0.6341, R² (last) = 0.9517
  inv_r_cubed         : R² (all) = 0.3375, R² (last) = 0.8820
  x                   : R² (all) = 0.9953, R² (last) = 0.9999
  y                   : R² (all) = 0.9953, R² (last) = 1.0000

block_0_mlp_output:
  F_magnitude         : R² (all) = 0.4277, R² (last) = 0.8316
  F_direction_x       : R² (all) = 0.9649, R² (last) = 0.9852
  F_direction_y       : R² (all) = 0.9636, R² (last) = 0.9840
  Fx                  : R² (all) = 0.2731, R² (last) = 0.5729
  Fy                  : R² (all) = 0.2921, R² (last) = 0.5582
  r                   : R² (all) = 0.9164, R² (last) = 0.9972
  inv_r               : R² (all) = 0.7511, R² (last) = 0.9475
  r_squared           : R² (all) = 0.8130, R² (last) = 0.9930
  inv_r_squared       : R² (all) = 0.4277, R² (last) = 0.8316
  inv_r_cubed         : R² (all) = 0.1796, R² (last) = 0.6665
  x                   : R² (all) = 0.9774, R² (last) = 0.9992
  y                   : R² (all) = 0.9798, R² (last) = 0.9988

block_0_after_mlp_merge:
  F_magnitude         : R² (all) = 0.3579, R² (last) = 0.8242
  F_direction_x       : R² (all) = 0.9627, R² (last) = 0.9837
  F_direction_y       : R² (all) = 0.9625, R² (last) = 0.9844
  Fx                  : R² (all) = 0.2969, R² (last) = 0.5614
  Fy                  : R² (all) = 0.2900, R² (last) = 0.5652
  r                   : R² (all) = 0.8779, R² (last) = 0.9981
  inv_r               : R² (all) = 0.6720, R² (last) = 0.9469
  r_squared           : R² (all) = 0.8136, R² (last) = 0.9947
  inv_r_squared       : R² (all) = 0.3579, R² (last) = 0.8242
  inv_r_cubed         : R² (all) = 0.1334, R² (last) = 0.6478
  x                   : R² (all) = 0.9993, R² (last) = 1.0000
  y                   : R² (all) = 0.9990, R² (last) = 1.0000

block_1_attn_output:
  F_magnitude         : R² (all) = 0.2783, R² (last) = 0.6414
  F_direction_x       : R² (all) = 0.8949, R² (last) = 0.8904
  F_direction_y       : R² (all) = 0.9069, R² (last) = 0.9154
  Fx                  : R² (all) = 0.2058, R² (last) = 0.3357
  Fy                  : R² (all) = 0.2078, R² (last) = 0.1727
  r                   : R² (all) = 0.6666, R² (last) = 0.9796
  inv_r               : R² (all) = 0.5069, R² (last) = 0.8468
  r_squared           : R² (all) = 0.6183, R² (last) = 0.9722
  inv_r_squared       : R² (all) = 0.2781, R² (last) = 0.6412
  inv_r_cubed         : R² (all) = 0.1191, R² (last) = 0.4273
  x                   : R² (all) = 0.9374, R² (last) = 0.9906
  y                   : R² (all) = 0.9336, R² (last) = 0.9888

block_1_after_attn_merge:
  F_magnitude         : R² (all) = 0.3493, R² (last) = 0.7883
  F_direction_x       : R² (all) = 0.9674, R² (last) = 0.9844
  F_direction_y       : R² (all) = 0.9685, R² (last) = 0.9866
  Fx                  : R² (all) = 0.3756, R² (last) = 0.6066
  Fy                  : R² (all) = 0.3771, R² (last) = 0.6270
  r                   : R² (all) = 0.8558, R² (last) = 0.9930
  inv_r               : R² (all) = 0.6532, R² (last) = 0.9261
  r_squared           : R² (all) = 0.7918, R² (last) = 0.9824
  inv_r_squared       : R² (all) = 0.3493, R² (last) = 0.7883
  inv_r_cubed         : R² (all) = 0.1375, R² (last) = 0.6089
  x                   : R² (all) = 0.9896, R² (last) = 0.9992
  y                   : R² (all) = 0.9908, R² (last) = 0.9993

block_1_mlp_hidden:
  F_magnitude         : R² (all) = 0.6810, R² (last) = 0.9678
  F_direction_x       : R² (all) = 0.9859, R² (last) = 0.9976
  F_direction_y       : R² (all) = 0.9865, R² (last) = 0.9978
  Fx                  : R² (all) = 0.5318, R² (last) = 0.8429
  Fy                  : R² (all) = 0.5478, R² (last) = 0.8628
  r                   : R² (all) = 0.9886, R² (last) = 0.9999
  inv_r               : R² (all) = 0.8996, R² (last) = 0.9924
  r_squared           : R² (all) = 0.9832, R² (last) = 0.9999
  inv_r_squared       : R² (all) = 0.6810, R² (last) = 0.9678
  inv_r_cubed         : R² (all) = 0.4133, R² (last) = 0.9161
  x                   : R² (all) = 0.9971, R² (last) = 1.0000
  y                   : R² (all) = 0.9975, R² (last) = 1.0000

block_1_mlp_output:
  F_magnitude         : R² (all) = 0.4298, R² (last) = 0.7250
  F_direction_x       : R² (all) = 0.9679, R² (last) = 0.9806
  F_direction_y       : R² (all) = 0.9691, R² (last) = 0.9816
  Fx                  : R² (all) = 0.3853, R² (last) = 0.6249
  Fy                  : R² (all) = 0.3795, R² (last) = 0.5975
  r                   : R² (all) = 0.8983, R² (last) = 0.9842
  inv_r               : R² (all) = 0.7514, R² (last) = 0.8981
  r_squared           : R² (all) = 0.7976, R² (last) = 0.9591
  inv_r_squared       : R² (all) = 0.4298, R² (last) = 0.7250
  inv_r_cubed         : R² (all) = 0.1804, R² (last) = 0.5273
  x                   : R² (all) = 0.9906, R² (last) = 0.9975
  y                   : R² (all) = 0.9895, R² (last) = 0.9978

block_1_after_mlp_merge:
  F_magnitude         : R² (all) = 0.3374, R² (last) = 0.7021
  F_direction_x       : R² (all) = 0.9631, R² (last) = 0.9881
  F_direction_y       : R² (all) = 0.9580, R² (last) = 0.9896
  Fx                  : R² (all) = 0.3662, R² (last) = 0.6408
  Fy                  : R² (all) = 0.3521, R² (last) = 0.6528
  r                   : R² (all) = 0.8402, R² (last) = 0.9902
  inv_r               : R² (all) = 0.6362, R² (last) = 0.8852
  r_squared           : R² (all) = 0.7845, R² (last) = 0.9787
  inv_r_squared       : R² (all) = 0.3374, R² (last) = 0.7021
  inv_r_cubed         : R² (all) = 0.1282, R² (last) = 0.4973
  x                   : R² (all) = 0.9942, R² (last) = 0.9998
  y                   : R² (all) = 0.9946, R² (last) = 0.9997

after_ln_f:
  F_magnitude         : R² (all) = 0.3124, R² (last) = 0.6489
  F_direction_x       : R² (all) = 0.9564, R² (last) = 0.9828
  F_direction_y       : R² (all) = 0.9510, R² (last) = 0.9861
  Fx                  : R² (all) = 0.3401, R² (last) = 0.5958
  Fy                  : R² (all) = 0.3159, R² (last) = 0.6208
  r                   : R² (all) = 0.7992, R² (last) = 0.9941
  inv_r               : R² (all) = 0.5960, R² (last) = 0.8534
  r_squared           : R² (all) = 0.7316, R² (last) = 0.9950
  inv_r_squared       : R² (all) = 0.3124, R² (last) = 0.6489
  inv_r_cubed         : R² (all) = 0.1265, R² (last) = 0.4368
  x                   : R² (all) = 0.9980, R² (last) = 0.9995
  y                   : R² (all) = 0.9981, R² (last) = 0.9996
Evaluating on 500 trajectories...
Conditioning length: 50, Generating 50 more steps per trajectory...

Error Statistics (aggregated across all 500 trajectories):
Mean position error: 0.256015 ± 0.250277
Max position error: 1.778072
R² scores:
  X coordinate: 0.814557 ± 0.485556
  Y coordinate: 0.804774 ± 0.484521
Evaluating on 500 trajectories...
Conditioning length: 50, Generating 50 more steps per trajectory...

Error Statistics (aggregated across all 500 trajectories):
Mean position error: 0.248082 ± 0.250624
Max position error: 1.604940
R² scores:
  X coordinate: 0.795831 ± 0.515213
  Y coordinate: 0.780525 ± 0.531480
Evaluation at step 6001 completed.

Step 6100, Total Train Loss: 0.003585, Prediction Loss: 0.003585, Test Loss: 0.000961, Attention Entropy: not tracked, Entropy Reg Loss: 0.000000, Entropy Reg Active: False, GPU Memory: 0.000 GB
Step 6200, Total Train Loss: 0.003469, Prediction Loss: 0.003469, Test Loss: 0.001248, Attention Entropy: not tracked, Entropy Reg Loss: 0.000000, Entropy Reg Active: False, GPU Memory: 0.000 GB
Step 6300, Total Train Loss: 0.003734, Prediction Loss: 0.003734, Test Loss: 0.001536, Attention Entropy: not tracked, Entropy Reg Loss: 0.000000, Entropy Reg Active: False, GPU Memory: 0.000 GB
Step 6400, Total Train Loss: 0.003721, Prediction Loss: 0.003721, Test Loss: 0.000904, Attention Entropy: not tracked, Entropy Reg Loss: 0.000000, Entropy Reg Active: False, GPU Memory: 0.000 GB
Step 6500, Total Train Loss: 0.003511, Prediction Loss: 0.003511, Test Loss: 0.001066, Attention Entropy: not tracked, Entropy Reg Loss: 0.000000, Entropy Reg Active: False, GPU Memory: 0.000 GB
Step 6600, Total Train Loss: 0.003288, Prediction Loss: 0.003288, Test Loss: 0.001338, Attention Entropy: not tracked, Entropy Reg Loss: 0.000000, Entropy Reg Active: False, GPU Memory: 0.000 GB
Step 6700, Total Train Loss: 0.003832, Prediction Loss: 0.003832, Test Loss: 0.001507, Attention Entropy: not tracked, Entropy Reg Loss: 0.000000, Entropy Reg Active: False, GPU Memory: 0.000 GB
Step 6800, Total Train Loss: 0.003675, Prediction Loss: 0.003675, Test Loss: 0.000749, Attention Entropy: not tracked, Entropy Reg Loss: 0.000000, Entropy Reg Active: False, GPU Memory: 0.000 GB
Step 6900, Total Train Loss: 0.004257, Prediction Loss: 0.004257, Test Loss: 0.001837, Attention Entropy: not tracked, Entropy Reg Loss: 0.000000, Entropy Reg Active: False, GPU Memory: 0.000 GB
Step 7000, Total Train Loss: 0.003236, Prediction Loss: 0.003236, Test Loss: 0.000834, Attention Entropy: not tracked, Entropy Reg Loss: 0.000000, Entropy Reg Active: False, GPU Memory: 0.000 GB

Evaluating at step 7001...
Activations collected:
  input_embed: torch.Size([1000, 99, 32])
  after_pos_emb: torch.Size([1000, 99, 32])
  block_0_attn_output: torch.Size([1000, 99, 32])
  block_0_after_attn_merge: torch.Size([1000, 99, 32])
  block_0_mlp_hidden: torch.Size([1000, 99, 128])
  block_0_mlp_output: torch.Size([1000, 99, 32])
  block_0_after_mlp_merge: torch.Size([1000, 99, 32])
  block_1_attn_output: torch.Size([1000, 99, 32])
  block_1_after_attn_merge: torch.Size([1000, 99, 32])
  block_1_mlp_hidden: torch.Size([1000, 99, 128])
  block_1_mlp_output: torch.Size([1000, 99, 32])
  block_1_after_mlp_merge: torch.Size([1000, 99, 32])
  after_ln_f: torch.Size([1000, 99, 32])

Linear Probe Results (R² scores):
================================================================================

input_embed:
  F_magnitude         : R² (all) = 0.0000, R² (last) = 0.0003
  F_direction_x       : R² (all) = 0.8210, R² (last) = 0.8232
  F_direction_y       : R² (all) = 0.8207, R² (last) = 0.8317
  Fx                  : R² (all) = 0.0653, R² (last) = 0.0533
  Fy                  : R² (all) = 0.0687, R² (last) = 0.0511
  r                   : R² (all) = 0.0000, R² (last) = 0.0011
  inv_r               : R² (all) = 0.0000, R² (last) = 0.0005
  r_squared           : R² (all) = 0.0000, R² (last) = 0.0014
  inv_r_squared       : R² (all) = 0.0000, R² (last) = 0.0003
  inv_r_cubed         : R² (all) = 0.0000, R² (last) = 0.0002
  x                   : R² (all) = 1.0000, R² (last) = 1.0000
  y                   : R² (all) = 1.0000, R² (last) = 1.0000

after_pos_emb:
  F_magnitude         : R² (all) = 0.0444, R² (last) = 0.0003
  F_direction_x       : R² (all) = 0.8211, R² (last) = 0.8232
  F_direction_y       : R² (all) = 0.8208, R² (last) = 0.8317
  Fx                  : R² (all) = 0.0658, R² (last) = 0.0533
  Fy                  : R² (all) = 0.0693, R² (last) = 0.0511
  r                   : R² (all) = 0.0701, R² (last) = 0.0012
  inv_r               : R² (all) = 0.0536, R² (last) = 0.0005
  r_squared           : R² (all) = 0.0787, R² (last) = 0.0015
  inv_r_squared       : R² (all) = 0.0444, R² (last) = 0.0004
  inv_r_cubed         : R² (all) = 0.0313, R² (last) = 0.0002
  x                   : R² (all) = 1.0000, R² (last) = 1.0000
  y                   : R² (all) = 1.0000, R² (last) = 1.0000

block_0_attn_output:
  F_magnitude         : R² (all) = 0.2612, R² (last) = -0.1505
  F_direction_x       : R² (all) = 0.7183, R² (last) = 0.0313
  F_direction_y       : R² (all) = 0.7210, R² (last) = 0.8446
  Fx                  : R² (all) = 0.0383, R² (last) = -1.3309
  Fy                  : R² (all) = 0.0408, R² (last) = -0.1962
  r                   : R² (all) = 0.8627, R² (last) = 0.9660
  inv_r               : R² (all) = 0.5737, R² (last) = 0.6583
  r_squared           : R² (all) = 0.7867, R² (last) = 0.9178
  inv_r_squared       : R² (all) = 0.2612, R² (last) = -0.1495
  inv_r_cubed         : R² (all) = 0.0908, R² (last) = -0.6998
  x                   : R² (all) = 0.8796, R² (last) = 0.8026
  y                   : R² (all) = 0.8831, R² (last) = 0.9340

block_0_after_attn_merge:
  F_magnitude         : R² (all) = 0.3282, R² (last) = -1.9635
  F_direction_x       : R² (all) = 0.9417, R² (last) = 0.4361
  F_direction_y       : R² (all) = 0.9423, R² (last) = 0.6926
  Fx                  : R² (all) = 0.1601, R² (last) = -3.3560
  Fy                  : R² (all) = 0.1692, R² (last) = -2.0849
  r                   : R² (all) = 0.9052, R² (last) = 0.8819
  inv_r               : R² (all) = 0.6751, R² (last) = 0.1975
  r_squared           : R² (all) = 0.8017, R² (last) = 0.6629
  inv_r_squared       : R² (all) = 0.3282, R² (last) = -1.9594
  inv_r_cubed         : R² (all) = 0.1195, R² (last) = -3.5493
  x                   : R² (all) = 0.9461, R² (last) = 0.7292
  y                   : R² (all) = 0.9456, R² (last) = 0.8062

block_0_mlp_hidden:
  F_magnitude         : R² (all) = 0.6042, R² (last) = 0.8870
  F_direction_x       : R² (all) = 0.9853, R² (last) = 0.9976
  F_direction_y       : R² (all) = 0.9847, R² (last) = 0.9980
  Fx                  : R² (all) = 0.3949, R² (last) = 0.7461
  Fy                  : R² (all) = 0.4086, R² (last) = 0.8023
  r                   : R² (all) = 0.9889, R² (last) = 0.9999
  inv_r               : R² (all) = 0.8861, R² (last) = 0.9746
  r_squared           : R² (all) = 0.9627, R² (last) = 0.9987
  inv_r_squared       : R² (all) = 0.6042, R² (last) = 0.8871
  inv_r_cubed         : R² (all) = 0.3095, R² (last) = 0.7844
  x                   : R² (all) = 0.9947, R² (last) = 0.9999
  y                   : R² (all) = 0.9953, R² (last) = 0.9999

block_0_mlp_output:
  F_magnitude         : R² (all) = 0.3927, R² (last) = 0.6605
  F_direction_x       : R² (all) = 0.9660, R² (last) = 0.9849
  F_direction_y       : R² (all) = 0.9662, R² (last) = 0.9856
  Fx                  : R² (all) = 0.2530, R² (last) = 0.4045
  Fy                  : R² (all) = 0.2827, R² (last) = 0.4419
  r                   : R² (all) = 0.9208, R² (last) = 0.9978
  inv_r               : R² (all) = 0.7328, R² (last) = 0.9004
  r_squared           : R² (all) = 0.8268, R² (last) = 0.9950
  inv_r_squared       : R² (all) = 0.3927, R² (last) = 0.6605
  inv_r_cubed         : R² (all) = 0.1571, R² (last) = 0.4526
  x                   : R² (all) = 0.9730, R² (last) = 0.9992
  y                   : R² (all) = 0.9786, R² (last) = 0.9990

block_0_after_mlp_merge:
  F_magnitude         : R² (all) = 0.3125, R² (last) = 0.6297
  F_direction_x       : R² (all) = 0.9628, R² (last) = 0.9840
  F_direction_y       : R² (all) = 0.9649, R² (last) = 0.9860
  Fx                  : R² (all) = 0.2674, R² (last) = 0.4057
  Fy                  : R² (all) = 0.2791, R² (last) = 0.4478
  r                   : R² (all) = 0.8856, R² (last) = 0.9980
  inv_r               : R² (all) = 0.6490, R² (last) = 0.8903
  r_squared           : R² (all) = 0.8228, R² (last) = 0.9944
  inv_r_squared       : R² (all) = 0.3125, R² (last) = 0.6297
  inv_r_cubed         : R² (all) = 0.1063, R² (last) = 0.4116
  x                   : R² (all) = 0.9994, R² (last) = 1.0000
  y                   : R² (all) = 0.9994, R² (last) = 1.0000

block_1_attn_output:
  F_magnitude         : R² (all) = 0.3090, R² (last) = 0.4253
  F_direction_x       : R² (all) = 0.8963, R² (last) = 0.9289
  F_direction_y       : R² (all) = 0.9039, R² (last) = 0.9366
  Fx                  : R² (all) = 0.1900, R² (last) = 0.1940
  Fy                  : R² (all) = 0.2040, R² (last) = 0.2169
  r                   : R² (all) = 0.7662, R² (last) = 0.9830
  inv_r               : R² (all) = 0.5731, R² (last) = 0.7643
  r_squared           : R² (all) = 0.7261, R² (last) = 0.9757
  inv_r_squared       : R² (all) = 0.3090, R² (last) = 0.4252
  inv_r_cubed         : R² (all) = 0.1349, R² (last) = 0.2187
  x                   : R² (all) = 0.9322, R² (last) = 0.9907
  y                   : R² (all) = 0.9319, R² (last) = 0.9887

block_1_after_attn_merge:
  F_magnitude         : R² (all) = 0.3085, R² (last) = 0.5812
  F_direction_x       : R² (all) = 0.9692, R² (last) = 0.9865
  F_direction_y       : R² (all) = 0.9714, R² (last) = 0.9900
  Fx                  : R² (all) = 0.3427, R² (last) = 0.4845
  Fy                  : R² (all) = 0.3644, R² (last) = 0.4886
  r                   : R² (all) = 0.8654, R² (last) = 0.9927
  inv_r               : R² (all) = 0.6353, R² (last) = 0.8575
  r_squared           : R² (all) = 0.8039, R² (last) = 0.9835
  inv_r_squared       : R² (all) = 0.3085, R² (last) = 0.5812
  inv_r_cubed         : R² (all) = 0.1131, R² (last) = 0.3649
  x                   : R² (all) = 0.9894, R² (last) = 0.9993
  y                   : R² (all) = 0.9913, R² (last) = 0.9994

block_1_mlp_hidden:
  F_magnitude         : R² (all) = 0.6660, R² (last) = 0.9076
  F_direction_x       : R² (all) = 0.9851, R² (last) = 0.9982
  F_direction_y       : R² (all) = 0.9873, R² (last) = 0.9983
  Fx                  : R² (all) = 0.4925, R² (last) = 0.8069
  Fy                  : R² (all) = 0.5290, R² (last) = 0.8227
  r                   : R² (all) = 0.9870, R² (last) = 0.9998
  inv_r               : R² (all) = 0.8964, R² (last) = 0.9807
  r_squared           : R² (all) = 0.9804, R² (last) = 0.9999
  inv_r_squared       : R² (all) = 0.6660, R² (last) = 0.9076
  inv_r_cubed         : R² (all) = 0.4035, R² (last) = 0.8141
  x                   : R² (all) = 0.9970, R² (last) = 1.0000
  y                   : R² (all) = 0.9979, R² (last) = 1.0000

block_1_mlp_output:
  F_magnitude         : R² (all) = 0.3857, R² (last) = 0.4859
  F_direction_x       : R² (all) = 0.9683, R² (last) = 0.9802
  F_direction_y       : R² (all) = 0.9687, R² (last) = 0.9858
  Fx                  : R² (all) = 0.3559, R² (last) = 0.4690
  Fy                  : R² (all) = 0.3707, R² (last) = 0.5075
  r                   : R² (all) = 0.8938, R² (last) = 0.9829
  inv_r               : R² (all) = 0.7261, R² (last) = 0.8082
  r_squared           : R² (all) = 0.8045, R² (last) = 0.9606
  inv_r_squared       : R² (all) = 0.3857, R² (last) = 0.4859
  inv_r_cubed         : R² (all) = 0.1500, R² (last) = 0.2728
  x                   : R² (all) = 0.9900, R² (last) = 0.9976
  y                   : R² (all) = 0.9891, R² (last) = 0.9979

block_1_after_mlp_merge:
  F_magnitude         : R² (all) = 0.2964, R² (last) = 0.4483
  F_direction_x       : R² (all) = 0.9647, R² (last) = 0.9879
  F_direction_y       : R² (all) = 0.9605, R² (last) = 0.9910
  Fx                  : R² (all) = 0.3377, R² (last) = 0.5051
  Fy                  : R² (all) = 0.3535, R² (last) = 0.5032
  r                   : R² (all) = 0.8542, R² (last) = 0.9891
  inv_r               : R² (all) = 0.6165, R² (last) = 0.7854
  r_squared           : R² (all) = 0.8035, R² (last) = 0.9758
  inv_r_squared       : R² (all) = 0.2964, R² (last) = 0.4483
  inv_r_cubed         : R² (all) = 0.1035, R² (last) = 0.2392
  x                   : R² (all) = 0.9940, R² (last) = 0.9997
  y                   : R² (all) = 0.9946, R² (last) = 0.9996

after_ln_f:
  F_magnitude         : R² (all) = 0.2753, R² (last) = 0.3883
  F_direction_x       : R² (all) = 0.9571, R² (last) = 0.9824
  F_direction_y       : R² (all) = 0.9528, R² (last) = 0.9881
  Fx                  : R² (all) = 0.3115, R² (last) = 0.4458
  Fy                  : R² (all) = 0.3211, R² (last) = 0.4703
  r                   : R² (all) = 0.7938, R² (last) = 0.9926
  inv_r               : R² (all) = 0.5715, R² (last) = 0.7378
  r_squared           : R² (all) = 0.7294, R² (last) = 0.9923
  inv_r_squared       : R² (all) = 0.2753, R² (last) = 0.3883
  inv_r_cubed         : R² (all) = 0.1071, R² (last) = 0.1906
  x                   : R² (all) = 0.9983, R² (last) = 0.9995
  y                   : R² (all) = 0.9984, R² (last) = 0.9997
Evaluating on 500 trajectories...
Conditioning length: 50, Generating 50 more steps per trajectory...

Error Statistics (aggregated across all 500 trajectories):
Mean position error: 0.166117 ± 0.176663
Max position error: 1.290202
R² scores:
  X coordinate: 0.868533 ± 0.382072
  Y coordinate: 0.861075 ± 0.399483
Evaluating on 500 trajectories...
Conditioning length: 50, Generating 50 more steps per trajectory...

Error Statistics (aggregated across all 500 trajectories):
Mean position error: 0.171435 ± 0.186290
Max position error: 1.357141
R² scores:
  X coordinate: 0.850476 ± 0.433321
  Y coordinate: 0.838472 ± 0.450906
Evaluation at step 7001 completed.

Step 7100, Total Train Loss: 0.003259, Prediction Loss: 0.003259, Test Loss: 0.000788, Attention Entropy: not tracked, Entropy Reg Loss: 0.000000, Entropy Reg Active: False, GPU Memory: 0.000 GB
Step 7200, Total Train Loss: 0.003509, Prediction Loss: 0.003509, Test Loss: 0.001009, Attention Entropy: not tracked, Entropy Reg Loss: 0.000000, Entropy Reg Active: False, GPU Memory: 0.000 GB
Step 7300, Total Train Loss: 0.003840, Prediction Loss: 0.003840, Test Loss: 0.001107, Attention Entropy: not tracked, Entropy Reg Loss: 0.000000, Entropy Reg Active: False, GPU Memory: 0.000 GB
Step 7400, Total Train Loss: 0.003558, Prediction Loss: 0.003558, Test Loss: 0.001017, Attention Entropy: not tracked, Entropy Reg Loss: 0.000000, Entropy Reg Active: False, GPU Memory: 0.000 GB
Step 7500, Total Train Loss: 0.003422, Prediction Loss: 0.003422, Test Loss: 0.001259, Attention Entropy: not tracked, Entropy Reg Loss: 0.000000, Entropy Reg Active: False, GPU Memory: 0.000 GB
Step 7600, Total Train Loss: 0.003010, Prediction Loss: 0.003010, Test Loss: 0.000771, Attention Entropy: not tracked, Entropy Reg Loss: 0.000000, Entropy Reg Active: False, GPU Memory: 0.000 GB
Step 7700, Total Train Loss: 0.003088, Prediction Loss: 0.003088, Test Loss: 0.000859, Attention Entropy: not tracked, Entropy Reg Loss: 0.000000, Entropy Reg Active: False, GPU Memory: 0.000 GB
Step 7800, Total Train Loss: 0.003438, Prediction Loss: 0.003438, Test Loss: 0.000976, Attention Entropy: not tracked, Entropy Reg Loss: 0.000000, Entropy Reg Active: False, GPU Memory: 0.000 GB
Step 7900, Total Train Loss: 0.003521, Prediction Loss: 0.003521, Test Loss: 0.001293, Attention Entropy: not tracked, Entropy Reg Loss: 0.000000, Entropy Reg Active: False, GPU Memory: 0.000 GB
Step 8000, Total Train Loss: 0.003492, Prediction Loss: 0.003492, Test Loss: 0.000990, Attention Entropy: not tracked, Entropy Reg Loss: 0.000000, Entropy Reg Active: False, GPU Memory: 0.000 GB

Evaluating at step 8001...
Activations collected:
  input_embed: torch.Size([1000, 99, 32])
  after_pos_emb: torch.Size([1000, 99, 32])
  block_0_attn_output: torch.Size([1000, 99, 32])
  block_0_after_attn_merge: torch.Size([1000, 99, 32])
  block_0_mlp_hidden: torch.Size([1000, 99, 128])
  block_0_mlp_output: torch.Size([1000, 99, 32])
  block_0_after_mlp_merge: torch.Size([1000, 99, 32])
  block_1_attn_output: torch.Size([1000, 99, 32])
  block_1_after_attn_merge: torch.Size([1000, 99, 32])
  block_1_mlp_hidden: torch.Size([1000, 99, 128])
  block_1_mlp_output: torch.Size([1000, 99, 32])
  block_1_after_mlp_merge: torch.Size([1000, 99, 32])
  after_ln_f: torch.Size([1000, 99, 32])

Linear Probe Results (R² scores):
================================================================================

input_embed:
  F_magnitude         : R² (all) = 0.0006, R² (last) = 0.0011
  F_direction_x       : R² (all) = 0.8263, R² (last) = 0.8274
  F_direction_y       : R² (all) = 0.8203, R² (last) = 0.8166
  Fx                  : R² (all) = 0.0646, R² (last) = 0.0738
  Fy                  : R² (all) = 0.0635, R² (last) = 0.0559
  r                   : R² (all) = 0.0062, R² (last) = 0.0081
  inv_r               : R² (all) = 0.0021, R² (last) = 0.0034
  r_squared           : R² (all) = 0.0072, R² (last) = 0.0090
  inv_r_squared       : R² (all) = 0.0006, R² (last) = 0.0011
  inv_r_cubed         : R² (all) = 0.0001, R² (last) = 0.0003
  x                   : R² (all) = 1.0000, R² (last) = 1.0000
  y                   : R² (all) = 1.0000, R² (last) = 1.0000

after_pos_emb:
  F_magnitude         : R² (all) = 0.0433, R² (last) = 0.0011
  F_direction_x       : R² (all) = 0.8264, R² (last) = 0.8274
  F_direction_y       : R² (all) = 0.8204, R² (last) = 0.8166
  Fx                  : R² (all) = 0.0652, R² (last) = 0.0738
  Fy                  : R² (all) = 0.0638, R² (last) = 0.0559
  r                   : R² (all) = 0.0764, R² (last) = 0.0082
  inv_r               : R² (all) = 0.0560, R² (last) = 0.0034
  r_squared           : R² (all) = 0.0852, R² (last) = 0.0090
  inv_r_squared       : R² (all) = 0.0433, R² (last) = 0.0011
  inv_r_cubed         : R² (all) = 0.0299, R² (last) = 0.0003
  x                   : R² (all) = 1.0000, R² (last) = 1.0000
  y                   : R² (all) = 1.0000, R² (last) = 1.0000

block_0_attn_output:
  F_magnitude         : R² (all) = 0.2453, R² (last) = 0.5220
  F_direction_x       : R² (all) = 0.7189, R² (last) = 0.5012
  F_direction_y       : R² (all) = 0.7055, R² (last) = 0.8062
  Fx                  : R² (all) = 0.0374, R² (last) = -0.3089
  Fy                  : R² (all) = 0.0352, R² (last) = -0.0053
  r                   : R² (all) = 0.8550, R² (last) = 0.9731
  inv_r               : R² (all) = 0.5579, R² (last) = 0.8221
  r_squared           : R² (all) = 0.7804, R² (last) = 0.9455
  inv_r_squared       : R² (all) = 0.2453, R² (last) = 0.5225
  inv_r_cubed         : R² (all) = 0.0863, R² (last) = 0.2736
  x                   : R² (all) = 0.8749, R² (last) = 0.8320
  y                   : R² (all) = 0.8700, R² (last) = 0.8872

block_0_after_attn_merge:
  F_magnitude         : R² (all) = 0.3051, R² (last) = 0.5041
  F_direction_x       : R² (all) = 0.9421, R² (last) = -1.2047
  F_direction_y       : R² (all) = 0.9413, R² (last) = 0.8249
  Fx                  : R² (all) = 0.1532, R² (last) = -27.0542
  Fy                  : R² (all) = 0.1535, R² (last) = -0.4520
  r                   : R² (all) = 0.9090, R² (last) = 0.7342
  inv_r               : R² (all) = 0.6568, R² (last) = 0.7544
  r_squared           : R² (all) = 0.8106, R² (last) = -0.0680
  inv_r_squared       : R² (all) = 0.3051, R² (last) = 0.5041
  inv_r_cubed         : R² (all) = 0.1108, R² (last) = 0.3703
  x                   : R² (all) = 0.9480, R² (last) = 0.8259
  y                   : R² (all) = 0.9453, R² (last) = 0.9047

block_0_mlp_hidden:
  F_magnitude         : R² (all) = 0.5813, R² (last) = 0.6870
  F_direction_x       : R² (all) = 0.9848, R² (last) = 0.9984
  F_direction_y       : R² (all) = 0.9842, R² (last) = 0.9976
  Fx                  : R² (all) = 0.3827, R² (last) = 0.5773
  Fy                  : R² (all) = 0.3804, R² (last) = 0.6036
  r                   : R² (all) = 0.9901, R² (last) = 0.9996
  inv_r               : R² (all) = 0.8764, R² (last) = 0.9219
  r_squared           : R² (all) = 0.9668, R² (last) = 0.9995
  inv_r_squared       : R² (all) = 0.5813, R² (last) = 0.6875
  inv_r_cubed         : R² (all) = 0.3011, R² (last) = 0.4155
  x                   : R² (all) = 0.9951, R² (last) = 0.9999
  y                   : R² (all) = 0.9955, R² (last) = 0.9998

block_0_mlp_output:
  F_magnitude         : R² (all) = 0.3784, R² (last) = 0.7066
  F_direction_x       : R² (all) = 0.9674, R² (last) = 0.9838
  F_direction_y       : R² (all) = 0.9666, R² (last) = 0.9826
  Fx                  : R² (all) = 0.2522, R² (last) = 0.4798
  Fy                  : R² (all) = 0.2599, R² (last) = 0.4518
  r                   : R² (all) = 0.9191, R² (last) = 0.9985
  inv_r               : R² (all) = 0.7239, R² (last) = 0.9190
  r_squared           : R² (all) = 0.8289, R² (last) = 0.9966
  inv_r_squared       : R² (all) = 0.3784, R² (last) = 0.7067
  inv_r_cubed         : R² (all) = 0.1540, R² (last) = 0.4757
  x                   : R² (all) = 0.9719, R² (last) = 0.9992
  y                   : R² (all) = 0.9778, R² (last) = 0.9989

block_0_after_mlp_merge:
  F_magnitude         : R² (all) = 0.3018, R² (last) = 0.6860
  F_direction_x       : R² (all) = 0.9625, R² (last) = 0.9835
  F_direction_y       : R² (all) = 0.9650, R² (last) = 0.9821
  Fx                  : R² (all) = 0.2528, R² (last) = 0.4743
  Fy                  : R² (all) = 0.2542, R² (last) = 0.4425
  r                   : R² (all) = 0.8774, R² (last) = 0.9985
  inv_r               : R² (all) = 0.6364, R² (last) = 0.9123
  r_squared           : R² (all) = 0.8176, R² (last) = 0.9958
  inv_r_squared       : R² (all) = 0.3018, R² (last) = 0.6860
  inv_r_cubed         : R² (all) = 0.1067, R² (last) = 0.4449
  x                   : R² (all) = 0.9994, R² (last) = 1.0000
  y                   : R² (all) = 0.9996, R² (last) = 1.0000

block_1_attn_output:
  F_magnitude         : R² (all) = 0.2758, R² (last) = 0.5014
  F_direction_x       : R² (all) = 0.8977, R² (last) = 0.9401
  F_direction_y       : R² (all) = 0.8740, R² (last) = 0.9296
  Fx                  : R² (all) = 0.1861, R² (last) = 0.2873
  Fy                  : R² (all) = 0.1906, R² (last) = 0.1990
  r                   : R² (all) = 0.5493, R² (last) = 0.9895
  inv_r               : R² (all) = 0.4920, R² (last) = 0.8070
  r_squared           : R² (all) = 0.4860, R² (last) = 0.9804
  inv_r_squared       : R² (all) = 0.2757, R² (last) = 0.5015
  inv_r_cubed         : R² (all) = 0.1271, R² (last) = 0.2611
  x                   : R² (all) = 0.9116, R² (last) = 0.9894
  y                   : R² (all) = 0.8931, R² (last) = 0.9884

block_1_after_attn_merge:
  F_magnitude         : R² (all) = 0.3118, R² (last) = 0.6212
  F_direction_x       : R² (all) = 0.9721, R² (last) = 0.9882
  F_direction_y       : R² (all) = 0.9734, R² (last) = 0.9882
  Fx                  : R² (all) = 0.3381, R² (last) = 0.5848
  Fy                  : R² (all) = 0.3412, R² (last) = 0.5771
  r                   : R² (all) = 0.8569, R² (last) = 0.9951
  inv_r               : R² (all) = 0.6373, R² (last) = 0.8749
  r_squared           : R² (all) = 0.7933, R² (last) = 0.9862
  inv_r_squared       : R² (all) = 0.3118, R² (last) = 0.6212
  inv_r_cubed         : R² (all) = 0.1220, R² (last) = 0.3822
  x                   : R² (all) = 0.9891, R² (last) = 0.9994
  y                   : R² (all) = 0.9922, R² (last) = 0.9993

block_1_mlp_hidden:
  F_magnitude         : R² (all) = 0.6608, R² (last) = 0.9066
  F_direction_x       : R² (all) = 0.9853, R² (last) = 0.9986
  F_direction_y       : R² (all) = 0.9875, R² (last) = 0.9983
  Fx                  : R² (all) = 0.4912, R² (last) = 0.8305
  Fy                  : R² (all) = 0.5068, R² (last) = 0.8598
  r                   : R² (all) = 0.9833, R² (last) = 0.9998
  inv_r               : R² (all) = 0.8918, R² (last) = 0.9810
  r_squared           : R² (all) = 0.9746, R² (last) = 0.9999
  inv_r_squared       : R² (all) = 0.6608, R² (last) = 0.9066
  inv_r_cubed         : R² (all) = 0.4169, R² (last) = 0.7910
  x                   : R² (all) = 0.9968, R² (last) = 1.0000
  y                   : R² (all) = 0.9981, R² (last) = 1.0000

block_1_mlp_output:
  F_magnitude         : R² (all) = 0.3644, R² (last) = 0.5233
  F_direction_x       : R² (all) = 0.9702, R² (last) = 0.9834
  F_direction_y       : R² (all) = 0.9682, R² (last) = 0.9852
  Fx                  : R² (all) = 0.3593, R² (last) = 0.5779
  Fy                  : R² (all) = 0.3513, R² (last) = 0.6180
  r                   : R² (all) = 0.8794, R² (last) = 0.9859
  inv_r               : R² (all) = 0.7162, R² (last) = 0.8291
  r_squared           : R² (all) = 0.7897, R² (last) = 0.9672
  inv_r_squared       : R² (all) = 0.3644, R² (last) = 0.5233
  inv_r_cubed         : R² (all) = 0.1362, R² (last) = 0.2756
  x                   : R² (all) = 0.9887, R² (last) = 0.9978
  y                   : R² (all) = 0.9871, R² (last) = 0.9970

block_1_after_mlp_merge:
  F_magnitude         : R² (all) = 0.2896, R² (last) = 0.5219
  F_direction_x       : R² (all) = 0.9662, R² (last) = 0.9886
  F_direction_y       : R² (all) = 0.9618, R² (last) = 0.9901
  Fx                  : R² (all) = 0.3323, R² (last) = 0.5931
  Fy                  : R² (all) = 0.3234, R² (last) = 0.5754
  r                   : R² (all) = 0.8538, R² (last) = 0.9879
  inv_r               : R² (all) = 0.6104, R² (last) = 0.8253
  r_squared           : R² (all) = 0.8089, R² (last) = 0.9700
  inv_r_squared       : R² (all) = 0.2896, R² (last) = 0.5219
  inv_r_cubed         : R² (all) = 0.1043, R² (last) = 0.2763
  x                   : R² (all) = 0.9937, R² (last) = 0.9997
  y                   : R² (all) = 0.9943, R² (last) = 0.9994

after_ln_f:
  F_magnitude         : R² (all) = 0.2657, R² (last) = 0.4745
  F_direction_x       : R² (all) = 0.9578, R² (last) = 0.9830
  F_direction_y       : R² (all) = 0.9531, R² (last) = 0.9867
  Fx                  : R² (all) = 0.3023, R² (last) = 0.5416
  Fy                  : R² (all) = 0.2909, R² (last) = 0.5311
  r                   : R² (all) = 0.7870, R² (last) = 0.9930
  inv_r               : R² (all) = 0.5597, R² (last) = 0.7876
  r_squared           : R² (all) = 0.7330, R² (last) = 0.9897
  inv_r_squared       : R² (all) = 0.2657, R² (last) = 0.4745
  inv_r_cubed         : R² (all) = 0.1059, R² (last) = 0.2370
  x                   : R² (all) = 0.9980, R² (last) = 0.9995
  y                   : R² (all) = 0.9982, R² (last) = 0.9996
Evaluating on 500 trajectories...
Conditioning length: 50, Generating 50 more steps per trajectory...

Error Statistics (aggregated across all 500 trajectories):
Mean position error: 0.194983 ± 0.187610
Max position error: 1.612232
R² scores:
  X coordinate: 0.885465 ± 0.216283
  Y coordinate: 0.884660 ± 0.219760
Evaluating on 500 trajectories...
Conditioning length: 50, Generating 50 more steps per trajectory...

Error Statistics (aggregated across all 500 trajectories):
Mean position error: 0.202879 ± 0.191949
Max position error: 1.510649
R² scores:
  X coordinate: 0.882702 ± 0.227907
  Y coordinate: 0.883571 ± 0.222055
Evaluation at step 8001 completed.

Step 8100, Total Train Loss: 0.003015, Prediction Loss: 0.003015, Test Loss: 0.000808, Attention Entropy: not tracked, Entropy Reg Loss: 0.000000, Entropy Reg Active: False, GPU Memory: 0.000 GB
Step 8200, Total Train Loss: 0.003145, Prediction Loss: 0.003145, Test Loss: 0.001186, Attention Entropy: not tracked, Entropy Reg Loss: 0.000000, Entropy Reg Active: False, GPU Memory: 0.000 GB
Step 8300, Total Train Loss: 0.003403, Prediction Loss: 0.003403, Test Loss: 0.001222, Attention Entropy: not tracked, Entropy Reg Loss: 0.000000, Entropy Reg Active: False, GPU Memory: 0.000 GB
Step 8400, Total Train Loss: 0.003322, Prediction Loss: 0.003322, Test Loss: 0.000803, Attention Entropy: not tracked, Entropy Reg Loss: 0.000000, Entropy Reg Active: False, GPU Memory: 0.000 GB
Step 8500, Total Train Loss: 0.003631, Prediction Loss: 0.003631, Test Loss: 0.001348, Attention Entropy: not tracked, Entropy Reg Loss: 0.000000, Entropy Reg Active: False, GPU Memory: 0.000 GB
Step 8600, Total Train Loss: 0.003218, Prediction Loss: 0.003218, Test Loss: 0.000744, Attention Entropy: not tracked, Entropy Reg Loss: 0.000000, Entropy Reg Active: False, GPU Memory: 0.000 GB
Step 8700, Total Train Loss: 0.003664, Prediction Loss: 0.003664, Test Loss: 0.001111, Attention Entropy: not tracked, Entropy Reg Loss: 0.000000, Entropy Reg Active: False, GPU Memory: 0.000 GB
Step 8800, Total Train Loss: 0.002945, Prediction Loss: 0.002945, Test Loss: 0.000832, Attention Entropy: not tracked, Entropy Reg Loss: 0.000000, Entropy Reg Active: False, GPU Memory: 0.000 GB
Step 8900, Total Train Loss: 0.003248, Prediction Loss: 0.003248, Test Loss: 0.000789, Attention Entropy: not tracked, Entropy Reg Loss: 0.000000, Entropy Reg Active: False, GPU Memory: 0.000 GB
Step 9000, Total Train Loss: 0.003439, Prediction Loss: 0.003439, Test Loss: 0.000760, Attention Entropy: not tracked, Entropy Reg Loss: 0.000000, Entropy Reg Active: False, GPU Memory: 0.000 GB

Evaluating at step 9001...
Activations collected:
  input_embed: torch.Size([1000, 99, 32])
  after_pos_emb: torch.Size([1000, 99, 32])
  block_0_attn_output: torch.Size([1000, 99, 32])
  block_0_after_attn_merge: torch.Size([1000, 99, 32])
  block_0_mlp_hidden: torch.Size([1000, 99, 128])
  block_0_mlp_output: torch.Size([1000, 99, 32])
  block_0_after_mlp_merge: torch.Size([1000, 99, 32])
  block_1_attn_output: torch.Size([1000, 99, 32])
  block_1_after_attn_merge: torch.Size([1000, 99, 32])
  block_1_mlp_hidden: torch.Size([1000, 99, 128])
  block_1_mlp_output: torch.Size([1000, 99, 32])
  block_1_after_mlp_merge: torch.Size([1000, 99, 32])
  after_ln_f: torch.Size([1000, 99, 32])

Linear Probe Results (R² scores):
================================================================================

input_embed:
  F_magnitude         : R² (all) = 0.0000, R² (last) = 0.0018
  F_direction_x       : R² (all) = 0.8243, R² (last) = 0.8296
  F_direction_y       : R² (all) = 0.8277, R² (last) = 0.8297
  Fx                  : R² (all) = 0.0634, R² (last) = 0.1245
  Fy                  : R² (all) = 0.0635, R² (last) = 0.0881
  r                   : R² (all) = 0.0002, R² (last) = 0.0041
  inv_r               : R² (all) = 0.0001, R² (last) = 0.0030
  r_squared           : R² (all) = 0.0002, R² (last) = 0.0039
  inv_r_squared       : R² (all) = 0.0000, R² (last) = 0.0018
  inv_r_cubed         : R² (all) = 0.0000, R² (last) = 0.0010
  x                   : R² (all) = 1.0000, R² (last) = 1.0000
  y                   : R² (all) = 1.0000, R² (last) = 1.0000

after_pos_emb:
  F_magnitude         : R² (all) = 0.0418, R² (last) = 0.0018
  F_direction_x       : R² (all) = 0.8244, R² (last) = 0.8296
  F_direction_y       : R² (all) = 0.8277, R² (last) = 0.8297
  Fx                  : R² (all) = 0.0640, R² (last) = 0.1245
  Fy                  : R² (all) = 0.0637, R² (last) = 0.0881
  r                   : R² (all) = 0.0678, R² (last) = 0.0042
  inv_r               : R² (all) = 0.0524, R² (last) = 0.0030
  r_squared           : R² (all) = 0.0767, R² (last) = 0.0041
  inv_r_squared       : R² (all) = 0.0418, R² (last) = 0.0018
  inv_r_cubed         : R² (all) = 0.0253, R² (last) = 0.0010
  x                   : R² (all) = 1.0000, R² (last) = 1.0000
  y                   : R² (all) = 1.0000, R² (last) = 1.0000

block_0_attn_output:
  F_magnitude         : R² (all) = 0.2530, R² (last) = 0.8018
  F_direction_x       : R² (all) = 0.6910, R² (last) = 0.7981
  F_direction_y       : R² (all) = 0.6976, R² (last) = 0.7178
  Fx                  : R² (all) = -0.0019, R² (last) = 0.2406
  Fy                  : R² (all) = 0.0333, R² (last) = 0.1336
  r                   : R² (all) = 0.8523, R² (last) = 0.9680
  inv_r               : R² (all) = 0.5698, R² (last) = 0.9310
  r_squared           : R² (all) = 0.7732, R² (last) = 0.9205
  inv_r_squared       : R² (all) = 0.2530, R² (last) = 0.8017
  inv_r_cubed         : R² (all) = 0.0753, R² (last) = 0.6379
  x                   : R² (all) = 0.8663, R² (last) = 0.8904
  y                   : R² (all) = 0.8631, R² (last) = 0.8707

block_0_after_attn_merge:
  F_magnitude         : R² (all) = 0.3151, R² (last) = 0.3437
  F_direction_x       : R² (all) = 0.9405, R² (last) = 0.8599
  F_direction_y       : R² (all) = 0.9404, R² (last) = 0.7258
  Fx                  : R² (all) = 0.1518, R² (last) = -0.1768
  Fy                  : R² (all) = 0.1503, R² (last) = -0.0558
  r                   : R² (all) = 0.9093, R² (last) = 0.9412
  inv_r               : R² (all) = 0.6686, R² (last) = 0.7103
  r_squared           : R² (all) = 0.8111, R² (last) = 0.9300
  inv_r_squared       : R² (all) = 0.3151, R² (last) = 0.3437
  inv_r_cubed         : R² (all) = 0.0999, R² (last) = -0.0654
  x                   : R² (all) = 0.9475, R² (last) = 0.9284
  y                   : R² (all) = 0.9497, R² (last) = 0.8229

block_0_mlp_hidden:
  F_magnitude         : R² (all) = 0.5800, R² (last) = 0.9530
  F_direction_x       : R² (all) = 0.9847, R² (last) = 0.9968
  F_direction_y       : R² (all) = 0.9839, R² (last) = 0.9977
  Fx                  : R² (all) = 0.3941, R² (last) = 0.7583
  Fy                  : R² (all) = 0.3844, R² (last) = 0.8427
  r                   : R² (all) = 0.9895, R² (last) = 0.9999
  inv_r               : R² (all) = 0.8833, R² (last) = 0.9896
  r_squared           : R² (all) = 0.9652, R² (last) = 0.9994
  inv_r_squared       : R² (all) = 0.5800, R² (last) = 0.9530
  inv_r_cubed         : R² (all) = 0.2583, R² (last) = 0.8819
  x                   : R² (all) = 0.9948, R² (last) = 0.9999
  y                   : R² (all) = 0.9956, R² (last) = 0.9999

block_0_mlp_output:
  F_magnitude         : R² (all) = 0.4019, R² (last) = 0.8418
  F_direction_x       : R² (all) = 0.9682, R² (last) = 0.9846
  F_direction_y       : R² (all) = 0.9671, R² (last) = 0.9838
  Fx                  : R² (all) = 0.2745, R² (last) = 0.6045
  Fy                  : R² (all) = 0.2583, R² (last) = 0.5634
  r                   : R² (all) = 0.9109, R² (last) = 0.9988
  inv_r               : R² (all) = 0.7484, R² (last) = 0.9532
  r_squared           : R² (all) = 0.8091, R² (last) = 0.9965
  inv_r_squared       : R² (all) = 0.4019, R² (last) = 0.8418
  inv_r_cubed         : R² (all) = 0.1450, R² (last) = 0.6779
  x                   : R² (all) = 0.9743, R² (last) = 0.9992
  y                   : R² (all) = 0.9779, R² (last) = 0.9991

block_0_after_mlp_merge:
  F_magnitude         : R² (all) = 0.3091, R² (last) = 0.8141
  F_direction_x       : R² (all) = 0.9623, R² (last) = 0.9846
  F_direction_y       : R² (all) = 0.9655, R² (last) = 0.9834
  Fx                  : R² (all) = 0.2581, R² (last) = 0.5965
  Fy                  : R² (all) = 0.2553, R² (last) = 0.5584
  r                   : R² (all) = 0.8763, R² (last) = 0.9986
  inv_r               : R² (all) = 0.6399, R² (last) = 0.9399
  r_squared           : R² (all) = 0.8226, R² (last) = 0.9956
  inv_r_squared       : R² (all) = 0.3091, R² (last) = 0.8141
  inv_r_cubed         : R² (all) = 0.0977, R² (last) = 0.6417
  x                   : R² (all) = 0.9994, R² (last) = 1.0000
  y                   : R² (all) = 0.9997, R² (last) = 1.0000

block_1_attn_output:
  F_magnitude         : R² (all) = 0.3147, R² (last) = 0.6658
  F_direction_x       : R² (all) = 0.8980, R² (last) = 0.9408
  F_direction_y       : R² (all) = 0.9009, R² (last) = 0.9216
  Fx                  : R² (all) = 0.1954, R² (last) = 0.3444
  Fy                  : R² (all) = 0.1943, R² (last) = 0.1780
  r                   : R² (all) = 0.7552, R² (last) = 0.9902
  inv_r               : R² (all) = 0.5765, R² (last) = 0.8635
  r_squared           : R² (all) = 0.7170, R² (last) = 0.9782
  inv_r_squared       : R² (all) = 0.3147, R² (last) = 0.6654
  inv_r_cubed         : R² (all) = 0.1247, R² (last) = 0.4534
  x                   : R² (all) = 0.9216, R² (last) = 0.9881
  y                   : R² (all) = 0.9233, R² (last) = 0.9859

block_1_after_attn_merge:
  F_magnitude         : R² (all) = 0.3161, R² (last) = 0.7964
  F_direction_x       : R² (all) = 0.9740, R² (last) = 0.9871
  F_direction_y       : R² (all) = 0.9752, R² (last) = 0.9882
  Fx                  : R² (all) = 0.3493, R² (last) = 0.6518
  Fy                  : R² (all) = 0.3472, R² (last) = 0.6513
  r                   : R² (all) = 0.8472, R² (last) = 0.9963
  inv_r               : R² (all) = 0.6423, R² (last) = 0.9308
  r_squared           : R² (all) = 0.7820, R² (last) = 0.9875
  inv_r_squared       : R² (all) = 0.3161, R² (last) = 0.7964
  inv_r_cubed         : R² (all) = 0.1066, R² (last) = 0.6217
  x                   : R² (all) = 0.9884, R² (last) = 0.9992
  y                   : R² (all) = 0.9926, R² (last) = 0.9993

block_1_mlp_hidden:
  F_magnitude         : R² (all) = 0.6479, R² (last) = 0.9678
  F_direction_x       : R² (all) = 0.9852, R² (last) = 0.9986
  F_direction_y       : R² (all) = 0.9867, R² (last) = 0.9985
  Fx                  : R² (all) = 0.5035, R² (last) = 0.9047
  Fy                  : R² (all) = 0.5109, R² (last) = 0.8913
  r                   : R² (all) = 0.9824, R² (last) = 0.9998
  inv_r               : R² (all) = 0.8955, R² (last) = 0.9922
  r_squared           : R² (all) = 0.9733, R² (last) = 0.9998
  inv_r_squared       : R² (all) = 0.6479, R² (last) = 0.9678
  inv_r_cubed         : R² (all) = 0.3507, R² (last) = 0.9151
  x                   : R² (all) = 0.9969, R² (last) = 1.0000
  y                   : R² (all) = 0.9981, R² (last) = 0.9999

block_1_mlp_output:
  F_magnitude         : R² (all) = 0.3888, R² (last) = 0.7166
  F_direction_x       : R² (all) = 0.9712, R² (last) = 0.9826
  F_direction_y       : R² (all) = 0.9688, R² (last) = 0.9855
  Fx                  : R² (all) = 0.3775, R² (last) = 0.6441
  Fy                  : R² (all) = 0.3657, R² (last) = 0.6647
  r                   : R² (all) = 0.8845, R² (last) = 0.9866
  inv_r               : R² (all) = 0.7456, R² (last) = 0.8930
  r_squared           : R² (all) = 0.7984, R² (last) = 0.9671
  inv_r_squared       : R² (all) = 0.3888, R² (last) = 0.7166
  inv_r_cubed         : R² (all) = 0.1259, R² (last) = 0.5195
  x                   : R² (all) = 0.9881, R² (last) = 0.9980
  y                   : R² (all) = 0.9848, R² (last) = 0.9972

block_1_after_mlp_merge:
  F_magnitude         : R² (all) = 0.2941, R² (last) = 0.7339
  F_direction_x       : R² (all) = 0.9667, R² (last) = 0.9888
  F_direction_y       : R² (all) = 0.9640, R² (last) = 0.9894
  Fx                  : R² (all) = 0.3408, R² (last) = 0.6703
  Fy                  : R² (all) = 0.3346, R² (last) = 0.6674
  r                   : R² (all) = 0.8498, R² (last) = 0.9884
  inv_r               : R² (all) = 0.6158, R² (last) = 0.9009
  r_squared           : R² (all) = 0.8022, R² (last) = 0.9704
  inv_r_squared       : R² (all) = 0.2941, R² (last) = 0.7339
  inv_r_cubed         : R² (all) = 0.0927, R² (last) = 0.5369
  x                   : R² (all) = 0.9943, R² (last) = 0.9996
  y                   : R² (all) = 0.9936, R² (last) = 0.9994

after_ln_f:
  F_magnitude         : R² (all) = 0.2673, R² (last) = 0.6819
  F_direction_x       : R² (all) = 0.9566, R² (last) = 0.9842
  F_direction_y       : R² (all) = 0.9547, R² (last) = 0.9836
  Fx                  : R² (all) = 0.3043, R² (last) = 0.6221
  Fy                  : R² (all) = 0.2999, R² (last) = 0.6095
  r                   : R² (all) = 0.7809, R² (last) = 0.9935
  inv_r               : R² (all) = 0.5623, R² (last) = 0.8660
  r_squared           : R² (all) = 0.7242, R² (last) = 0.9890
  inv_r_squared       : R² (all) = 0.2673, R² (last) = 0.6819
  inv_r_cubed         : R² (all) = 0.0918, R² (last) = 0.4817
  x                   : R² (all) = 0.9983, R² (last) = 0.9996
  y                   : R² (all) = 0.9982, R² (last) = 0.9995
Evaluating on 500 trajectories...
Conditioning length: 50, Generating 50 more steps per trajectory...

Error Statistics (aggregated across all 500 trajectories):
Mean position error: 0.143802 ± 0.152004
Max position error: 1.493789
R² scores:
  X coordinate: 0.927506 ± 0.210226
  Y coordinate: 0.927192 ± 0.196450
Evaluating on 500 trajectories...
Conditioning length: 50, Generating 50 more steps per trajectory...

Error Statistics (aggregated across all 500 trajectories):
Mean position error: 0.146697 ± 0.150256
Max position error: 1.228719
R² scores:
  X coordinate: 0.924040 ± 0.202446
  Y coordinate: 0.922523 ± 0.208012
Evaluation at step 9001 completed.

Step 9100, Total Train Loss: 0.003057, Prediction Loss: 0.003057, Test Loss: 0.001765, Attention Entropy: not tracked, Entropy Reg Loss: 0.000000, Entropy Reg Active: False, GPU Memory: 0.000 GB
Step 9200, Total Train Loss: 0.003038, Prediction Loss: 0.003038, Test Loss: 0.000679, Attention Entropy: not tracked, Entropy Reg Loss: 0.000000, Entropy Reg Active: False, GPU Memory: 0.000 GB
Step 9300, Total Train Loss: 0.002861, Prediction Loss: 0.002861, Test Loss: 0.000791, Attention Entropy: not tracked, Entropy Reg Loss: 0.000000, Entropy Reg Active: False, GPU Memory: 0.000 GB
Step 9400, Total Train Loss: 0.003118, Prediction Loss: 0.003118, Test Loss: 0.001068, Attention Entropy: not tracked, Entropy Reg Loss: 0.000000, Entropy Reg Active: False, GPU Memory: 0.000 GB
Step 9500, Total Train Loss: 0.003361, Prediction Loss: 0.003361, Test Loss: 0.000863, Attention Entropy: not tracked, Entropy Reg Loss: 0.000000, Entropy Reg Active: False, GPU Memory: 0.000 GB
Step 9600, Total Train Loss: 0.003398, Prediction Loss: 0.003398, Test Loss: 0.000897, Attention Entropy: not tracked, Entropy Reg Loss: 0.000000, Entropy Reg Active: False, GPU Memory: 0.000 GB
Step 9700, Total Train Loss: 0.003029, Prediction Loss: 0.003029, Test Loss: 0.000691, Attention Entropy: not tracked, Entropy Reg Loss: 0.000000, Entropy Reg Active: False, GPU Memory: 0.000 GB
Step 9800, Total Train Loss: 0.002848, Prediction Loss: 0.002848, Test Loss: 0.000877, Attention Entropy: not tracked, Entropy Reg Loss: 0.000000, Entropy Reg Active: False, GPU Memory: 0.000 GB
Step 9900, Total Train Loss: 0.003471, Prediction Loss: 0.003471, Test Loss: 0.001233, Attention Entropy: not tracked, Entropy Reg Loss: 0.000000, Entropy Reg Active: False, GPU Memory: 0.000 GB
Step 10000, Total Train Loss: 0.002890, Prediction Loss: 0.002890, Test Loss: 0.000676, Attention Entropy: not tracked, Entropy Reg Loss: 0.000000, Entropy Reg Active: False, GPU Memory: 0.000 GB

Evaluating at step 10001...
Activations collected:
  input_embed: torch.Size([1000, 99, 32])
  after_pos_emb: torch.Size([1000, 99, 32])
  block_0_attn_output: torch.Size([1000, 99, 32])
  block_0_after_attn_merge: torch.Size([1000, 99, 32])
  block_0_mlp_hidden: torch.Size([1000, 99, 128])
  block_0_mlp_output: torch.Size([1000, 99, 32])
  block_0_after_mlp_merge: torch.Size([1000, 99, 32])
  block_1_attn_output: torch.Size([1000, 99, 32])
  block_1_after_attn_merge: torch.Size([1000, 99, 32])
  block_1_mlp_hidden: torch.Size([1000, 99, 128])
  block_1_mlp_output: torch.Size([1000, 99, 32])
  block_1_after_mlp_merge: torch.Size([1000, 99, 32])
  after_ln_f: torch.Size([1000, 99, 32])

Linear Probe Results (R² scores):
================================================================================

input_embed:
  F_magnitude         : R² (all) = 0.0001, R² (last) = 0.0001
  F_direction_x       : R² (all) = 0.8314, R² (last) = 0.8381
  F_direction_y       : R² (all) = 0.8341, R² (last) = 0.8374
  Fx                  : R² (all) = 0.0521, R² (last) = 0.0252
  Fy                  : R² (all) = 0.0562, R² (last) = 0.0817
  r                   : R² (all) = 0.0003, R² (last) = 0.0004
  inv_r               : R² (all) = 0.0002, R² (last) = 0.0001
  r_squared           : R² (all) = 0.0006, R² (last) = 0.0006
  inv_r_squared       : R² (all) = 0.0001, R² (last) = 0.0001
  inv_r_cubed         : R² (all) = 0.0000, R² (last) = 0.0000
  x                   : R² (all) = 1.0000, R² (last) = 1.0000
  y                   : R² (all) = 1.0000, R² (last) = 1.0000

after_pos_emb:
  F_magnitude         : R² (all) = 0.0386, R² (last) = 0.0001
  F_direction_x       : R² (all) = 0.8316, R² (last) = 0.8381
  F_direction_y       : R² (all) = 0.8342, R² (last) = 0.8374
  Fx                  : R² (all) = 0.0526, R² (last) = 0.0252
  Fy                  : R² (all) = 0.0566, R² (last) = 0.0817
  r                   : R² (all) = 0.0696, R² (last) = 0.0005
  inv_r               : R² (all) = 0.0526, R² (last) = 0.0002
  r_squared           : R² (all) = 0.0763, R² (last) = 0.0007
  inv_r_squared       : R² (all) = 0.0386, R² (last) = 0.0001
  inv_r_cubed         : R² (all) = 0.0238, R² (last) = 0.0000
  x                   : R² (all) = 1.0000, R² (last) = 1.0000
  y                   : R² (all) = 1.0000, R² (last) = 1.0000

block_0_attn_output:
  F_magnitude         : R² (all) = 0.2155, R² (last) = 0.2942
  F_direction_x       : R² (all) = 0.6980, R² (last) = 0.8505
  F_direction_y       : R² (all) = 0.7045, R² (last) = 0.6814
  Fx                  : R² (all) = 0.0270, R² (last) = 0.1010
  Fy                  : R² (all) = 0.0307, R² (last) = 0.1749
  r                   : R² (all) = 0.8439, R² (last) = 0.9692
  inv_r               : R² (all) = 0.5447, R² (last) = 0.8233
  r_squared           : R² (all) = 0.7664, R² (last) = 0.9187
  inv_r_squared       : R² (all) = 0.2155, R² (last) = 0.2939
  inv_r_cubed         : R² (all) = 0.0656, R² (last) = -0.1259
  x                   : R² (all) = 0.8539, R² (last) = 0.9042
  y                   : R² (all) = 0.8602, R² (last) = 0.9148

block_0_after_attn_merge:
  F_magnitude         : R² (all) = 0.2631, R² (last) = 0.4403
  F_direction_x       : R² (all) = 0.9410, R² (last) = 0.9518
  F_direction_y       : R² (all) = 0.9413, R² (last) = 0.7738
  Fx                  : R² (all) = 0.1191, R² (last) = 0.1915
  Fy                  : R² (all) = 0.1276, R² (last) = -0.1029
  r                   : R² (all) = 0.9106, R² (last) = 0.9650
  inv_r               : R² (all) = 0.6343, R² (last) = 0.8117
  r_squared           : R² (all) = 0.8184, R² (last) = 0.9548
  inv_r_squared       : R² (all) = 0.2631, R² (last) = 0.4437
  inv_r_cubed         : R² (all) = 0.0831, R² (last) = 0.1908
  x                   : R² (all) = 0.9506, R² (last) = 0.9809
  y                   : R² (all) = 0.9529, R² (last) = 0.9415

block_0_mlp_hidden:
  F_magnitude         : R² (all) = 0.5232, R² (last) = 0.7557
  F_direction_x       : R² (all) = 0.9844, R² (last) = 0.9966
  F_direction_y       : R² (all) = 0.9840, R² (last) = 0.9939
  Fx                  : R² (all) = 0.3167, R² (last) = 0.5820
  Fy                  : R² (all) = 0.3332, R² (last) = 0.6777
  r                   : R² (all) = 0.9902, R² (last) = 0.9998
  inv_r               : R² (all) = 0.8588, R² (last) = 0.9584
  r_squared           : R² (all) = 0.9677, R² (last) = 0.9995
  inv_r_squared       : R² (all) = 0.5232, R² (last) = 0.7559
  inv_r_cubed         : R² (all) = 0.2404, R² (last) = 0.5666
  x                   : R² (all) = 0.9950, R² (last) = 0.9999
  y                   : R² (all) = 0.9961, R² (last) = 0.9999

block_0_mlp_output:
  F_magnitude         : R² (all) = 0.3608, R² (last) = 0.4625
  F_direction_x       : R² (all) = 0.9684, R² (last) = 0.9824
  F_direction_y       : R² (all) = 0.9682, R² (last) = 0.9827
  Fx                  : R² (all) = 0.2191, R² (last) = 0.2442
  Fy                  : R² (all) = 0.2210, R² (last) = 0.4204
  r                   : R² (all) = 0.9101, R² (last) = 0.9985
  inv_r               : R² (all) = 0.7350, R² (last) = 0.8630
  r_squared           : R² (all) = 0.8048, R² (last) = 0.9962
  inv_r_squared       : R² (all) = 0.3608, R² (last) = 0.4625
  inv_r_cubed         : R² (all) = 0.1321, R² (last) = 0.2010
  x                   : R² (all) = 0.9743, R² (last) = 0.9992
  y                   : R² (all) = 0.9783, R² (last) = 0.9992

block_0_after_mlp_merge:
  F_magnitude         : R² (all) = 0.2670, R² (last) = 0.4294
  F_direction_x       : R² (all) = 0.9630, R² (last) = 0.9813
  F_direction_y       : R² (all) = 0.9676, R² (last) = 0.9817
  Fx                  : R² (all) = 0.1996, R² (last) = 0.2227
  Fy                  : R² (all) = 0.2211, R² (last) = 0.4242
  r                   : R² (all) = 0.8691, R² (last) = 0.9982
  inv_r               : R² (all) = 0.6120, R² (last) = 0.8391
  r_squared           : R² (all) = 0.8259, R² (last) = 0.9959
  inv_r_squared       : R² (all) = 0.2670, R² (last) = 0.4294
  inv_r_cubed         : R² (all) = 0.0856, R² (last) = 0.1773
  x                   : R² (all) = 0.9994, R² (last) = 1.0000
  y                   : R² (all) = 0.9997, R² (last) = 1.0000

block_1_attn_output:
  F_magnitude         : R² (all) = 0.2779, R² (last) = 0.2558
  F_direction_x       : R² (all) = 0.9011, R² (last) = 0.9355
  F_direction_y       : R² (all) = 0.9130, R² (last) = 0.9415
  Fx                  : R² (all) = 0.1535, R² (last) = 0.1352
  Fy                  : R² (all) = 0.1760, R² (last) = 0.2692
  r                   : R² (all) = 0.7546, R² (last) = 0.9725
  inv_r               : R² (all) = 0.5542, R² (last) = 0.6684
  r_squared           : R² (all) = 0.7217, R² (last) = 0.9744
  inv_r_squared       : R² (all) = 0.2779, R² (last) = 0.2563
  inv_r_cubed         : R² (all) = 0.1146, R² (last) = 0.0854
  x                   : R² (all) = 0.9255, R² (last) = 0.9822
  y                   : R² (all) = 0.9314, R² (last) = 0.9848

block_1_after_attn_merge:
  F_magnitude         : R² (all) = 0.2729, R² (last) = 0.4416
  F_direction_x       : R² (all) = 0.9747, R² (last) = 0.9854
  F_direction_y       : R² (all) = 0.9767, R² (last) = 0.9871
  Fx                  : R² (all) = 0.2738, R² (last) = 0.2885
  Fy                  : R² (all) = 0.2992, R² (last) = 0.5026
  r                   : R² (all) = 0.8292, R² (last) = 0.9969
  inv_r               : R² (all) = 0.6136, R² (last) = 0.8409
  r_squared           : R² (all) = 0.7636, R² (last) = 0.9886
  inv_r_squared       : R² (all) = 0.2729, R² (last) = 0.4416
  inv_r_cubed         : R² (all) = 0.0947, R² (last) = 0.1930
  x                   : R² (all) = 0.9880, R² (last) = 0.9992
  y                   : R² (all) = 0.9929, R² (last) = 0.9993

block_1_mlp_hidden:
  F_magnitude         : R² (all) = 0.6157, R² (last) = 0.8162
  F_direction_x       : R² (all) = 0.9844, R² (last) = 0.9981
  F_direction_y       : R² (all) = 0.9866, R² (last) = 0.9982
  Fx                  : R² (all) = 0.4190, R² (last) = 0.7127
  Fy                  : R² (all) = 0.4677, R² (last) = 0.8203
  r                   : R² (all) = 0.9830, R² (last) = 0.9998
  inv_r               : R² (all) = 0.8843, R² (last) = 0.9739
  r_squared           : R² (all) = 0.9747, R² (last) = 0.9999
  inv_r_squared       : R² (all) = 0.6157, R² (last) = 0.8162
  inv_r_cubed         : R² (all) = 0.3502, R² (last) = 0.6446
  x                   : R² (all) = 0.9967, R² (last) = 1.0000
  y                   : R² (all) = 0.9980, R² (last) = 1.0000

block_1_mlp_output:
  F_magnitude         : R² (all) = 0.3434, R² (last) = 0.4309
  F_direction_x       : R² (all) = 0.9705, R² (last) = 0.9829
  F_direction_y       : R² (all) = 0.9689, R² (last) = 0.9857
  Fx                  : R² (all) = 0.3088, R² (last) = 0.3352
  Fy                  : R² (all) = 0.3169, R² (last) = 0.5216
  r                   : R² (all) = 0.8809, R² (last) = 0.9873
  inv_r               : R² (all) = 0.7288, R² (last) = 0.8237
  r_squared           : R² (all) = 0.7955, R² (last) = 0.9664
  inv_r_squared       : R² (all) = 0.3434, R² (last) = 0.4309
  inv_r_cubed         : R² (all) = 0.1109, R² (last) = 0.2032
  x                   : R² (all) = 0.9873, R² (last) = 0.9980
  y                   : R² (all) = 0.9821, R² (last) = 0.9973

block_1_after_mlp_merge:
  F_magnitude         : R² (all) = 0.2508, R² (last) = 0.3941
  F_direction_x       : R² (all) = 0.9666, R² (last) = 0.9868
  F_direction_y       : R² (all) = 0.9672, R² (last) = 0.9877
  Fx                  : R² (all) = 0.2717, R² (last) = 0.2893
  Fy                  : R² (all) = 0.2955, R² (last) = 0.5005
  r                   : R² (all) = 0.8356, R² (last) = 0.9869
  inv_r               : R² (all) = 0.5848, R² (last) = 0.8107
  r_squared           : R² (all) = 0.7904, R² (last) = 0.9706
  inv_r_squared       : R² (all) = 0.2508, R² (last) = 0.3941
  inv_r_cubed         : R² (all) = 0.0812, R² (last) = 0.1583
  x                   : R² (all) = 0.9939, R² (last) = 0.9996
  y                   : R² (all) = 0.9934, R² (last) = 0.9995

after_ln_f:
  F_magnitude         : R² (all) = 0.2326, R² (last) = 0.3526
  F_direction_x       : R² (all) = 0.9563, R² (last) = 0.9822
  F_direction_y       : R² (all) = 0.9574, R² (last) = 0.9820
  Fx                  : R² (all) = 0.2391, R² (last) = 0.2484
  Fy                  : R² (all) = 0.2670, R² (last) = 0.4682
  r                   : R² (all) = 0.7555, R² (last) = 0.9927
  inv_r               : R² (all) = 0.5356, R² (last) = 0.7774
  r_squared           : R² (all) = 0.6936, R² (last) = 0.9873
  inv_r_squared       : R² (all) = 0.2326, R² (last) = 0.3526
  inv_r_cubed         : R² (all) = 0.0857, R² (last) = 0.1265
  x                   : R² (all) = 0.9979, R² (last) = 0.9995
  y                   : R² (all) = 0.9982, R² (last) = 0.9995
Evaluating on 500 trajectories...
Conditioning length: 50, Generating 50 more steps per trajectory...

Error Statistics (aggregated across all 500 trajectories):
Mean position error: 0.126465 ± 0.137141
Max position error: 1.670722
R² scores:
  X coordinate: 0.940801 ± 0.208107
  Y coordinate: 0.938926 ± 0.228280
Evaluating on 500 trajectories...
Conditioning length: 50, Generating 50 more steps per trajectory...

Error Statistics (aggregated across all 500 trajectories):
Mean position error: 0.122533 ± 0.122478
Max position error: 1.068195
R² scores:
  X coordinate: 0.945437 ± 0.184849
  Y coordinate: 0.945405 ± 0.180302
Evaluation at step 10001 completed.

Step 10100, Total Train Loss: 0.002538, Prediction Loss: 0.002538, Test Loss: 0.000447, Attention Entropy: not tracked, Entropy Reg Loss: 0.000000, Entropy Reg Active: False, GPU Memory: 0.000 GB
Step 10200, Total Train Loss: 0.002557, Prediction Loss: 0.002557, Test Loss: 0.000504, Attention Entropy: not tracked, Entropy Reg Loss: 0.000000, Entropy Reg Active: False, GPU Memory: 0.000 GB
Step 10300, Total Train Loss: 0.002443, Prediction Loss: 0.002443, Test Loss: 0.000524, Attention Entropy: not tracked, Entropy Reg Loss: 0.000000, Entropy Reg Active: False, GPU Memory: 0.000 GB
Step 10400, Total Train Loss: 0.002626, Prediction Loss: 0.002626, Test Loss: 0.000442, Attention Entropy: not tracked, Entropy Reg Loss: 0.000000, Entropy Reg Active: False, GPU Memory: 0.000 GB
Step 10500, Total Train Loss: 0.002535, Prediction Loss: 0.002535, Test Loss: 0.000374, Attention Entropy: not tracked, Entropy Reg Loss: 0.000000, Entropy Reg Active: False, GPU Memory: 0.000 GB
Step 10600, Total Train Loss: 0.002483, Prediction Loss: 0.002483, Test Loss: 0.000389, Attention Entropy: not tracked, Entropy Reg Loss: 0.000000, Entropy Reg Active: False, GPU Memory: 0.000 GB
Step 10700, Total Train Loss: 0.002588, Prediction Loss: 0.002588, Test Loss: 0.000471, Attention Entropy: not tracked, Entropy Reg Loss: 0.000000, Entropy Reg Active: False, GPU Memory: 0.000 GB
Step 10800, Total Train Loss: 0.002604, Prediction Loss: 0.002604, Test Loss: 0.000430, Attention Entropy: not tracked, Entropy Reg Loss: 0.000000, Entropy Reg Active: False, GPU Memory: 0.000 GB
Step 10900, Total Train Loss: 0.002480, Prediction Loss: 0.002480, Test Loss: 0.000398, Attention Entropy: not tracked, Entropy Reg Loss: 0.000000, Entropy Reg Active: False, GPU Memory: 0.000 GB
Step 11000, Total Train Loss: 0.002412, Prediction Loss: 0.002412, Test Loss: 0.000527, Attention Entropy: not tracked, Entropy Reg Loss: 0.000000, Entropy Reg Active: False, GPU Memory: 0.000 GB

Evaluating at step 11001...
Activations collected:
  input_embed: torch.Size([1000, 99, 32])
  after_pos_emb: torch.Size([1000, 99, 32])
  block_0_attn_output: torch.Size([1000, 99, 32])
  block_0_after_attn_merge: torch.Size([1000, 99, 32])
  block_0_mlp_hidden: torch.Size([1000, 99, 128])
  block_0_mlp_output: torch.Size([1000, 99, 32])
  block_0_after_mlp_merge: torch.Size([1000, 99, 32])
  block_1_attn_output: torch.Size([1000, 99, 32])
  block_1_after_attn_merge: torch.Size([1000, 99, 32])
  block_1_mlp_hidden: torch.Size([1000, 99, 128])
  block_1_mlp_output: torch.Size([1000, 99, 32])
  block_1_after_mlp_merge: torch.Size([1000, 99, 32])
  after_ln_f: torch.Size([1000, 99, 32])

Linear Probe Results (R² scores):
================================================================================

input_embed:
  F_magnitude         : R² (all) = 0.0001, R² (last) = 0.0010
  F_direction_x       : R² (all) = 0.8299, R² (last) = 0.8263
  F_direction_y       : R² (all) = 0.8241, R² (last) = 0.8276
  Fx                  : R² (all) = 0.0629, R² (last) = 0.0749
  Fy                  : R² (all) = 0.0633, R² (last) = 0.0943
  r                   : R² (all) = 0.0008, R² (last) = 0.0056
  inv_r               : R² (all) = 0.0003, R² (last) = 0.0025
  r_squared           : R² (all) = 0.0010, R² (last) = 0.0059
  inv_r_squared       : R² (all) = 0.0001, R² (last) = 0.0010
  inv_r_cubed         : R² (all) = 0.0000, R² (last) = 0.0003
  x                   : R² (all) = 1.0000, R² (last) = 1.0000
  y                   : R² (all) = 1.0000, R² (last) = 1.0000

after_pos_emb:
  F_magnitude         : R² (all) = 0.0426, R² (last) = 0.0011
  F_direction_x       : R² (all) = 0.8299, R² (last) = 0.8263
  F_direction_y       : R² (all) = 0.8241, R² (last) = 0.8276
  Fx                  : R² (all) = 0.0631, R² (last) = 0.0749
  Fy                  : R² (all) = 0.0634, R² (last) = 0.0943
  r                   : R² (all) = 0.0735, R² (last) = 0.0055
  inv_r               : R² (all) = 0.0553, R² (last) = 0.0026
  r_squared           : R² (all) = 0.0823, R² (last) = 0.0056
  inv_r_squared       : R² (all) = 0.0426, R² (last) = 0.0011
  inv_r_cubed         : R² (all) = 0.0252, R² (last) = 0.0003
  x                   : R² (all) = 1.0000, R² (last) = 1.0000
  y                   : R² (all) = 1.0000, R² (last) = 1.0000

block_0_attn_output:
  F_magnitude         : R² (all) = 0.2426, R² (last) = -0.3495
  F_direction_x       : R² (all) = 0.6977, R² (last) = 0.8673
  F_direction_y       : R² (all) = 0.6883, R² (last) = 0.2841
  Fx                  : R² (all) = 0.0330, R² (last) = 0.1247
  Fy                  : R² (all) = 0.0325, R² (last) = 0.1078
  r                   : R² (all) = 0.8453, R² (last) = 0.8837
  inv_r               : R² (all) = 0.5650, R² (last) = 0.4198
  r_squared           : R² (all) = 0.7672, R² (last) = 0.8192
  inv_r_squared       : R² (all) = 0.2426, R² (last) = -0.3514
  inv_r_cubed         : R² (all) = 0.0717, R² (last) = -1.0444
  x                   : R² (all) = 0.8561, R² (last) = 0.8875
  y                   : R² (all) = 0.8534, R² (last) = 0.8770

block_0_after_attn_merge:
  F_magnitude         : R² (all) = 0.2989, R² (last) = 0.2951
  F_direction_x       : R² (all) = 0.9410, R² (last) = 0.9325
  F_direction_y       : R² (all) = 0.9399, R² (last) = 0.8447
  Fx                  : R² (all) = 0.1446, R² (last) = 0.2641
  Fy                  : R² (all) = 0.1465, R² (last) = 0.3315
  r                   : R² (all) = 0.9127, R² (last) = 0.9681
  inv_r               : R² (all) = 0.6617, R² (last) = 0.7642
  r_squared           : R² (all) = 0.8207, R² (last) = 0.9476
  inv_r_squared       : R² (all) = 0.2989, R² (last) = 0.2956
  inv_r_cubed         : R² (all) = 0.0913, R² (last) = -0.2430
  x                   : R² (all) = 0.9507, R² (last) = 0.9578
  y                   : R² (all) = 0.9481, R² (last) = 0.9336

block_0_mlp_hidden:
  F_magnitude         : R² (all) = 0.5716, R² (last) = 0.9445
  F_direction_x       : R² (all) = 0.9847, R² (last) = 0.9953
  F_direction_y       : R² (all) = 0.9841, R² (last) = 0.9929
  Fx                  : R² (all) = 0.3752, R² (last) = 0.5727
  Fy                  : R² (all) = 0.3750, R² (last) = 0.5285
  r                   : R² (all) = 0.9908, R² (last) = 0.9999
  inv_r               : R² (all) = 0.8827, R² (last) = 0.9877
  r_squared           : R² (all) = 0.9682, R² (last) = 0.9996
  inv_r_squared       : R² (all) = 0.5716, R² (last) = 0.9446
  inv_r_cubed         : R² (all) = 0.2552, R² (last) = 0.8579
  x                   : R² (all) = 0.9955, R² (last) = 0.9999
  y                   : R² (all) = 0.9956, R² (last) = 0.9999

block_0_mlp_output:
  F_magnitude         : R² (all) = 0.4073, R² (last) = 0.8165
  F_direction_x       : R² (all) = 0.9692, R² (last) = 0.9820
  F_direction_y       : R² (all) = 0.9673, R² (last) = 0.9851
  Fx                  : R² (all) = 0.2669, R² (last) = 0.4747
  Fy                  : R² (all) = 0.2518, R² (last) = 0.5488
  r                   : R² (all) = 0.9102, R² (last) = 0.9988
  inv_r               : R² (all) = 0.7641, R² (last) = 0.9462
  r_squared           : R² (all) = 0.8042, R² (last) = 0.9964
  inv_r_squared       : R² (all) = 0.4073, R² (last) = 0.8165
  inv_r_cubed         : R² (all) = 0.1459, R² (last) = 0.6443
  x                   : R² (all) = 0.9726, R² (last) = 0.9991
  y                   : R² (all) = 0.9761, R² (last) = 0.9990

block_0_after_mlp_merge:
  F_magnitude         : R² (all) = 0.3020, R² (last) = 0.7377
  F_direction_x       : R² (all) = 0.9638, R² (last) = 0.9805
  F_direction_y       : R² (all) = 0.9667, R² (last) = 0.9843
  Fx                  : R² (all) = 0.2481, R² (last) = 0.4353
  Fy                  : R² (all) = 0.2515, R² (last) = 0.5509
  r                   : R² (all) = 0.8775, R² (last) = 0.9985
  inv_r               : R² (all) = 0.6375, R² (last) = 0.9083
  r_squared           : R² (all) = 0.8365, R² (last) = 0.9968
  inv_r_squared       : R² (all) = 0.3020, R² (last) = 0.7377
  inv_r_cubed         : R² (all) = 0.0950, R² (last) = 0.5440
  x                   : R² (all) = 0.9993, R² (last) = 1.0000
  y                   : R² (all) = 0.9997, R² (last) = 1.0000

block_1_attn_output:
  F_magnitude         : R² (all) = 0.1487, R² (last) = 0.5984
  F_direction_x       : R² (all) = 0.8733, R² (last) = 0.9354
  F_direction_y       : R² (all) = 0.6325, R² (last) = 0.9436
  Fx                  : R² (all) = 0.1280, R² (last) = 0.2868
  Fy                  : R² (all) = 0.1900, R² (last) = 0.3480
  r                   : R² (all) = 0.7249, R² (last) = 0.9888
  inv_r               : R² (all) = 0.4422, R² (last) = 0.8263
  r_squared           : R² (all) = 0.5857, R² (last) = 0.9791
  inv_r_squared       : R² (all) = 0.1488, R² (last) = 0.5982
  inv_r_cubed         : R² (all) = 0.0624, R² (last) = 0.3908
  x                   : R² (all) = 0.8697, R² (last) = 0.9878
  y                   : R² (all) = 0.6574, R² (last) = 0.9871

block_1_after_attn_merge:
  F_magnitude         : R² (all) = 0.3062, R² (last) = 0.7387
  F_direction_x       : R² (all) = 0.9745, R² (last) = 0.9851
  F_direction_y       : R² (all) = 0.9754, R² (last) = 0.9895
  Fx                  : R² (all) = 0.3279, R² (last) = 0.5483
  Fy                  : R² (all) = 0.3352, R² (last) = 0.6383
  r                   : R² (all) = 0.8317, R² (last) = 0.9965
  inv_r               : R² (all) = 0.6394, R² (last) = 0.9108
  r_squared           : R² (all) = 0.7633, R² (last) = 0.9875
  inv_r_squared       : R² (all) = 0.3062, R² (last) = 0.7387
  inv_r_cubed         : R² (all) = 0.1020, R² (last) = 0.5393
  x                   : R² (all) = 0.9872, R² (last) = 0.9992
  y                   : R² (all) = 0.9923, R² (last) = 0.9993

block_1_mlp_hidden:
  F_magnitude         : R² (all) = 0.6339, R² (last) = 0.9673
  F_direction_x       : R² (all) = 0.9839, R² (last) = 0.9982
  F_direction_y       : R² (all) = 0.9857, R² (last) = 0.9985
  Fx                  : R² (all) = 0.4722, R² (last) = 0.8436
  Fy                  : R² (all) = 0.4977, R² (last) = 0.8764
  r                   : R² (all) = 0.9825, R² (last) = 0.9998
  inv_r               : R² (all) = 0.8932, R² (last) = 0.9923
  r_squared           : R² (all) = 0.9751, R² (last) = 0.9998
  inv_r_squared       : R² (all) = 0.6339, R² (last) = 0.9673
  inv_r_cubed         : R² (all) = 0.3400, R² (last) = 0.9165
  x                   : R² (all) = 0.9968, R² (last) = 0.9999
  y                   : R² (all) = 0.9977, R² (last) = 1.0000

block_1_mlp_output:
  F_magnitude         : R² (all) = 0.3916, R² (last) = 0.6638
  F_direction_x       : R² (all) = 0.9703, R² (last) = 0.9815
  F_direction_y       : R² (all) = 0.9673, R² (last) = 0.9873
  Fx                  : R² (all) = 0.3609, R² (last) = 0.5169
  Fy                  : R² (all) = 0.3527, R² (last) = 0.6399
  r                   : R² (all) = 0.8738, R² (last) = 0.9878
  inv_r               : R² (all) = 0.7561, R² (last) = 0.8748
  r_squared           : R² (all) = 0.7870, R² (last) = 0.9693
  inv_r_squared       : R² (all) = 0.3916, R² (last) = 0.6638
  inv_r_cubed         : R² (all) = 0.1265, R² (last) = 0.4537
  x                   : R² (all) = 0.9857, R² (last) = 0.9978
  y                   : R² (all) = 0.9807, R² (last) = 0.9970

block_1_after_mlp_merge:
  F_magnitude         : R² (all) = 0.2796, R² (last) = 0.6899
  F_direction_x       : R² (all) = 0.9675, R² (last) = 0.9875
  F_direction_y       : R² (all) = 0.9643, R² (last) = 0.9900
  Fx                  : R² (all) = 0.3246, R² (last) = 0.5805
  Fy                  : R² (all) = 0.3152, R² (last) = 0.6517
  r                   : R² (all) = 0.8378, R² (last) = 0.9876
  inv_r               : R² (all) = 0.6062, R² (last) = 0.8818
  r_squared           : R² (all) = 0.7933, R² (last) = 0.9709
  inv_r_squared       : R² (all) = 0.2796, R² (last) = 0.6899
  inv_r_cubed         : R² (all) = 0.0864, R² (last) = 0.4898
  x                   : R² (all) = 0.9937, R² (last) = 0.9995
  y                   : R² (all) = 0.9930, R² (last) = 0.9994

after_ln_f:
  F_magnitude         : R² (all) = 0.2579, R² (last) = 0.6488
  F_direction_x       : R² (all) = 0.9558, R² (last) = 0.9830
  F_direction_y       : R² (all) = 0.9518, R² (last) = 0.9851
  Fx                  : R² (all) = 0.2864, R² (last) = 0.5368
  Fy                  : R² (all) = 0.2791, R² (last) = 0.6118
  r                   : R² (all) = 0.7608, R² (last) = 0.9936
  inv_r               : R² (all) = 0.5578, R² (last) = 0.8509
  r_squared           : R² (all) = 0.6991, R² (last) = 0.9890
  inv_r_squared       : R² (all) = 0.2579, R² (last) = 0.6488
  inv_r_cubed         : R² (all) = 0.0878, R² (last) = 0.4500
  x                   : R² (all) = 0.9981, R² (last) = 0.9996
  y                   : R² (all) = 0.9983, R² (last) = 0.9995
Evaluating on 500 trajectories...
Conditioning length: 50, Generating 50 more steps per trajectory...

Error Statistics (aggregated across all 500 trajectories):
Mean position error: 0.098651 ± 0.100778
Max position error: 1.212781
R² scores:
  X coordinate: 0.968542 ± 0.106418
  Y coordinate: 0.968722 ± 0.100050
Evaluating on 500 trajectories...
Conditioning length: 50, Generating 50 more steps per trajectory...

Error Statistics (aggregated across all 500 trajectories):
Mean position error: 0.096280 ± 0.102148
Max position error: 1.145200
R² scores:
  X coordinate: 0.961245 ± 0.137579
  Y coordinate: 0.960375 ± 0.149490
Evaluation at step 11001 completed.

Step 11100, Total Train Loss: 0.002430, Prediction Loss: 0.002430, Test Loss: 0.000394, Attention Entropy: not tracked, Entropy Reg Loss: 0.000000, Entropy Reg Active: False, GPU Memory: 0.000 GB
Step 11200, Total Train Loss: 0.002513, Prediction Loss: 0.002513, Test Loss: 0.000527, Attention Entropy: not tracked, Entropy Reg Loss: 0.000000, Entropy Reg Active: False, GPU Memory: 0.000 GB
Step 11300, Total Train Loss: 0.002450, Prediction Loss: 0.002450, Test Loss: 0.000450, Attention Entropy: not tracked, Entropy Reg Loss: 0.000000, Entropy Reg Active: False, GPU Memory: 0.000 GB
Step 11400, Total Train Loss: 0.002373, Prediction Loss: 0.002373, Test Loss: 0.000415, Attention Entropy: not tracked, Entropy Reg Loss: 0.000000, Entropy Reg Active: False, GPU Memory: 0.000 GB
Step 11500, Total Train Loss: 0.002505, Prediction Loss: 0.002505, Test Loss: 0.000375, Attention Entropy: not tracked, Entropy Reg Loss: 0.000000, Entropy Reg Active: False, GPU Memory: 0.000 GB
Step 11600, Total Train Loss: 0.002444, Prediction Loss: 0.002444, Test Loss: 0.000432, Attention Entropy: not tracked, Entropy Reg Loss: 0.000000, Entropy Reg Active: False, GPU Memory: 0.000 GB
Step 11700, Total Train Loss: 0.002561, Prediction Loss: 0.002561, Test Loss: 0.000408, Attention Entropy: not tracked, Entropy Reg Loss: 0.000000, Entropy Reg Active: False, GPU Memory: 0.000 GB
Step 11800, Total Train Loss: 0.002459, Prediction Loss: 0.002459, Test Loss: 0.000487, Attention Entropy: not tracked, Entropy Reg Loss: 0.000000, Entropy Reg Active: False, GPU Memory: 0.000 GB
Step 11900, Total Train Loss: 0.002472, Prediction Loss: 0.002472, Test Loss: 0.000443, Attention Entropy: not tracked, Entropy Reg Loss: 0.000000, Entropy Reg Active: False, GPU Memory: 0.000 GB
Step 12000, Total Train Loss: 0.002812, Prediction Loss: 0.002812, Test Loss: 0.000454, Attention Entropy: not tracked, Entropy Reg Loss: 0.000000, Entropy Reg Active: False, GPU Memory: 0.000 GB

Evaluating at step 12001...
Activations collected:
  input_embed: torch.Size([1000, 99, 32])
  after_pos_emb: torch.Size([1000, 99, 32])
  block_0_attn_output: torch.Size([1000, 99, 32])
  block_0_after_attn_merge: torch.Size([1000, 99, 32])
  block_0_mlp_hidden: torch.Size([1000, 99, 128])
  block_0_mlp_output: torch.Size([1000, 99, 32])
  block_0_after_mlp_merge: torch.Size([1000, 99, 32])
  block_1_attn_output: torch.Size([1000, 99, 32])
  block_1_after_attn_merge: torch.Size([1000, 99, 32])
  block_1_mlp_hidden: torch.Size([1000, 99, 128])
  block_1_mlp_output: torch.Size([1000, 99, 32])
  block_1_after_mlp_merge: torch.Size([1000, 99, 32])
  after_ln_f: torch.Size([1000, 99, 32])

Linear Probe Results (R² scores):
================================================================================

input_embed:
  F_magnitude         : R² (all) = 0.0002, R² (last) = 0.0003
  F_direction_x       : R² (all) = 0.8272, R² (last) = 0.8248
  F_direction_y       : R² (all) = 0.8274, R² (last) = 0.8326
  Fx                  : R² (all) = 0.0513, R² (last) = 0.0209
  Fy                  : R² (all) = 0.0596, R² (last) = 0.0545
  r                   : R² (all) = 0.0014, R² (last) = 0.0023
  inv_r               : R² (all) = 0.0005, R² (last) = 0.0008
  r_squared           : R² (all) = 0.0021, R² (last) = 0.0028
  inv_r_squared       : R² (all) = 0.0002, R² (last) = 0.0002
  inv_r_cubed         : R² (all) = 0.0001, R² (last) = 0.0001
  x                   : R² (all) = 1.0000, R² (last) = 1.0000
  y                   : R² (all) = 1.0000, R² (last) = 1.0000

after_pos_emb:
  F_magnitude         : R² (all) = 0.0373, R² (last) = 0.0002
  F_direction_x       : R² (all) = 0.8274, R² (last) = 0.8248
  F_direction_y       : R² (all) = 0.8276, R² (last) = 0.8326
  Fx                  : R² (all) = 0.0521, R² (last) = 0.0209
  Fy                  : R² (all) = 0.0600, R² (last) = 0.0545
  r                   : R² (all) = 0.0658, R² (last) = 0.0023
  inv_r               : R² (all) = 0.0498, R² (last) = 0.0008
  r_squared           : R² (all) = 0.0735, R² (last) = 0.0029
  inv_r_squared       : R² (all) = 0.0373, R² (last) = 0.0002
  inv_r_cubed         : R² (all) = 0.0221, R² (last) = 0.0001
  x                   : R² (all) = 1.0000, R² (last) = 1.0000
  y                   : R² (all) = 1.0000, R² (last) = 1.0000

block_0_attn_output:
  F_magnitude         : R² (all) = 0.2118, R² (last) = -2.5452
  F_direction_x       : R² (all) = 0.6866, R² (last) = 0.6199
  F_direction_y       : R² (all) = 0.6827, R² (last) = 0.5894
  Fx                  : R² (all) = 0.0268, R² (last) = -0.2878
  Fy                  : R² (all) = 0.0292, R² (last) = -0.1667
  r                   : R² (all) = 0.8441, R² (last) = 0.9512
  inv_r               : R² (all) = 0.5348, R² (last) = -0.5152
  r_squared           : R² (all) = 0.7678, R² (last) = 0.9189
  inv_r_squared       : R² (all) = 0.2118, R² (last) = -2.5423
  inv_r_cubed         : R² (all) = 0.0623, R² (last) = -2.7176
  x                   : R² (all) = 0.8487, R² (last) = 0.9009
  y                   : R² (all) = 0.8477, R² (last) = 0.9103

block_0_after_attn_merge:
  F_magnitude         : R² (all) = 0.2591, R² (last) = -0.2141
  F_direction_x       : R² (all) = 0.9378, R² (last) = 0.9447
  F_direction_y       : R² (all) = 0.9384, R² (last) = 0.8897
  Fx                  : R² (all) = 0.1211, R² (last) = -0.4408
  Fy                  : R² (all) = 0.1369, R² (last) = 0.1337
  r                   : R² (all) = 0.9165, R² (last) = 0.9812
  inv_r               : R² (all) = 0.6268, R² (last) = 0.6588
  r_squared           : R² (all) = 0.8268, R² (last) = 0.9607
  inv_r_squared       : R² (all) = 0.2591, R² (last) = -0.2042
  inv_r_cubed         : R² (all) = 0.0776, R² (last) = -0.8101
  x                   : R² (all) = 0.9512, R² (last) = 0.9814
  y                   : R² (all) = 0.9505, R² (last) = 0.9564

block_0_mlp_hidden:
  F_magnitude         : R² (all) = 0.5269, R² (last) = 0.7810
  F_direction_x       : R² (all) = 0.9833, R² (last) = 0.9960
  F_direction_y       : R² (all) = 0.9825, R² (last) = 0.9918
  Fx                  : R² (all) = 0.3142, R² (last) = 0.6128
  Fy                  : R² (all) = 0.3462, R² (last) = 0.0306
  r                   : R² (all) = 0.9911, R² (last) = 0.9996
  inv_r               : R² (all) = 0.8618, R² (last) = 0.9552
  r_squared           : R² (all) = 0.9696, R² (last) = 0.9996
  inv_r_squared       : R² (all) = 0.5269, R² (last) = 0.7802
  inv_r_cubed         : R² (all) = 0.2317, R² (last) = 0.5725
  x                   : R² (all) = 0.9956, R² (last) = 0.9999
  y                   : R² (all) = 0.9957, R² (last) = 0.9999

block_0_mlp_output:
  F_magnitude         : R² (all) = 0.3694, R² (last) = 0.5201
  F_direction_x       : R² (all) = 0.9667, R² (last) = 0.9789
  F_direction_y       : R² (all) = 0.9656, R² (last) = 0.9833
  Fx                  : R² (all) = 0.2187, R² (last) = 0.2749
  Fy                  : R² (all) = 0.2326, R² (last) = 0.3707
  r                   : R² (all) = 0.9107, R² (last) = 0.9988
  inv_r               : R² (all) = 0.7417, R² (last) = 0.8583
  r_squared           : R² (all) = 0.7998, R² (last) = 0.9969
  inv_r_squared       : R² (all) = 0.3694, R² (last) = 0.5201
  inv_r_cubed         : R² (all) = 0.1306, R² (last) = 0.2930
  x                   : R² (all) = 0.9723, R² (last) = 0.9992
  y                   : R² (all) = 0.9764, R² (last) = 0.9990

block_0_after_mlp_merge:
  F_magnitude         : R² (all) = 0.2701, R² (last) = 0.4246
  F_direction_x       : R² (all) = 0.9615, R² (last) = 0.9790
  F_direction_y       : R² (all) = 0.9646, R² (last) = 0.9823
  Fx                  : R² (all) = 0.2007, R² (last) = 0.2557
  Fy                  : R² (all) = 0.2290, R² (last) = 0.3453
  r                   : R² (all) = 0.8742, R² (last) = 0.9979
  inv_r               : R² (all) = 0.6108, R² (last) = 0.7919
  r_squared           : R² (all) = 0.8336, R² (last) = 0.9971
  inv_r_squared       : R² (all) = 0.2701, R² (last) = 0.4246
  inv_r_cubed         : R² (all) = 0.0839, R² (last) = 0.2244
  x                   : R² (all) = 0.9993, R² (last) = 1.0000
  y                   : R² (all) = 0.9997, R² (last) = 1.0000

block_1_attn_output:
  F_magnitude         : R² (all) = 0.2663, R² (last) = 0.1730
  F_direction_x       : R² (all) = 0.8998, R² (last) = 0.9269
  F_direction_y       : R² (all) = 0.9082, R² (last) = 0.9360
  Fx                  : R² (all) = 0.1491, R² (last) = 0.1304
  Fy                  : R² (all) = 0.1764, R² (last) = 0.1393
  r                   : R² (all) = 0.7548, R² (last) = 0.9682
  inv_r               : R² (all) = 0.5423, R² (last) = 0.5593
  r_squared           : R² (all) = 0.7237, R² (last) = 0.9766
  inv_r_squared       : R² (all) = 0.2663, R² (last) = 0.1751
  inv_r_cubed         : R² (all) = 0.1017, R² (last) = 0.0551
  x                   : R² (all) = 0.9292, R² (last) = 0.9836
  y                   : R² (all) = 0.9313, R² (last) = 0.9839

block_1_after_attn_merge:
  F_magnitude         : R² (all) = 0.2779, R² (last) = 0.4809
  F_direction_x       : R² (all) = 0.9737, R² (last) = 0.9850
  F_direction_y       : R² (all) = 0.9742, R² (last) = 0.9881
  Fx                  : R² (all) = 0.2753, R² (last) = 0.3680
  Fy                  : R² (all) = 0.3186, R² (last) = 0.4486
  r                   : R² (all) = 0.8295, R² (last) = 0.9963
  inv_r               : R² (all) = 0.6173, R² (last) = 0.8201
  r_squared           : R² (all) = 0.7571, R² (last) = 0.9884
  inv_r_squared       : R² (all) = 0.2779, R² (last) = 0.4809
  inv_r_cubed         : R² (all) = 0.0933, R² (last) = 0.2805
  x                   : R² (all) = 0.9859, R² (last) = 0.9991
  y                   : R² (all) = 0.9915, R² (last) = 0.9992

block_1_mlp_hidden:
  F_magnitude         : R² (all) = 0.6123, R² (last) = 0.8614
  F_direction_x       : R² (all) = 0.9837, R² (last) = 0.9979
  F_direction_y       : R² (all) = 0.9853, R² (last) = 0.9981
  Fx                  : R² (all) = 0.4237, R² (last) = 0.7342
  Fy                  : R² (all) = 0.4878, R² (last) = 0.7376
  r                   : R² (all) = 0.9827, R² (last) = 0.9998
  inv_r               : R² (all) = 0.8881, R² (last) = 0.9749
  r_squared           : R² (all) = 0.9749, R² (last) = 0.9998
  inv_r_squared       : R² (all) = 0.6123, R² (last) = 0.8614
  inv_r_cubed         : R² (all) = 0.3269, R² (last) = 0.7151
  x                   : R² (all) = 0.9968, R² (last) = 0.9999
  y                   : R² (all) = 0.9976, R² (last) = 1.0000

block_1_mlp_output:
  F_magnitude         : R² (all) = 0.3520, R² (last) = 0.4360
  F_direction_x       : R² (all) = 0.9685, R² (last) = 0.9821
  F_direction_y       : R² (all) = 0.9655, R² (last) = 0.9860
  Fx                  : R² (all) = 0.3090, R² (last) = 0.3814
  Fy                  : R² (all) = 0.3322, R² (last) = 0.4689
  r                   : R² (all) = 0.8697, R² (last) = 0.9861
  inv_r               : R² (all) = 0.7286, R² (last) = 0.7871
  r_squared           : R² (all) = 0.7849, R² (last) = 0.9672
  inv_r_squared       : R² (all) = 0.3520, R² (last) = 0.4360
  inv_r_cubed         : R² (all) = 0.1132, R² (last) = 0.2559
  x                   : R² (all) = 0.9847, R² (last) = 0.9980
  y                   : R² (all) = 0.9794, R² (last) = 0.9966

block_1_after_mlp_merge:
  F_magnitude         : R² (all) = 0.2520, R² (last) = 0.4168
  F_direction_x       : R² (all) = 0.9647, R² (last) = 0.9858
  F_direction_y       : R² (all) = 0.9620, R² (last) = 0.9886
  Fx                  : R² (all) = 0.2720, R² (last) = 0.3383
  Fy                  : R² (all) = 0.3009, R² (last) = 0.4717
  r                   : R² (all) = 0.8335, R² (last) = 0.9870
  inv_r               : R² (all) = 0.5834, R² (last) = 0.7775
  r_squared           : R² (all) = 0.7854, R² (last) = 0.9705
  inv_r_squared       : R² (all) = 0.2520, R² (last) = 0.4168
  inv_r_cubed         : R² (all) = 0.0777, R² (last) = 0.2288
  x                   : R² (all) = 0.9932, R² (last) = 0.9995
  y                   : R² (all) = 0.9927, R² (last) = 0.9994

after_ln_f:
  F_magnitude         : R² (all) = 0.2318, R² (last) = 0.3713
  F_direction_x       : R² (all) = 0.9526, R² (last) = 0.9808
  F_direction_y       : R² (all) = 0.9485, R² (last) = 0.9831
  Fx                  : R² (all) = 0.2403, R² (last) = 0.2872
  Fy                  : R² (all) = 0.2645, R² (last) = 0.4213
  r                   : R² (all) = 0.7613, R² (last) = 0.9928
  inv_r               : R² (all) = 0.5347, R² (last) = 0.7438
  r_squared           : R² (all) = 0.6989, R² (last) = 0.9886
  inv_r_squared       : R² (all) = 0.2318, R² (last) = 0.3713
  inv_r_cubed         : R² (all) = 0.0791, R² (last) = 0.1855
  x                   : R² (all) = 0.9978, R² (last) = 0.9995
  y                   : R² (all) = 0.9979, R² (last) = 0.9994
Evaluating on 500 trajectories...
Conditioning length: 50, Generating 50 more steps per trajectory...

Error Statistics (aggregated across all 500 trajectories):
Mean position error: 0.090080 ± 0.090162
Max position error: 0.938345
R² scores:
  X coordinate: 0.965864 ± 0.129553
  Y coordinate: 0.966066 ± 0.134740
Evaluating on 500 trajectories...
Conditioning length: 50, Generating 50 more steps per trajectory...

Error Statistics (aggregated across all 500 trajectories):
Mean position error: 0.088903 ± 0.092553
Max position error: 0.992652
R² scores:
  X coordinate: 0.967797 ± 0.126530
  Y coordinate: 0.967213 ± 0.125434
Evaluation at step 12001 completed.

Step 12100, Total Train Loss: 0.002539, Prediction Loss: 0.002539, Test Loss: 0.000390, Attention Entropy: not tracked, Entropy Reg Loss: 0.000000, Entropy Reg Active: False, GPU Memory: 0.000 GB
Step 12200, Total Train Loss: 0.002581, Prediction Loss: 0.002581, Test Loss: 0.000439, Attention Entropy: not tracked, Entropy Reg Loss: 0.000000, Entropy Reg Active: False, GPU Memory: 0.000 GB
Step 12300, Total Train Loss: 0.002464, Prediction Loss: 0.002464, Test Loss: 0.000446, Attention Entropy: not tracked, Entropy Reg Loss: 0.000000, Entropy Reg Active: False, GPU Memory: 0.000 GB
Step 12400, Total Train Loss: 0.002553, Prediction Loss: 0.002553, Test Loss: 0.000413, Attention Entropy: not tracked, Entropy Reg Loss: 0.000000, Entropy Reg Active: False, GPU Memory: 0.000 GB
Step 12500, Total Train Loss: 0.002333, Prediction Loss: 0.002333, Test Loss: 0.000432, Attention Entropy: not tracked, Entropy Reg Loss: 0.000000, Entropy Reg Active: False, GPU Memory: 0.000 GB
Step 12600, Total Train Loss: 0.002513, Prediction Loss: 0.002513, Test Loss: 0.000517, Attention Entropy: not tracked, Entropy Reg Loss: 0.000000, Entropy Reg Active: False, GPU Memory: 0.000 GB
Step 12700, Total Train Loss: 0.002208, Prediction Loss: 0.002208, Test Loss: 0.000455, Attention Entropy: not tracked, Entropy Reg Loss: 0.000000, Entropy Reg Active: False, GPU Memory: 0.000 GB
Step 12800, Total Train Loss: 0.002469, Prediction Loss: 0.002469, Test Loss: 0.000435, Attention Entropy: not tracked, Entropy Reg Loss: 0.000000, Entropy Reg Active: False, GPU Memory: 0.000 GB
Step 12900, Total Train Loss: 0.002338, Prediction Loss: 0.002338, Test Loss: 0.000429, Attention Entropy: not tracked, Entropy Reg Loss: 0.000000, Entropy Reg Active: False, GPU Memory: 0.000 GB
Step 13000, Total Train Loss: 0.002430, Prediction Loss: 0.002430, Test Loss: 0.000402, Attention Entropy: not tracked, Entropy Reg Loss: 0.000000, Entropy Reg Active: False, GPU Memory: 0.000 GB

Evaluating at step 13001...
Activations collected:
  input_embed: torch.Size([1000, 99, 32])
  after_pos_emb: torch.Size([1000, 99, 32])
  block_0_attn_output: torch.Size([1000, 99, 32])
  block_0_after_attn_merge: torch.Size([1000, 99, 32])
  block_0_mlp_hidden: torch.Size([1000, 99, 128])
  block_0_mlp_output: torch.Size([1000, 99, 32])
  block_0_after_mlp_merge: torch.Size([1000, 99, 32])
  block_1_attn_output: torch.Size([1000, 99, 32])
  block_1_after_attn_merge: torch.Size([1000, 99, 32])
  block_1_mlp_hidden: torch.Size([1000, 99, 128])
  block_1_mlp_output: torch.Size([1000, 99, 32])
  block_1_after_mlp_merge: torch.Size([1000, 99, 32])
  after_ln_f: torch.Size([1000, 99, 32])

Linear Probe Results (R² scores):
================================================================================

input_embed:
  F_magnitude         : R² (all) = 0.0000, R² (last) = 0.0001
  F_direction_x       : R² (all) = 0.8342, R² (last) = 0.8405
  F_direction_y       : R² (all) = 0.8316, R² (last) = 0.8206
  Fx                  : R² (all) = 0.0608, R² (last) = 0.0386
  Fy                  : R² (all) = 0.0573, R² (last) = 0.0676
  r                   : R² (all) = 0.0008, R² (last) = 0.0010
  inv_r               : R² (all) = 0.0000, R² (last) = 0.0007
  r_squared           : R² (all) = 0.0018, R² (last) = 0.0008
  inv_r_squared       : R² (all) = 0.0000, R² (last) = 0.0001
  inv_r_cubed         : R² (all) = 0.0000, R² (last) = -0.0000
  x                   : R² (all) = 1.0000, R² (last) = 1.0000
  y                   : R² (all) = 1.0000, R² (last) = 1.0000

after_pos_emb:
  F_magnitude         : R² (all) = 0.0394, R² (last) = 0.0001
  F_direction_x       : R² (all) = 0.8343, R² (last) = 0.8405
  F_direction_y       : R² (all) = 0.8317, R² (last) = 0.8206
  Fx                  : R² (all) = 0.0612, R² (last) = 0.0386
  Fy                  : R² (all) = 0.0575, R² (last) = 0.0676
  r                   : R² (all) = 0.0706, R² (last) = 0.0011
  inv_r               : R² (all) = 0.0521, R² (last) = 0.0007
  r_squared           : R² (all) = 0.0787, R² (last) = 0.0009
  inv_r_squared       : R² (all) = 0.0394, R² (last) = 0.0001
  inv_r_cubed         : R² (all) = 0.0255, R² (last) = 0.0000
  x                   : R² (all) = 1.0000, R² (last) = 1.0000
  y                   : R² (all) = 1.0000, R² (last) = 1.0000

block_0_attn_output:
  F_magnitude         : R² (all) = 0.2257, R² (last) = -4.2021
  F_direction_x       : R² (all) = 0.6876, R² (last) = 0.8715
  F_direction_y       : R² (all) = 0.6878, R² (last) = 0.2941
  Fx                  : R² (all) = 0.0316, R² (last) = -1.0833
  Fy                  : R² (all) = 0.0296, R² (last) = -0.4018
  r                   : R² (all) = 0.8417, R² (last) = 0.9740
  inv_r               : R² (all) = 0.5427, R² (last) = -1.1892
  r_squared           : R² (all) = 0.7672, R² (last) = 0.9332
  inv_r_squared       : R² (all) = 0.2258, R² (last) = -4.2067
  inv_r_cubed         : R² (all) = 0.0730, R² (last) = -5.0372
  x                   : R² (all) = 0.8454, R² (last) = 0.8890
  y                   : R² (all) = 0.8487, R² (last) = 0.7125

block_0_after_attn_merge:
  F_magnitude         : R² (all) = 0.2739, R² (last) = 0.2953
  F_direction_x       : R² (all) = 0.9409, R² (last) = 0.8836
  F_direction_y       : R² (all) = 0.9400, R² (last) = 0.8612
  Fx                  : R² (all) = 0.1360, R² (last) = -1.2708
  Fy                  : R² (all) = 0.1285, R² (last) = 0.2946
  r                   : R² (all) = 0.9180, R² (last) = 0.9767
  inv_r               : R² (all) = 0.6340, R² (last) = 0.6666
  r_squared           : R² (all) = 0.8314, R² (last) = 0.9575
  inv_r_squared       : R² (all) = 0.2739, R² (last) = 0.2912
  inv_r_cubed         : R² (all) = 0.0899, R² (last) = 0.2408
  x                   : R² (all) = 0.9526, R² (last) = 0.9545
  y                   : R² (all) = 0.9521, R² (last) = 0.9448

block_0_mlp_hidden:
  F_magnitude         : R² (all) = 0.5486, R² (last) = 0.8309
  F_direction_x       : R² (all) = 0.9840, R² (last) = 0.9942
  F_direction_y       : R² (all) = 0.9828, R² (last) = 0.9968
  Fx                  : R² (all) = 0.3543, R² (last) = 0.2511
  Fy                  : R² (all) = 0.3275, R² (last) = 0.8168
  r                   : R² (all) = 0.9916, R² (last) = 0.9996
  inv_r               : R² (all) = 0.8677, R² (last) = 0.9625
  r_squared           : R² (all) = 0.9709, R² (last) = 0.9995
  inv_r_squared       : R² (all) = 0.5486, R² (last) = 0.8309
  inv_r_cubed         : R² (all) = 0.2603, R² (last) = 0.6278
  x                   : R² (all) = 0.9959, R² (last) = 0.9999
  y                   : R² (all) = 0.9958, R² (last) = 0.9999

block_0_mlp_output:
  F_magnitude         : R² (all) = 0.3917, R² (last) = 0.6711
  F_direction_x       : R² (all) = 0.9677, R² (last) = 0.9810
  F_direction_y       : R² (all) = 0.9664, R² (last) = 0.9812
  Fx                  : R² (all) = 0.2450, R² (last) = 0.2985
  Fy                  : R² (all) = 0.2241, R² (last) = 0.5544
  r                   : R² (all) = 0.9143, R² (last) = 0.9989
  inv_r               : R² (all) = 0.7555, R² (last) = 0.9079
  r_squared           : R² (all) = 0.8043, R² (last) = 0.9970
  inv_r_squared       : R² (all) = 0.3917, R² (last) = 0.6711
  inv_r_cubed         : R² (all) = 0.1495, R² (last) = 0.4168
  x                   : R² (all) = 0.9726, R² (last) = 0.9991
  y                   : R² (all) = 0.9769, R² (last) = 0.9990

block_0_after_mlp_merge:
  F_magnitude         : R² (all) = 0.2878, R² (last) = 0.5849
  F_direction_x       : R² (all) = 0.9626, R² (last) = 0.9816
  F_direction_y       : R² (all) = 0.9654, R² (last) = 0.9810
  Fx                  : R² (all) = 0.2283, R² (last) = 0.2972
  Fy                  : R² (all) = 0.2161, R² (last) = 0.5411
  r                   : R² (all) = 0.8742, R² (last) = 0.9978
  inv_r               : R² (all) = 0.6173, R² (last) = 0.8572
  r_squared           : R² (all) = 0.8381, R² (last) = 0.9973
  inv_r_squared       : R² (all) = 0.2878, R² (last) = 0.5849
  inv_r_cubed         : R² (all) = 0.1003, R² (last) = 0.3409
  x                   : R² (all) = 0.9993, R² (last) = 1.0000
  y                   : R² (all) = 0.9997, R² (last) = 1.0000

block_1_attn_output:
  F_magnitude         : R² (all) = 0.2785, R² (last) = 0.4074
  F_direction_x       : R² (all) = 0.9025, R² (last) = 0.9387
  F_direction_y       : R² (all) = 0.8940, R² (last) = 0.9269
  Fx                  : R² (all) = 0.1687, R² (last) = 0.1572
  Fy                  : R² (all) = 0.1705, R² (last) = 0.1318
  r                   : R² (all) = 0.7536, R² (last) = 0.9845
  inv_r               : R² (all) = 0.5482, R² (last) = 0.7331
  r_squared           : R² (all) = 0.7186, R² (last) = 0.9760
  inv_r_squared       : R² (all) = 0.2785, R² (last) = 0.4072
  inv_r_cubed         : R² (all) = 0.1164, R² (last) = 0.1901
  x                   : R² (all) = 0.9280, R² (last) = 0.9842
  y                   : R² (all) = 0.9163, R² (last) = 0.9865

block_1_after_attn_merge:
  F_magnitude         : R² (all) = 0.2967, R² (last) = 0.6041
  F_direction_x       : R² (all) = 0.9745, R² (last) = 0.9850
  F_direction_y       : R² (all) = 0.9744, R² (last) = 0.9887
  Fx                  : R² (all) = 0.3065, R² (last) = 0.3854
  Fy                  : R² (all) = 0.2999, R² (last) = 0.6885
  r                   : R² (all) = 0.8263, R² (last) = 0.9966
  inv_r               : R² (all) = 0.6248, R² (last) = 0.8667
  r_squared           : R² (all) = 0.7556, R² (last) = 0.9889
  inv_r_squared       : R² (all) = 0.2967, R² (last) = 0.6041
  inv_r_cubed         : R² (all) = 0.1116, R² (last) = 0.3673
  x                   : R² (all) = 0.9858, R² (last) = 0.9992
  y                   : R² (all) = 0.9918, R² (last) = 0.9992

block_1_mlp_hidden:
  F_magnitude         : R² (all) = 0.6453, R² (last) = 0.9337
  F_direction_x       : R² (all) = 0.9847, R² (last) = 0.9979
  F_direction_y       : R² (all) = 0.9859, R² (last) = 0.9984
  Fx                  : R² (all) = 0.4643, R² (last) = 0.7592
  Fy                  : R² (all) = 0.4635, R² (last) = 0.9087
  r                   : R² (all) = 0.9838, R² (last) = 0.9998
  inv_r               : R² (all) = 0.8964, R² (last) = 0.9883
  r_squared           : R² (all) = 0.9767, R² (last) = 0.9998
  inv_r_squared       : R² (all) = 0.6453, R² (last) = 0.9337
  inv_r_cubed         : R² (all) = 0.3771, R² (last) = 0.8263
  x                   : R² (all) = 0.9970, R² (last) = 0.9999
  y                   : R² (all) = 0.9977, R² (last) = 0.9999

block_1_mlp_output:
  F_magnitude         : R² (all) = 0.3717, R² (last) = 0.5597
  F_direction_x       : R² (all) = 0.9698, R² (last) = 0.9832
  F_direction_y       : R² (all) = 0.9667, R² (last) = 0.9864
  Fx                  : R² (all) = 0.3443, R² (last) = 0.3965
  Fy                  : R² (all) = 0.3153, R² (last) = 0.6804
  r                   : R² (all) = 0.8643, R² (last) = 0.9847
  inv_r               : R² (all) = 0.7324, R² (last) = 0.8408
  r_squared           : R² (all) = 0.7843, R² (last) = 0.9637
  inv_r_squared       : R² (all) = 0.3717, R² (last) = 0.5597
  inv_r_cubed         : R² (all) = 0.1306, R² (last) = 0.3346
  x                   : R² (all) = 0.9848, R² (last) = 0.9980
  y                   : R² (all) = 0.9804, R² (last) = 0.9969

block_1_after_mlp_merge:
  F_magnitude         : R² (all) = 0.2685, R² (last) = 0.5509
  F_direction_x       : R² (all) = 0.9661, R² (last) = 0.9860
  F_direction_y       : R² (all) = 0.9620, R² (last) = 0.9894
  Fx                  : R² (all) = 0.2990, R² (last) = 0.4153
  Fy                  : R² (all) = 0.2780, R² (last) = 0.6879
  r                   : R² (all) = 0.8268, R² (last) = 0.9883
  inv_r               : R² (all) = 0.5908, R² (last) = 0.8340
  r_squared           : R² (all) = 0.7776, R² (last) = 0.9739
  inv_r_squared       : R² (all) = 0.2685, R² (last) = 0.5509
  inv_r_cubed         : R² (all) = 0.0918, R² (last) = 0.3173
  x                   : R² (all) = 0.9934, R² (last) = 0.9995
  y                   : R² (all) = 0.9927, R² (last) = 0.9993

after_ln_f:
  F_magnitude         : R² (all) = 0.2462, R² (last) = 0.5350
  F_direction_x       : R² (all) = 0.9539, R² (last) = 0.9814
  F_direction_y       : R² (all) = 0.9486, R² (last) = 0.9828
  Fx                  : R² (all) = 0.2643, R² (last) = 0.3606
  Fy                  : R² (all) = 0.2442, R² (last) = 0.6276
  r                   : R² (all) = 0.7447, R² (last) = 0.9936
  inv_r               : R² (all) = 0.5403, R² (last) = 0.8125
  r_squared           : R² (all) = 0.6744, R² (last) = 0.9894
  inv_r_squared       : R² (all) = 0.2462, R² (last) = 0.5350
  inv_r_cubed         : R² (all) = 0.0925, R² (last) = 0.3079
  x                   : R² (all) = 0.9979, R² (last) = 0.9996
  y                   : R² (all) = 0.9980, R² (last) = 0.9995
Evaluating on 500 trajectories...
Conditioning length: 50, Generating 50 more steps per trajectory...

Error Statistics (aggregated across all 500 trajectories):
Mean position error: 0.084737 ± 0.090672
Max position error: 1.035498
R² scores:
  X coordinate: 0.969437 ± 0.086096
  Y coordinate: 0.971036 ± 0.082399
Evaluating on 500 trajectories...
Conditioning length: 50, Generating 50 more steps per trajectory...

Error Statistics (aggregated across all 500 trajectories):
Mean position error: 0.085285 ± 0.087617
Max position error: 0.828085
R² scores:
  X coordinate: 0.971799 ± 0.073540
  Y coordinate: 0.972940 ± 0.070249
Evaluation at step 13001 completed.

Step 13100, Total Train Loss: 0.002393, Prediction Loss: 0.002393, Test Loss: 0.000521, Attention Entropy: not tracked, Entropy Reg Loss: 0.000000, Entropy Reg Active: False, GPU Memory: 0.000 GB
Step 13200, Total Train Loss: 0.002347, Prediction Loss: 0.002347, Test Loss: 0.000477, Attention Entropy: not tracked, Entropy Reg Loss: 0.000000, Entropy Reg Active: False, GPU Memory: 0.000 GB
Step 13300, Total Train Loss: 0.002468, Prediction Loss: 0.002468, Test Loss: 0.000367, Attention Entropy: not tracked, Entropy Reg Loss: 0.000000, Entropy Reg Active: False, GPU Memory: 0.000 GB
Step 13400, Total Train Loss: 0.002671, Prediction Loss: 0.002671, Test Loss: 0.000424, Attention Entropy: not tracked, Entropy Reg Loss: 0.000000, Entropy Reg Active: False, GPU Memory: 0.000 GB
Step 13500, Total Train Loss: 0.002538, Prediction Loss: 0.002538, Test Loss: 0.000399, Attention Entropy: not tracked, Entropy Reg Loss: 0.000000, Entropy Reg Active: False, GPU Memory: 0.000 GB
Step 13600, Total Train Loss: 0.002394, Prediction Loss: 0.002394, Test Loss: 0.000441, Attention Entropy: not tracked, Entropy Reg Loss: 0.000000, Entropy Reg Active: False, GPU Memory: 0.000 GB
Step 13700, Total Train Loss: 0.002524, Prediction Loss: 0.002524, Test Loss: 0.000417, Attention Entropy: not tracked, Entropy Reg Loss: 0.000000, Entropy Reg Active: False, GPU Memory: 0.000 GB
Step 13800, Total Train Loss: 0.002485, Prediction Loss: 0.002485, Test Loss: 0.000378, Attention Entropy: not tracked, Entropy Reg Loss: 0.000000, Entropy Reg Active: False, GPU Memory: 0.000 GB
Step 13900, Total Train Loss: 0.002712, Prediction Loss: 0.002712, Test Loss: 0.000403, Attention Entropy: not tracked, Entropy Reg Loss: 0.000000, Entropy Reg Active: False, GPU Memory: 0.000 GB
Step 14000, Total Train Loss: 0.002552, Prediction Loss: 0.002552, Test Loss: 0.000361, Attention Entropy: not tracked, Entropy Reg Loss: 0.000000, Entropy Reg Active: False, GPU Memory: 0.000 GB

Evaluating at step 14001...
Activations collected:
  input_embed: torch.Size([1000, 99, 32])
  after_pos_emb: torch.Size([1000, 99, 32])
  block_0_attn_output: torch.Size([1000, 99, 32])
  block_0_after_attn_merge: torch.Size([1000, 99, 32])
  block_0_mlp_hidden: torch.Size([1000, 99, 128])
  block_0_mlp_output: torch.Size([1000, 99, 32])
  block_0_after_mlp_merge: torch.Size([1000, 99, 32])
  block_1_attn_output: torch.Size([1000, 99, 32])
  block_1_after_attn_merge: torch.Size([1000, 99, 32])
  block_1_mlp_hidden: torch.Size([1000, 99, 128])
  block_1_mlp_output: torch.Size([1000, 99, 32])
  block_1_after_mlp_merge: torch.Size([1000, 99, 32])
  after_ln_f: torch.Size([1000, 99, 32])

Linear Probe Results (R² scores):
================================================================================

input_embed:
  F_magnitude         : R² (all) = 0.0000, R² (last) = 0.0004
  F_direction_x       : R² (all) = 0.8326, R² (last) = 0.8367
  F_direction_y       : R² (all) = 0.8321, R² (last) = 0.8415
  Fx                  : R² (all) = 0.0517, R² (last) = 0.0767
  Fy                  : R² (all) = 0.0568, R² (last) = 0.1194
  r                   : R² (all) = 0.0004, R² (last) = 0.0024
  inv_r               : R² (all) = 0.0001, R² (last) = 0.0010
  r_squared           : R² (all) = 0.0005, R² (last) = 0.0024
  inv_r_squared       : R² (all) = 0.0000, R² (last) = 0.0004
  inv_r_cubed         : R² (all) = 0.0000, R² (last) = 0.0001
  x                   : R² (all) = 1.0000, R² (last) = 1.0000
  y                   : R² (all) = 1.0000, R² (last) = 1.0000

after_pos_emb:
  F_magnitude         : R² (all) = 0.0356, R² (last) = 0.0004
  F_direction_x       : R² (all) = 0.8327, R² (last) = 0.8368
  F_direction_y       : R² (all) = 0.8322, R² (last) = 0.8415
  Fx                  : R² (all) = 0.0522, R² (last) = 0.0768
  Fy                  : R² (all) = 0.0571, R² (last) = 0.1194
  r                   : R² (all) = 0.0668, R² (last) = 0.0024
  inv_r               : R² (all) = 0.0501, R² (last) = 0.0010
  r_squared           : R² (all) = 0.0742, R² (last) = 0.0025
  inv_r_squared       : R² (all) = 0.0356, R² (last) = 0.0004
  inv_r_cubed         : R² (all) = 0.0186, R² (last) = 0.0001
  x                   : R² (all) = 1.0000, R² (last) = 1.0000
  y                   : R² (all) = 1.0000, R² (last) = 1.0000

block_0_attn_output:
  F_magnitude         : R² (all) = 0.2043, R² (last) = 0.1698
  F_direction_x       : R² (all) = 0.6846, R² (last) = 0.8429
  F_direction_y       : R² (all) = 0.6806, R² (last) = -0.4478
  Fx                  : R² (all) = 0.0225, R² (last) = 0.2638
  Fy                  : R² (all) = 0.0286, R² (last) = -0.3605
  r                   : R² (all) = 0.8395, R² (last) = 0.9735
  inv_r               : R² (all) = 0.5413, R² (last) = 0.7087
  r_squared           : R² (all) = 0.7619, R² (last) = 0.9162
  inv_r_squared       : R² (all) = 0.2043, R² (last) = 0.1733
  inv_r_cubed         : R² (all) = 0.0516, R² (last) = -0.3507
  x                   : R² (all) = 0.8468, R² (last) = 0.9030
  y                   : R² (all) = 0.8433, R² (last) = -0.1474

block_0_after_attn_merge:
  F_magnitude         : R² (all) = 0.2531, R² (last) = 0.7657
  F_direction_x       : R² (all) = 0.9392, R² (last) = 0.9513
  F_direction_y       : R² (all) = 0.9392, R² (last) = 0.9357
  Fx                  : R² (all) = 0.1232, R² (last) = 0.3406
  Fy                  : R² (all) = 0.1284, R² (last) = 0.2959
  r                   : R² (all) = 0.9219, R² (last) = 0.9812
  inv_r               : R² (all) = 0.6378, R² (last) = 0.9227
  r_squared           : R² (all) = 0.8355, R² (last) = 0.9650
  inv_r_squared       : R² (all) = 0.2531, R² (last) = 0.7663
  inv_r_cubed         : R² (all) = 0.0663, R² (last) = 0.5682
  x                   : R² (all) = 0.9534, R² (last) = 0.9795
  y                   : R² (all) = 0.9529, R² (last) = 0.9675

block_0_mlp_hidden:
  F_magnitude         : R² (all) = 0.5043, R² (last) = 0.9513
  F_direction_x       : R² (all) = 0.9841, R² (last) = 0.9960
  F_direction_y       : R² (all) = 0.9830, R² (last) = 0.9953
  Fx                  : R² (all) = 0.3217, R² (last) = 0.6153
  Fy                  : R² (all) = 0.3278, R² (last) = 0.7242
  r                   : R² (all) = 0.9916, R² (last) = 0.9999
  inv_r               : R² (all) = 0.8652, R² (last) = 0.9892
  r_squared           : R² (all) = 0.9699, R² (last) = 0.9997
  inv_r_squared       : R² (all) = 0.5043, R² (last) = 0.9513
  inv_r_cubed         : R² (all) = 0.1979, R² (last) = 0.8799
  x                   : R² (all) = 0.9957, R² (last) = 0.9999
  y                   : R² (all) = 0.9958, R² (last) = 0.9999

block_0_mlp_output:
  F_magnitude         : R² (all) = 0.3688, R² (last) = 0.8340
  F_direction_x       : R² (all) = 0.9670, R² (last) = 0.9842
  F_direction_y       : R² (all) = 0.9662, R² (last) = 0.9845
  Fx                  : R² (all) = 0.2256, R² (last) = 0.4952
  Fy                  : R² (all) = 0.2236, R² (last) = 0.5693
  r                   : R² (all) = 0.9150, R² (last) = 0.9991
  inv_r               : R² (all) = 0.7623, R² (last) = 0.9527
  r_squared           : R² (all) = 0.7998, R² (last) = 0.9972
  inv_r_squared       : R² (all) = 0.3688, R² (last) = 0.8340
  inv_r_cubed         : R² (all) = 0.1172, R² (last) = 0.6636
  x                   : R² (all) = 0.9721, R² (last) = 0.9992
  y                   : R² (all) = 0.9771, R² (last) = 0.9990

block_0_after_mlp_merge:
  F_magnitude         : R² (all) = 0.2703, R² (last) = 0.7280
  F_direction_x       : R² (all) = 0.9627, R² (last) = 0.9846
  F_direction_y       : R² (all) = 0.9649, R² (last) = 0.9850
  Fx                  : R² (all) = 0.2117, R² (last) = 0.4882
  Fy                  : R² (all) = 0.2182, R² (last) = 0.5743
  r                   : R² (all) = 0.8759, R² (last) = 0.9975
  inv_r               : R² (all) = 0.6235, R² (last) = 0.9038
  r_squared           : R² (all) = 0.8384, R² (last) = 0.9970
  inv_r_squared       : R² (all) = 0.2703, R² (last) = 0.7280
  inv_r_cubed         : R² (all) = 0.0778, R² (last) = 0.5267
  x                   : R² (all) = 0.9993, R² (last) = 1.0000
  y                   : R² (all) = 0.9997, R² (last) = 1.0000

block_1_attn_output:
  F_magnitude         : R² (all) = 0.2399, R² (last) = 0.6196
  F_direction_x       : R² (all) = 0.8816, R² (last) = 0.9443
  F_direction_y       : R² (all) = 0.8421, R² (last) = 0.9219
  Fx                  : R² (all) = 0.1409, R² (last) = 0.2961
  Fy                  : R² (all) = 0.1731, R² (last) = -0.0273
  r                   : R² (all) = 0.7597, R² (last) = 0.9831
  inv_r               : R² (all) = 0.5394, R² (last) = 0.8359
  r_squared           : R² (all) = 0.7201, R² (last) = 0.9660
  inv_r_squared       : R² (all) = 0.2399, R² (last) = 0.6195
  inv_r_cubed         : R² (all) = 0.0801, R² (last) = 0.4134
  x                   : R² (all) = 0.9001, R² (last) = 0.9847
  y                   : R² (all) = 0.8775, R² (last) = 0.9843

block_1_after_attn_merge:
  F_magnitude         : R² (all) = 0.2762, R² (last) = 0.7495
  F_direction_x       : R² (all) = 0.9750, R² (last) = 0.9894
  F_direction_y       : R² (all) = 0.9747, R² (last) = 0.9904
  Fx                  : R² (all) = 0.2836, R² (last) = 0.6039
  Fy                  : R² (all) = 0.3007, R² (last) = 0.6659
  r                   : R² (all) = 0.8260, R² (last) = 0.9966
  inv_r               : R² (all) = 0.6278, R² (last) = 0.9134
  r_squared           : R² (all) = 0.7535, R² (last) = 0.9893
  inv_r_squared       : R² (all) = 0.2762, R² (last) = 0.7495
  inv_r_cubed         : R² (all) = 0.0848, R² (last) = 0.5609
  x                   : R² (all) = 0.9856, R² (last) = 0.9992
  y                   : R² (all) = 0.9915, R² (last) = 0.9992

block_1_mlp_hidden:
  F_magnitude         : R² (all) = 0.5988, R² (last) = 0.9688
  F_direction_x       : R² (all) = 0.9852, R² (last) = 0.9986
  F_direction_y       : R² (all) = 0.9860, R² (last) = 0.9988
  Fx                  : R² (all) = 0.4326, R² (last) = 0.8783
  Fy                  : R² (all) = 0.4509, R² (last) = 0.9031
  r                   : R² (all) = 0.9849, R² (last) = 0.9998
  inv_r               : R² (all) = 0.8951, R² (last) = 0.9929
  r_squared           : R² (all) = 0.9782, R² (last) = 0.9998
  inv_r_squared       : R² (all) = 0.5988, R² (last) = 0.9688
  inv_r_cubed         : R² (all) = 0.2951, R² (last) = 0.9188
  x                   : R² (all) = 0.9969, R² (last) = 0.9999
  y                   : R² (all) = 0.9978, R² (last) = 0.9999

block_1_mlp_output:
  F_magnitude         : R² (all) = 0.3459, R² (last) = 0.6925
  F_direction_x       : R² (all) = 0.9699, R² (last) = 0.9882
  F_direction_y       : R² (all) = 0.9667, R² (last) = 0.9889
  Fx                  : R² (all) = 0.3196, R² (last) = 0.5829
  Fy                  : R² (all) = 0.3141, R² (last) = 0.6729
  r                   : R² (all) = 0.8589, R² (last) = 0.9860
  inv_r               : R² (all) = 0.7296, R² (last) = 0.8887
  r_squared           : R² (all) = 0.7809, R² (last) = 0.9644
  inv_r_squared       : R² (all) = 0.3459, R² (last) = 0.6925
  inv_r_cubed         : R² (all) = 0.1023, R² (last) = 0.4856
  x                   : R² (all) = 0.9851, R² (last) = 0.9981
  y                   : R² (all) = 0.9804, R² (last) = 0.9969

block_1_after_mlp_merge:
  F_magnitude         : R² (all) = 0.2509, R² (last) = 0.6986
  F_direction_x       : R² (all) = 0.9660, R² (last) = 0.9904
  F_direction_y       : R² (all) = 0.9612, R² (last) = 0.9913
  Fx                  : R² (all) = 0.2771, R² (last) = 0.6223
  Fy                  : R² (all) = 0.2740, R² (last) = 0.7127
  r                   : R² (all) = 0.8334, R² (last) = 0.9876
  inv_r               : R² (all) = 0.5975, R² (last) = 0.8861
  r_squared           : R² (all) = 0.7817, R² (last) = 0.9726
  inv_r_squared       : R² (all) = 0.2509, R² (last) = 0.6986
  inv_r_cubed         : R² (all) = 0.0700, R² (last) = 0.4965
  x                   : R² (all) = 0.9932, R² (last) = 0.9995
  y                   : R² (all) = 0.9925, R² (last) = 0.9993

after_ln_f:
  F_magnitude         : R² (all) = 0.2295, R² (last) = 0.6829
  F_direction_x       : R² (all) = 0.9531, R² (last) = 0.9852
  F_direction_y       : R² (all) = 0.9464, R² (last) = 0.9848
  Fx                  : R² (all) = 0.2416, R² (last) = 0.5710
  Fy                  : R² (all) = 0.2389, R² (last) = 0.6658
  r                   : R² (all) = 0.7556, R² (last) = 0.9936
  inv_r               : R² (all) = 0.5468, R² (last) = 0.8671
  r_squared           : R² (all) = 0.6848, R² (last) = 0.9884
  inv_r_squared       : R² (all) = 0.2295, R² (last) = 0.6829
  inv_r_cubed         : R² (all) = 0.0695, R² (last) = 0.4885
  x                   : R² (all) = 0.9978, R² (last) = 0.9996
  y                   : R² (all) = 0.9980, R² (last) = 0.9995
Evaluating on 500 trajectories...
Conditioning length: 50, Generating 50 more steps per trajectory...

Error Statistics (aggregated across all 500 trajectories):
Mean position error: 0.075094 ± 0.082802
Max position error: 0.948765
R² scores:
  X coordinate: 0.980453 ± 0.046055
  Y coordinate: 0.981643 ± 0.042715
Evaluating on 500 trajectories...
Conditioning length: 50, Generating 50 more steps per trajectory...

Error Statistics (aggregated across all 500 trajectories):
Mean position error: 0.077782 ± 0.085157
Max position error: 0.838252
R² scores:
  X coordinate: 0.973203 ± 0.084954
  Y coordinate: 0.973458 ± 0.082653
Evaluation at step 14001 completed.

Step 14100, Total Train Loss: 0.002547, Prediction Loss: 0.002547, Test Loss: 0.000537, Attention Entropy: not tracked, Entropy Reg Loss: 0.000000, Entropy Reg Active: False, GPU Memory: 0.000 GB
Step 14200, Total Train Loss: 0.002506, Prediction Loss: 0.002506, Test Loss: 0.000401, Attention Entropy: not tracked, Entropy Reg Loss: 0.000000, Entropy Reg Active: False, GPU Memory: 0.000 GB
Step 14300, Total Train Loss: 0.002287, Prediction Loss: 0.002287, Test Loss: 0.000391, Attention Entropy: not tracked, Entropy Reg Loss: 0.000000, Entropy Reg Active: False, GPU Memory: 0.000 GB
Step 14400, Total Train Loss: 0.002297, Prediction Loss: 0.002297, Test Loss: 0.000435, Attention Entropy: not tracked, Entropy Reg Loss: 0.000000, Entropy Reg Active: False, GPU Memory: 0.000 GB
Step 14500, Total Train Loss: 0.002421, Prediction Loss: 0.002421, Test Loss: 0.000516, Attention Entropy: not tracked, Entropy Reg Loss: 0.000000, Entropy Reg Active: False, GPU Memory: 0.000 GB
Step 14600, Total Train Loss: 0.002517, Prediction Loss: 0.002517, Test Loss: 0.000430, Attention Entropy: not tracked, Entropy Reg Loss: 0.000000, Entropy Reg Active: False, GPU Memory: 0.000 GB
Step 14700, Total Train Loss: 0.002599, Prediction Loss: 0.002599, Test Loss: 0.000393, Attention Entropy: not tracked, Entropy Reg Loss: 0.000000, Entropy Reg Active: False, GPU Memory: 0.000 GB
Step 14800, Total Train Loss: 0.002589, Prediction Loss: 0.002589, Test Loss: 0.000388, Attention Entropy: not tracked, Entropy Reg Loss: 0.000000, Entropy Reg Active: False, GPU Memory: 0.000 GB
Step 14900, Total Train Loss: 0.002421, Prediction Loss: 0.002421, Test Loss: 0.000513, Attention Entropy: not tracked, Entropy Reg Loss: 0.000000, Entropy Reg Active: False, GPU Memory: 0.000 GB
Step 15000, Total Train Loss: 0.002556, Prediction Loss: 0.002556, Test Loss: 0.000436, Attention Entropy: not tracked, Entropy Reg Loss: 0.000000, Entropy Reg Active: False, GPU Memory: 0.000 GB

Evaluating at step 15001...
Activations collected:
  input_embed: torch.Size([1000, 99, 32])
  after_pos_emb: torch.Size([1000, 99, 32])
  block_0_attn_output: torch.Size([1000, 99, 32])
  block_0_after_attn_merge: torch.Size([1000, 99, 32])
  block_0_mlp_hidden: torch.Size([1000, 99, 128])
  block_0_mlp_output: torch.Size([1000, 99, 32])
  block_0_after_mlp_merge: torch.Size([1000, 99, 32])
  block_1_attn_output: torch.Size([1000, 99, 32])
  block_1_after_attn_merge: torch.Size([1000, 99, 32])
  block_1_mlp_hidden: torch.Size([1000, 99, 128])
  block_1_mlp_output: torch.Size([1000, 99, 32])
  block_1_after_mlp_merge: torch.Size([1000, 99, 32])
  after_ln_f: torch.Size([1000, 99, 32])

Linear Probe Results (R² scores):
================================================================================

input_embed:
  F_magnitude         : R² (all) = 0.0002, R² (last) = 0.0007
  F_direction_x       : R² (all) = 0.8259, R² (last) = 0.8148
  F_direction_y       : R² (all) = 0.8298, R² (last) = 0.8376
  Fx                  : R² (all) = 0.0670, R² (last) = 0.0724
  Fy                  : R² (all) = 0.0646, R² (last) = 0.0934
  r                   : R² (all) = 0.0045, R² (last) = 0.0104
  inv_r               : R² (all) = 0.0009, R² (last) = 0.0022
  r_squared           : R² (all) = 0.0067, R² (last) = 0.0140
  inv_r_squared       : R² (all) = 0.0002, R² (last) = 0.0008
  inv_r_cubed         : R² (all) = 0.0000, R² (last) = 0.0003
  x                   : R² (all) = 1.0000, R² (last) = 1.0000
  y                   : R² (all) = 1.0000, R² (last) = 1.0000

after_pos_emb:
  F_magnitude         : R² (all) = 0.0390, R² (last) = 0.0008
  F_direction_x       : R² (all) = 0.8261, R² (last) = 0.8148
  F_direction_y       : R² (all) = 0.8299, R² (last) = 0.8376
  Fx                  : R² (all) = 0.0672, R² (last) = 0.0724
  Fy                  : R² (all) = 0.0649, R² (last) = 0.0934
  r                   : R² (all) = 0.0646, R² (last) = 0.0103
  inv_r               : R² (all) = 0.0486, R² (last) = 0.0023
  r_squared           : R² (all) = 0.0734, R² (last) = 0.0137
  inv_r_squared       : R² (all) = 0.0390, R² (last) = 0.0008
  inv_r_cubed         : R² (all) = 0.0268, R² (last) = 0.0003
  x                   : R² (all) = 1.0000, R² (last) = 1.0000
  y                   : R² (all) = 1.0000, R² (last) = 1.0000

block_0_attn_output:
  F_magnitude         : R² (all) = 0.2460, R² (last) = 0.6006
  F_direction_x       : R² (all) = 0.6654, R² (last) = 0.6043
  F_direction_y       : R² (all) = 0.6733, R² (last) = 0.5305
  Fx                  : R² (all) = 0.0327, R² (last) = 0.0488
  Fy                  : R² (all) = 0.0313, R² (last) = -0.1274
  r                   : R² (all) = 0.8421, R² (last) = 0.9760
  inv_r               : R² (all) = 0.5584, R² (last) = 0.8265
  r_squared           : R² (all) = 0.7666, R² (last) = 0.9173
  inv_r_squared       : R² (all) = 0.2460, R² (last) = 0.5994
  inv_r_cubed         : R² (all) = 0.0819, R² (last) = 0.4384
  x                   : R² (all) = 0.8378, R² (last) = 0.7478
  y                   : R² (all) = 0.8414, R² (last) = 0.8015

block_0_after_attn_merge:
  F_magnitude         : R² (all) = 0.2968, R² (last) = 0.7865
  F_direction_x       : R² (all) = 0.9369, R² (last) = 0.9230
  F_direction_y       : R² (all) = 0.9377, R² (last) = 0.8857
  Fx                  : R² (all) = 0.1529, R² (last) = 0.2688
  Fy                  : R² (all) = 0.1459, R² (last) = 0.2271
  r                   : R² (all) = 0.9227, R² (last) = 0.9755
  inv_r               : R² (all) = 0.6513, R² (last) = 0.9248
  r_squared           : R² (all) = 0.8374, R² (last) = 0.9616
  inv_r_squared       : R² (all) = 0.2968, R² (last) = 0.7881
  inv_r_cubed         : R² (all) = 0.1002, R² (last) = 0.5914
  x                   : R² (all) = 0.9525, R² (last) = 0.9753
  y                   : R² (all) = 0.9533, R² (last) = 0.9479

block_0_mlp_hidden:
  F_magnitude         : R² (all) = 0.5746, R² (last) = 0.9185
  F_direction_x       : R² (all) = 0.9836, R² (last) = 0.9939
  F_direction_y       : R² (all) = 0.9827, R² (last) = 0.9970
  Fx                  : R² (all) = 0.3850, R² (last) = 0.4724
  Fy                  : R² (all) = 0.3624, R² (last) = 0.8200
  r                   : R² (all) = 0.9918, R² (last) = 0.9998
  inv_r               : R² (all) = 0.8765, R² (last) = 0.9821
  r_squared           : R² (all) = 0.9710, R² (last) = 0.9997
  inv_r_squared       : R² (all) = 0.5746, R² (last) = 0.9186
  inv_r_cubed         : R² (all) = 0.2849, R² (last) = 0.8030
  x                   : R² (all) = 0.9957, R² (last) = 0.9999
  y                   : R² (all) = 0.9957, R² (last) = 0.9999

block_0_mlp_output:
  F_magnitude         : R² (all) = 0.4265, R² (last) = 0.7932
  F_direction_x       : R² (all) = 0.9652, R² (last) = 0.9796
  F_direction_y       : R² (all) = 0.9656, R² (last) = 0.9829
  Fx                  : R² (all) = 0.2736, R² (last) = 0.4503
  Fy                  : R² (all) = 0.2550, R² (last) = 0.5181
  r                   : R² (all) = 0.9147, R² (last) = 0.9990
  inv_r               : R² (all) = 0.7758, R² (last) = 0.9438
  r_squared           : R² (all) = 0.8000, R² (last) = 0.9972
  inv_r_squared       : R² (all) = 0.4265, R² (last) = 0.7932
  inv_r_cubed         : R² (all) = 0.1725, R² (last) = 0.5776
  x                   : R² (all) = 0.9737, R² (last) = 0.9992
  y                   : R² (all) = 0.9778, R² (last) = 0.9990

block_0_after_mlp_merge:
  F_magnitude         : R² (all) = 0.3185, R² (last) = 0.7098
  F_direction_x       : R² (all) = 0.9616, R² (last) = 0.9799
  F_direction_y       : R² (all) = 0.9642, R² (last) = 0.9823
  Fx                  : R² (all) = 0.2593, R² (last) = 0.4405
  Fy                  : R² (all) = 0.2461, R² (last) = 0.5064
  r                   : R² (all) = 0.8744, R² (last) = 0.9970
  inv_r               : R² (all) = 0.6367, R² (last) = 0.9006
  r_squared           : R² (all) = 0.8409, R² (last) = 0.9964
  inv_r_squared       : R² (all) = 0.3185, R² (last) = 0.7098
  inv_r_cubed         : R² (all) = 0.1183, R² (last) = 0.4862
  x                   : R² (all) = 0.9993, R² (last) = 1.0000
  y                   : R² (all) = 0.9996, R² (last) = 1.0000

block_1_attn_output:
  F_magnitude         : R² (all) = 0.3117, R² (last) = 0.6150
  F_direction_x       : R² (all) = 0.9042, R² (last) = 0.9295
  F_direction_y       : R² (all) = 0.9163, R² (last) = 0.9321
  Fx                  : R² (all) = 0.1940, R² (last) = 0.2777
  Fy                  : R² (all) = 0.1978, R² (last) = -0.0026
  r                   : R² (all) = 0.7650, R² (last) = 0.9874
  inv_r               : R² (all) = 0.5773, R² (last) = 0.8420
  r_squared           : R² (all) = 0.7302, R² (last) = 0.9563
  inv_r_squared       : R² (all) = 0.3117, R² (last) = 0.6150
  inv_r_cubed         : R² (all) = 0.1345, R² (last) = 0.3896
  x                   : R² (all) = 0.9324, R² (last) = 0.9827
  y                   : R² (all) = 0.9323, R² (last) = 0.9815

block_1_after_attn_merge:
  F_magnitude         : R² (all) = 0.3241, R² (last) = 0.7366
  F_direction_x       : R² (all) = 0.9750, R² (last) = 0.9855
  F_direction_y       : R² (all) = 0.9747, R² (last) = 0.9884
  Fx                  : R² (all) = 0.3413, R² (last) = 0.5488
  Fy                  : R² (all) = 0.3407, R² (last) = 0.6275
  r                   : R² (all) = 0.8267, R² (last) = 0.9971
  inv_r               : R² (all) = 0.6421, R² (last) = 0.9136
  r_squared           : R² (all) = 0.7558, R² (last) = 0.9897
  inv_r_squared       : R² (all) = 0.3241, R² (last) = 0.7366
  inv_r_cubed         : R² (all) = 0.1266, R² (last) = 0.5232
  x                   : R² (all) = 0.9852, R² (last) = 0.9991
  y                   : R² (all) = 0.9912, R² (last) = 0.9991

block_1_mlp_hidden:
  F_magnitude         : R² (all) = 0.6890, R² (last) = 0.9701
  F_direction_x       : R² (all) = 0.9858, R² (last) = 0.9977
  F_direction_y       : R² (all) = 0.9863, R² (last) = 0.9983
  Fx                  : R² (all) = 0.5129, R² (last) = 0.8137
  Fy                  : R² (all) = 0.5052, R² (last) = 0.8746
  r                   : R² (all) = 0.9848, R² (last) = 0.9998
  inv_r               : R² (all) = 0.9119, R² (last) = 0.9928
  r_squared           : R² (all) = 0.9781, R² (last) = 0.9999
  inv_r_squared       : R² (all) = 0.6890, R² (last) = 0.9701
  inv_r_cubed         : R² (all) = 0.4270, R² (last) = 0.9262
  x                   : R² (all) = 0.9968, R² (last) = 0.9999
  y                   : R² (all) = 0.9978, R² (last) = 0.9999

block_1_mlp_output:
  F_magnitude         : R² (all) = 0.4003, R² (last) = 0.7023
  F_direction_x       : R² (all) = 0.9694, R² (last) = 0.9853
  F_direction_y       : R² (all) = 0.9669, R² (last) = 0.9868
  Fx                  : R² (all) = 0.3820, R² (last) = 0.5581
  Fy                  : R² (all) = 0.3560, R² (last) = 0.6289
  r                   : R² (all) = 0.8494, R² (last) = 0.9863
  inv_r               : R² (all) = 0.7384, R² (last) = 0.8979
  r_squared           : R² (all) = 0.7725, R² (last) = 0.9654
  inv_r_squared       : R² (all) = 0.4003, R² (last) = 0.7023
  inv_r_cubed         : R² (all) = 0.1500, R² (last) = 0.4792
  x                   : R² (all) = 0.9846, R² (last) = 0.9978
  y                   : R² (all) = 0.9799, R² (last) = 0.9965

block_1_after_mlp_merge:
  F_magnitude         : R² (all) = 0.2944, R² (last) = 0.7018
  F_direction_x       : R² (all) = 0.9644, R² (last) = 0.9865
  F_direction_y       : R² (all) = 0.9613, R² (last) = 0.9898
  Fx                  : R² (all) = 0.3299, R² (last) = 0.5631
  Fy                  : R² (all) = 0.3105, R² (last) = 0.6586
  r                   : R² (all) = 0.8300, R² (last) = 0.9885
  inv_r               : R² (all) = 0.6091, R² (last) = 0.8942
  r_squared           : R² (all) = 0.7792, R² (last) = 0.9738
  inv_r_squared       : R² (all) = 0.2944, R² (last) = 0.7018
  inv_r_cubed         : R² (all) = 0.1058, R² (last) = 0.4769
  x                   : R² (all) = 0.9928, R² (last) = 0.9994
  y                   : R² (all) = 0.9921, R² (last) = 0.9992

after_ln_f:
  F_magnitude         : R² (all) = 0.2703, R² (last) = 0.7004
  F_direction_x       : R² (all) = 0.9517, R² (last) = 0.9796
  F_direction_y       : R² (all) = 0.9463, R² (last) = 0.9826
  Fx                  : R² (all) = 0.2910, R² (last) = 0.5160
  Fy                  : R² (all) = 0.2722, R² (last) = 0.6037
  r                   : R² (all) = 0.7527, R² (last) = 0.9939
  inv_r               : R² (all) = 0.5608, R² (last) = 0.8832
  r_squared           : R² (all) = 0.6816, R² (last) = 0.9881
  inv_r_squared       : R² (all) = 0.2703, R² (last) = 0.7004
  inv_r_cubed         : R² (all) = 0.1036, R² (last) = 0.4852
  x                   : R² (all) = 0.9976, R² (last) = 0.9995
  y                   : R² (all) = 0.9978, R² (last) = 0.9994
Evaluating on 500 trajectories...
Conditioning length: 50, Generating 50 more steps per trajectory...

Error Statistics (aggregated across all 500 trajectories):
Mean position error: 0.094292 ± 0.090454
Max position error: 0.795515
R² scores:
  X coordinate: 0.971971 ± 0.066544
  Y coordinate: 0.972092 ± 0.068190
Evaluating on 500 trajectories...
Conditioning length: 50, Generating 50 more steps per trajectory...

Error Statistics (aggregated across all 500 trajectories):
Mean position error: 0.090130 ± 0.085744
Max position error: 0.798583
R² scores:
  X coordinate: 0.974919 ± 0.060827
  Y coordinate: 0.972974 ± 0.067163
Evaluation at step 15001 completed.

Step 15100, Total Train Loss: 0.002366, Prediction Loss: 0.002366, Test Loss: 0.000479, Attention Entropy: not tracked, Entropy Reg Loss: 0.000000, Entropy Reg Active: False, GPU Memory: 0.000 GB
Step 15200, Total Train Loss: 0.002491, Prediction Loss: 0.002491, Test Loss: 0.000422, Attention Entropy: not tracked, Entropy Reg Loss: 0.000000, Entropy Reg Active: False, GPU Memory: 0.000 GB
Step 15300, Total Train Loss: 0.002552, Prediction Loss: 0.002552, Test Loss: 0.000400, Attention Entropy: not tracked, Entropy Reg Loss: 0.000000, Entropy Reg Active: False, GPU Memory: 0.000 GB
Step 15400, Total Train Loss: 0.002419, Prediction Loss: 0.002419, Test Loss: 0.000345, Attention Entropy: not tracked, Entropy Reg Loss: 0.000000, Entropy Reg Active: False, GPU Memory: 0.000 GB
Step 15500, Total Train Loss: 0.002484, Prediction Loss: 0.002484, Test Loss: 0.000517, Attention Entropy: not tracked, Entropy Reg Loss: 0.000000, Entropy Reg Active: False, GPU Memory: 0.000 GB
Step 15600, Total Train Loss: 0.002458, Prediction Loss: 0.002458, Test Loss: 0.000441, Attention Entropy: not tracked, Entropy Reg Loss: 0.000000, Entropy Reg Active: False, GPU Memory: 0.000 GB
Step 15700, Total Train Loss: 0.002400, Prediction Loss: 0.002400, Test Loss: 0.000428, Attention Entropy: not tracked, Entropy Reg Loss: 0.000000, Entropy Reg Active: False, GPU Memory: 0.000 GB
Step 15800, Total Train Loss: 0.002481, Prediction Loss: 0.002481, Test Loss: 0.000496, Attention Entropy: not tracked, Entropy Reg Loss: 0.000000, Entropy Reg Active: False, GPU Memory: 0.000 GB
Step 15900, Total Train Loss: 0.002550, Prediction Loss: 0.002550, Test Loss: 0.000424, Attention Entropy: not tracked, Entropy Reg Loss: 0.000000, Entropy Reg Active: False, GPU Memory: 0.000 GB
Step 16000, Total Train Loss: 0.002245, Prediction Loss: 0.002245, Test Loss: 0.000458, Attention Entropy: not tracked, Entropy Reg Loss: 0.000000, Entropy Reg Active: False, GPU Memory: 0.000 GB

Evaluating at step 16001...
Activations collected:
  input_embed: torch.Size([1000, 99, 32])
  after_pos_emb: torch.Size([1000, 99, 32])
  block_0_attn_output: torch.Size([1000, 99, 32])
  block_0_after_attn_merge: torch.Size([1000, 99, 32])
  block_0_mlp_hidden: torch.Size([1000, 99, 128])
  block_0_mlp_output: torch.Size([1000, 99, 32])
  block_0_after_mlp_merge: torch.Size([1000, 99, 32])
  block_1_attn_output: torch.Size([1000, 99, 32])
  block_1_after_attn_merge: torch.Size([1000, 99, 32])
  block_1_mlp_hidden: torch.Size([1000, 99, 128])
  block_1_mlp_output: torch.Size([1000, 99, 32])
  block_1_after_mlp_merge: torch.Size([1000, 99, 32])
  after_ln_f: torch.Size([1000, 99, 32])

Linear Probe Results (R² scores):
================================================================================

input_embed:
  F_magnitude         : R² (all) = 0.0002, R² (last) = 0.0000
  F_direction_x       : R² (all) = 0.8290, R² (last) = 0.8323
  F_direction_y       : R² (all) = 0.8297, R² (last) = 0.8379
  Fx                  : R² (all) = 0.0694, R² (last) = 0.0625
  Fy                  : R² (all) = 0.0712, R² (last) = 0.0727
  r                   : R² (all) = 0.0029, R² (last) = 0.0004
  inv_r               : R² (all) = 0.0008, R² (last) = 0.0000
  r_squared           : R² (all) = 0.0037, R² (last) = 0.0009
  inv_r_squared       : R² (all) = 0.0002, R² (last) = 0.0000
  inv_r_cubed         : R² (all) = 0.0000, R² (last) = 0.0000
  x                   : R² (all) = 1.0000, R² (last) = 1.0000
  y                   : R² (all) = 1.0000, R² (last) = 1.0000

after_pos_emb:
  F_magnitude         : R² (all) = 0.0401, R² (last) = 0.0000
  F_direction_x       : R² (all) = 0.8291, R² (last) = 0.8323
  F_direction_y       : R² (all) = 0.8297, R² (last) = 0.8379
  Fx                  : R² (all) = 0.0703, R² (last) = 0.0625
  Fy                  : R² (all) = 0.0715, R² (last) = 0.0727
  r                   : R² (all) = 0.0743, R² (last) = 0.0004
  inv_r               : R² (all) = 0.0522, R² (last) = 0.0000
  r_squared           : R² (all) = 0.0829, R² (last) = 0.0009
  inv_r_squared       : R² (all) = 0.0401, R² (last) = 0.0000
  inv_r_cubed         : R² (all) = 0.0264, R² (last) = 0.0000
  x                   : R² (all) = 1.0000, R² (last) = 1.0000
  y                   : R² (all) = 1.0000, R² (last) = 1.0000

block_0_attn_output:
  F_magnitude         : R² (all) = 0.2692, R² (last) = -3.1649
  F_direction_x       : R² (all) = 0.6704, R² (last) = 0.7030
  F_direction_y       : R² (all) = 0.6823, R² (last) = -1.3993
  Fx                  : R² (all) = 0.0352, R² (last) = 0.0925
  Fy                  : R² (all) = 0.0363, R² (last) = -0.2906
  r                   : R² (all) = 0.8379, R² (last) = 0.9635
  inv_r               : R² (all) = 0.5725, R² (last) = -0.6401
  r_squared           : R² (all) = 0.7582, R² (last) = 0.9225
  inv_r_squared       : R² (all) = 0.2692, R² (last) = -3.1648
  inv_r_cubed         : R² (all) = 0.0926, R² (last) = -4.8299
  x                   : R² (all) = 0.8369, R² (last) = 0.6397
  y                   : R² (all) = 0.8497, R² (last) = -0.4926

block_0_after_attn_merge:
  F_magnitude         : R² (all) = 0.3280, R² (last) = -0.0216
  F_direction_x       : R² (all) = 0.9401, R² (last) = 0.9355
  F_direction_y       : R² (all) = 0.9406, R² (last) = 0.9387
  Fx                  : R² (all) = 0.1594, R² (last) = 0.1963
  Fy                  : R² (all) = 0.1643, R² (last) = 0.2525
  r                   : R² (all) = 0.9257, R² (last) = 0.9775
  inv_r               : R² (all) = 0.6693, R² (last) = 0.6575
  r_squared           : R² (all) = 0.8423, R² (last) = 0.9612
  inv_r_squared       : R² (all) = 0.3280, R² (last) = -0.0200
  inv_r_cubed         : R² (all) = 0.1163, R² (last) = -0.5213
  x                   : R² (all) = 0.9506, R² (last) = 0.9729
  y                   : R² (all) = 0.9515, R² (last) = 0.9748

block_0_mlp_hidden:
  F_magnitude         : R² (all) = 0.6205, R² (last) = 0.8239
  F_direction_x       : R² (all) = 0.9845, R² (last) = 0.9972
  F_direction_y       : R² (all) = 0.9836, R² (last) = 0.9938
  Fx                  : R² (all) = 0.4128, R² (last) = 0.6941
  Fy                  : R² (all) = 0.4154, R² (last) = 0.4256
  r                   : R² (all) = 0.9921, R² (last) = 0.9997
  inv_r               : R² (all) = 0.8913, R² (last) = 0.9616
  r_squared           : R² (all) = 0.9719, R² (last) = 0.9989
  inv_r_squared       : R² (all) = 0.6205, R² (last) = 0.8233
  inv_r_cubed         : R² (all) = 0.3241, R² (last) = 0.6412
  x                   : R² (all) = 0.9955, R² (last) = 0.9999
  y                   : R² (all) = 0.9958, R² (last) = 0.9999

block_0_mlp_output:
  F_magnitude         : R² (all) = 0.4756, R² (last) = 0.7347
  F_direction_x       : R² (all) = 0.9666, R² (last) = 0.9822
  F_direction_y       : R² (all) = 0.9672, R² (last) = 0.9829
  Fx                  : R² (all) = 0.2900, R² (last) = 0.4115
  Fy                  : R² (all) = 0.2883, R² (last) = 0.4697
  r                   : R² (all) = 0.9156, R² (last) = 0.9990
  inv_r               : R² (all) = 0.8005, R² (last) = 0.9296
  r_squared           : R² (all) = 0.8015, R² (last) = 0.9967
  inv_r_squared       : R² (all) = 0.4756, R² (last) = 0.7347
  inv_r_cubed         : R² (all) = 0.2064, R² (last) = 0.5052
  x                   : R² (all) = 0.9722, R² (last) = 0.9992
  y                   : R² (all) = 0.9773, R² (last) = 0.9991

block_0_after_mlp_merge:
  F_magnitude         : R² (all) = 0.3564, R² (last) = 0.6225
  F_direction_x       : R² (all) = 0.9637, R² (last) = 0.9831
  F_direction_y       : R² (all) = 0.9661, R² (last) = 0.9818
  Fx                  : R² (all) = 0.2765, R² (last) = 0.4022
  Fy                  : R² (all) = 0.2820, R² (last) = 0.4609
  r                   : R² (all) = 0.8794, R² (last) = 0.9968
  inv_r               : R² (all) = 0.6565, R² (last) = 0.8740
  r_squared           : R² (all) = 0.8478, R² (last) = 0.9960
  inv_r_squared       : R² (all) = 0.3564, R² (last) = 0.6225
  inv_r_cubed         : R² (all) = 0.1428, R² (last) = 0.3871
  x                   : R² (all) = 0.9993, R² (last) = 1.0000
  y                   : R² (all) = 0.9996, R² (last) = 1.0000

block_1_attn_output:
  F_magnitude         : R² (all) = 0.3429, R² (last) = 0.0806
  F_direction_x       : R² (all) = 0.9091, R² (last) = 0.8698
  F_direction_y       : R² (all) = 0.9174, R² (last) = 0.9350
  Fx                  : R² (all) = 0.2071, R² (last) = 0.1899
  Fy                  : R² (all) = 0.2295, R² (last) = 0.0483
  r                   : R² (all) = 0.7681, R² (last) = 0.9612
  inv_r               : R² (all) = 0.5949, R² (last) = 0.5117
  r_squared           : R² (all) = 0.7349, R² (last) = 0.9676
  inv_r_squared       : R² (all) = 0.3429, R² (last) = 0.0768
  inv_r_cubed         : R² (all) = 0.1519, R² (last) = -0.1284
  x                   : R² (all) = 0.9351, R² (last) = 0.9616
  y                   : R² (all) = 0.9373, R² (last) = 0.9580

block_1_after_attn_merge:
  F_magnitude         : R² (all) = 0.3585, R² (last) = 0.6137
  F_direction_x       : R² (all) = 0.9756, R² (last) = 0.9864
  F_direction_y       : R² (all) = 0.9752, R² (last) = 0.9880
  Fx                  : R² (all) = 0.3597, R² (last) = 0.5037
  Fy                  : R² (all) = 0.3818, R² (last) = 0.6116
  r                   : R² (all) = 0.8289, R² (last) = 0.9968
  inv_r               : R² (all) = 0.6591, R² (last) = 0.8709
  r_squared           : R² (all) = 0.7625, R² (last) = 0.9901
  inv_r_squared       : R² (all) = 0.3585, R² (last) = 0.6137
  inv_r_cubed         : R² (all) = 0.1488, R² (last) = 0.3765
  x                   : R² (all) = 0.9856, R² (last) = 0.9991
  y                   : R² (all) = 0.9919, R² (last) = 0.9992

block_1_mlp_hidden:
  F_magnitude         : R² (all) = 0.7176, R² (last) = 0.9476
  F_direction_x       : R² (all) = 0.9864, R² (last) = 0.9981
  F_direction_y       : R² (all) = 0.9866, R² (last) = 0.9982
  Fx                  : R² (all) = 0.5420, R² (last) = 0.8043
  Fy                  : R² (all) = 0.5572, R² (last) = 0.8565
  r                   : R² (all) = 0.9864, R² (last) = 0.9998
  inv_r               : R² (all) = 0.9201, R² (last) = 0.9896
  r_squared           : R² (all) = 0.9813, R² (last) = 0.9998
  inv_r_squared       : R² (all) = 0.7176, R² (last) = 0.9476
  inv_r_cubed         : R² (all) = 0.4515, R² (last) = 0.8745
  x                   : R² (all) = 0.9969, R² (last) = 0.9999
  y                   : R² (all) = 0.9979, R² (last) = 0.9999

block_1_mlp_output:
  F_magnitude         : R² (all) = 0.4469, R² (last) = 0.5682
  F_direction_x       : R² (all) = 0.9704, R² (last) = 0.9854
  F_direction_y       : R² (all) = 0.9676, R² (last) = 0.9879
  Fx                  : R² (all) = 0.4059, R² (last) = 0.4916
  Fy                  : R² (all) = 0.3993, R² (last) = 0.5960
  r                   : R² (all) = 0.8436, R² (last) = 0.9863
  inv_r               : R² (all) = 0.7537, R² (last) = 0.8498
  r_squared           : R² (all) = 0.7756, R² (last) = 0.9639
  inv_r_squared       : R² (all) = 0.4469, R² (last) = 0.5682
  inv_r_cubed         : R² (all) = 0.1851, R² (last) = 0.3254
  x                   : R² (all) = 0.9849, R² (last) = 0.9978
  y                   : R² (all) = 0.9821, R² (last) = 0.9968

block_1_after_mlp_merge:
  F_magnitude         : R² (all) = 0.3328, R² (last) = 0.5770
  F_direction_x       : R² (all) = 0.9663, R² (last) = 0.9862
  F_direction_y       : R² (all) = 0.9616, R² (last) = 0.9894
  Fx                  : R² (all) = 0.3465, R² (last) = 0.4994
  Fy                  : R² (all) = 0.3439, R² (last) = 0.6297
  r                   : R² (all) = 0.8319, R² (last) = 0.9887
  inv_r               : R² (all) = 0.6298, R² (last) = 0.8504
  r_squared           : R² (all) = 0.7843, R² (last) = 0.9752
  inv_r_squared       : R² (all) = 0.3328, R² (last) = 0.5770
  inv_r_cubed         : R² (all) = 0.1303, R² (last) = 0.3325
  x                   : R² (all) = 0.9930, R² (last) = 0.9994
  y                   : R² (all) = 0.9925, R² (last) = 0.9992

after_ln_f:
  F_magnitude         : R² (all) = 0.3005, R² (last) = 0.5997
  F_direction_x       : R² (all) = 0.9531, R² (last) = 0.9806
  F_direction_y       : R² (all) = 0.9460, R² (last) = 0.9818
  Fx                  : R² (all) = 0.3021, R² (last) = 0.4582
  Fy                  : R² (all) = 0.2971, R² (last) = 0.5688
  r                   : R² (all) = 0.7392, R² (last) = 0.9941
  inv_r               : R² (all) = 0.5767, R² (last) = 0.8499
  r_squared           : R² (all) = 0.6655, R² (last) = 0.9897
  inv_r_squared       : R² (all) = 0.3005, R² (last) = 0.5997
  inv_r_cubed         : R² (all) = 0.1195, R² (last) = 0.3657
  x                   : R² (all) = 0.9978, R² (last) = 0.9995
  y                   : R² (all) = 0.9981, R² (last) = 0.9995
Evaluating on 500 trajectories...
Conditioning length: 50, Generating 50 more steps per trajectory...

Error Statistics (aggregated across all 500 trajectories):
Mean position error: 0.101243 ± 0.088289
Max position error: 1.064764
R² scores:
  X coordinate: 0.967663 ± 0.118353
  Y coordinate: 0.969285 ± 0.105158
Evaluating on 500 trajectories...
Conditioning length: 50, Generating 50 more steps per trajectory...

Error Statistics (aggregated across all 500 trajectories):
Mean position error: 0.099654 ± 0.088845
Max position error: 0.863148
R² scores:
  X coordinate: 0.974136 ± 0.079611
  Y coordinate: 0.974894 ± 0.080151
Evaluation at step 16001 completed.

Step 16100, Total Train Loss: 0.002490, Prediction Loss: 0.002490, Test Loss: 0.000477, Attention Entropy: not tracked, Entropy Reg Loss: 0.000000, Entropy Reg Active: False, GPU Memory: 0.000 GB
Step 16200, Total Train Loss: 0.002339, Prediction Loss: 0.002339, Test Loss: 0.000439, Attention Entropy: not tracked, Entropy Reg Loss: 0.000000, Entropy Reg Active: False, GPU Memory: 0.000 GB
Step 16300, Total Train Loss: 0.002521, Prediction Loss: 0.002521, Test Loss: 0.000404, Attention Entropy: not tracked, Entropy Reg Loss: 0.000000, Entropy Reg Active: False, GPU Memory: 0.000 GB
Step 16400, Total Train Loss: 0.002283, Prediction Loss: 0.002283, Test Loss: 0.000382, Attention Entropy: not tracked, Entropy Reg Loss: 0.000000, Entropy Reg Active: False, GPU Memory: 0.000 GB
Step 16500, Total Train Loss: 0.002444, Prediction Loss: 0.002444, Test Loss: 0.000401, Attention Entropy: not tracked, Entropy Reg Loss: 0.000000, Entropy Reg Active: False, GPU Memory: 0.000 GB
Step 16600, Total Train Loss: 0.002609, Prediction Loss: 0.002609, Test Loss: 0.000438, Attention Entropy: not tracked, Entropy Reg Loss: 0.000000, Entropy Reg Active: False, GPU Memory: 0.000 GB
Step 16700, Total Train Loss: 0.002377, Prediction Loss: 0.002377, Test Loss: 0.000463, Attention Entropy: not tracked, Entropy Reg Loss: 0.000000, Entropy Reg Active: False, GPU Memory: 0.000 GB
Step 16800, Total Train Loss: 0.002392, Prediction Loss: 0.002392, Test Loss: 0.000360, Attention Entropy: not tracked, Entropy Reg Loss: 0.000000, Entropy Reg Active: False, GPU Memory: 0.000 GB
Step 16900, Total Train Loss: 0.002660, Prediction Loss: 0.002660, Test Loss: 0.000514, Attention Entropy: not tracked, Entropy Reg Loss: 0.000000, Entropy Reg Active: False, GPU Memory: 0.000 GB
Step 17000, Total Train Loss: 0.002341, Prediction Loss: 0.002341, Test Loss: 0.000423, Attention Entropy: not tracked, Entropy Reg Loss: 0.000000, Entropy Reg Active: False, GPU Memory: 0.000 GB

Evaluating at step 17001...
Activations collected:
  input_embed: torch.Size([1000, 99, 32])
  after_pos_emb: torch.Size([1000, 99, 32])
  block_0_attn_output: torch.Size([1000, 99, 32])
  block_0_after_attn_merge: torch.Size([1000, 99, 32])
  block_0_mlp_hidden: torch.Size([1000, 99, 128])
  block_0_mlp_output: torch.Size([1000, 99, 32])
  block_0_after_mlp_merge: torch.Size([1000, 99, 32])
  block_1_attn_output: torch.Size([1000, 99, 32])
  block_1_after_attn_merge: torch.Size([1000, 99, 32])
  block_1_mlp_hidden: torch.Size([1000, 99, 128])
  block_1_mlp_output: torch.Size([1000, 99, 32])
  block_1_after_mlp_merge: torch.Size([1000, 99, 32])
  after_ln_f: torch.Size([1000, 99, 32])

Linear Probe Results (R² scores):
================================================================================

input_embed:
  F_magnitude         : R² (all) = 0.0000, R² (last) = 0.0000
  F_direction_x       : R² (all) = 0.8278, R² (last) = 0.8280
  F_direction_y       : R² (all) = 0.8292, R² (last) = 0.8308
  Fx                  : R² (all) = 0.0716, R² (last) = 0.0934
  Fy                  : R² (all) = 0.0752, R² (last) = 0.0783
  r                   : R² (all) = 0.0008, R² (last) = 0.0003
  inv_r               : R² (all) = 0.0001, R² (last) = 0.0001
  r_squared           : R² (all) = 0.0010, R² (last) = 0.0003
  inv_r_squared       : R² (all) = 0.0000, R² (last) = 0.0000
  inv_r_cubed         : R² (all) = 0.0000, R² (last) = -0.0000
  x                   : R² (all) = 1.0000, R² (last) = 1.0000
  y                   : R² (all) = 1.0000, R² (last) = 1.0000

after_pos_emb:
  F_magnitude         : R² (all) = 0.0428, R² (last) = 0.0000
  F_direction_x       : R² (all) = 0.8279, R² (last) = 0.8280
  F_direction_y       : R² (all) = 0.8293, R² (last) = 0.8308
  Fx                  : R² (all) = 0.0720, R² (last) = 0.0934
  Fy                  : R² (all) = 0.0757, R² (last) = 0.0783
  r                   : R² (all) = 0.0659, R² (last) = 0.0003
  inv_r               : R² (all) = 0.0514, R² (last) = 0.0001
  r_squared           : R² (all) = 0.0734, R² (last) = 0.0004
  inv_r_squared       : R² (all) = 0.0428, R² (last) = 0.0000
  inv_r_cubed         : R² (all) = 0.0305, R² (last) = 0.0000
  x                   : R² (all) = 1.0000, R² (last) = 1.0000
  y                   : R² (all) = 1.0000, R² (last) = 1.0000

block_0_attn_output:
  F_magnitude         : R² (all) = 0.2571, R² (last) = 0.5604
  F_direction_x       : R² (all) = 0.6705, R² (last) = 0.3037
  F_direction_y       : R² (all) = 0.6583, R² (last) = 0.3116
  Fx                  : R² (all) = 0.0353, R² (last) = 0.3353
  Fy                  : R² (all) = 0.0353, R² (last) = -1.1353
  r                   : R² (all) = 0.8378, R² (last) = 0.9007
  inv_r               : R² (all) = 0.5560, R² (last) = 0.8145
  r_squared           : R² (all) = 0.7635, R² (last) = 0.8508
  inv_r_squared       : R² (all) = 0.2571, R² (last) = 0.5600
  inv_r_cubed         : R² (all) = 0.0922, R² (last) = 0.3490
  x                   : R² (all) = 0.8421, R² (last) = 0.7572
  y                   : R² (all) = 0.8274, R² (last) = 0.6168

block_0_after_attn_merge:
  F_magnitude         : R² (all) = 0.3157, R² (last) = 0.4338
  F_direction_x       : R² (all) = 0.9399, R² (last) = 0.8874
  F_direction_y       : R² (all) = 0.9391, R² (last) = 0.8349
  Fx                  : R² (all) = 0.1640, R² (last) = -0.1689
  Fy                  : R² (all) = 0.1662, R² (last) = 0.2807
  r                   : R² (all) = 0.9244, R² (last) = 0.9672
  inv_r               : R² (all) = 0.6536, R² (last) = 0.8313
  r_squared           : R² (all) = 0.8414, R² (last) = 0.9301
  inv_r_squared       : R² (all) = 0.3157, R² (last) = 0.4322
  inv_r_cubed         : R² (all) = 0.1168, R² (last) = -0.0539
  x                   : R² (all) = 0.9512, R² (last) = 0.9719
  y                   : R² (all) = 0.9519, R² (last) = 0.9011

block_0_mlp_hidden:
  F_magnitude         : R² (all) = 0.6200, R² (last) = 0.9160
  F_direction_x       : R² (all) = 0.9842, R² (last) = 0.9974
  F_direction_y       : R² (all) = 0.9826, R² (last) = 0.9925
  Fx                  : R² (all) = 0.4063, R² (last) = 0.7055
  Fy                  : R² (all) = 0.3990, R² (last) = 0.6737
  r                   : R² (all) = 0.9920, R² (last) = 0.9999
  inv_r               : R² (all) = 0.8882, R² (last) = 0.9843
  r_squared           : R² (all) = 0.9709, R² (last) = 0.9991
  inv_r_squared       : R² (all) = 0.6200, R² (last) = 0.9161
  inv_r_cubed         : R² (all) = 0.3339, R² (last) = 0.7872
  x                   : R² (all) = 0.9956, R² (last) = 0.9999
  y                   : R² (all) = 0.9956, R² (last) = 0.9999

block_0_mlp_output:
  F_magnitude         : R² (all) = 0.4697, R² (last) = 0.7511
  F_direction_x       : R² (all) = 0.9660, R² (last) = 0.9851
  F_direction_y       : R² (all) = 0.9654, R² (last) = 0.9815
  Fx                  : R² (all) = 0.2838, R² (last) = 0.5114
  Fy                  : R² (all) = 0.2824, R² (last) = 0.4368
  r                   : R² (all) = 0.9159, R² (last) = 0.9991
  inv_r               : R² (all) = 0.7940, R² (last) = 0.9364
  r_squared           : R² (all) = 0.7996, R² (last) = 0.9973
  inv_r_squared       : R² (all) = 0.4697, R² (last) = 0.7511
  inv_r_cubed         : R² (all) = 0.2103, R² (last) = 0.5078
  x                   : R² (all) = 0.9730, R² (last) = 0.9992
  y                   : R² (all) = 0.9768, R² (last) = 0.9991

block_0_after_mlp_merge:
  F_magnitude         : R² (all) = 0.3442, R² (last) = 0.6641
  F_direction_x       : R² (all) = 0.9637, R² (last) = 0.9859
  F_direction_y       : R² (all) = 0.9639, R² (last) = 0.9817
  Fx                  : R² (all) = 0.2732, R² (last) = 0.5128
  Fy                  : R² (all) = 0.2748, R² (last) = 0.4465
  r                   : R² (all) = 0.8791, R² (last) = 0.9969
  inv_r               : R² (all) = 0.6446, R² (last) = 0.8935
  r_squared           : R² (all) = 0.8482, R² (last) = 0.9958
  inv_r_squared       : R² (all) = 0.3442, R² (last) = 0.6641
  inv_r_cubed         : R² (all) = 0.1401, R² (last) = 0.4189
  x                   : R² (all) = 0.9993, R² (last) = 1.0000
  y                   : R² (all) = 0.9996, R² (last) = 1.0000

block_1_attn_output:
  F_magnitude         : R² (all) = 0.3317, R² (last) = 0.5511
  F_direction_x       : R² (all) = 0.9121, R² (last) = 0.9492
  F_direction_y       : R² (all) = 0.9151, R² (last) = 0.9309
  Fx                  : R² (all) = 0.2126, R² (last) = 0.2416
  Fy                  : R² (all) = 0.2243, R² (last) = 0.1215
  r                   : R² (all) = 0.7753, R² (last) = 0.9900
  inv_r               : R² (all) = 0.5820, R² (last) = 0.8380
  r_squared           : R² (all) = 0.7427, R² (last) = 0.9738
  inv_r_squared       : R² (all) = 0.3317, R² (last) = 0.5513
  inv_r_cubed         : R² (all) = 0.1544, R² (last) = 0.2918
  x                   : R² (all) = 0.9375, R² (last) = 0.9786
  y                   : R² (all) = 0.9316, R² (last) = 0.9793

block_1_after_attn_merge:
  F_magnitude         : R² (all) = 0.3472, R² (last) = 0.6479
  F_direction_x       : R² (all) = 0.9758, R² (last) = 0.9894
  F_direction_y       : R² (all) = 0.9747, R² (last) = 0.9900
  Fx                  : R² (all) = 0.3612, R² (last) = 0.6105
  Fy                  : R² (all) = 0.3753, R² (last) = 0.5947
  r                   : R² (all) = 0.8302, R² (last) = 0.9971
  inv_r               : R² (all) = 0.6475, R² (last) = 0.8898
  r_squared           : R² (all) = 0.7624, R² (last) = 0.9907
  inv_r_squared       : R² (all) = 0.3472, R² (last) = 0.6479
  inv_r_cubed         : R² (all) = 0.1472, R² (last) = 0.3993
  x                   : R² (all) = 0.9855, R² (last) = 0.9991
  y                   : R² (all) = 0.9912, R² (last) = 0.9990

block_1_mlp_hidden:
  F_magnitude         : R² (all) = 0.7183, R² (last) = 0.9572
  F_direction_x       : R² (all) = 0.9864, R² (last) = 0.9987
  F_direction_y       : R² (all) = 0.9866, R² (last) = 0.9985
  Fx                  : R² (all) = 0.5408, R² (last) = 0.8651
  Fy                  : R² (all) = 0.5500, R² (last) = 0.8877
  r                   : R² (all) = 0.9855, R² (last) = 0.9998
  inv_r               : R² (all) = 0.9183, R² (last) = 0.9912
  r_squared           : R² (all) = 0.9798, R² (last) = 0.9998
  inv_r_squared       : R² (all) = 0.7183, R² (last) = 0.9572
  inv_r_cubed         : R² (all) = 0.4621, R² (last) = 0.8942
  x                   : R² (all) = 0.9969, R² (last) = 0.9999
  y                   : R² (all) = 0.9978, R² (last) = 0.9999

block_1_mlp_output:
  F_magnitude         : R² (all) = 0.4300, R² (last) = 0.6164
  F_direction_x       : R² (all) = 0.9703, R² (last) = 0.9905
  F_direction_y       : R² (all) = 0.9672, R² (last) = 0.9885
  Fx                  : R² (all) = 0.4041, R² (last) = 0.6334
  Fy                  : R² (all) = 0.3901, R² (last) = 0.5821
  r                   : R² (all) = 0.8319, R² (last) = 0.9879
  inv_r               : R² (all) = 0.7374, R² (last) = 0.8798
  r_squared           : R² (all) = 0.7588, R² (last) = 0.9706
  inv_r_squared       : R² (all) = 0.4300, R² (last) = 0.6164
  inv_r_cubed         : R² (all) = 0.1798, R² (last) = 0.3503
  x                   : R² (all) = 0.9848, R² (last) = 0.9981
  y                   : R² (all) = 0.9811, R² (last) = 0.9969

block_1_after_mlp_merge:
  F_magnitude         : R² (all) = 0.3237, R² (last) = 0.6249
  F_direction_x       : R² (all) = 0.9660, R² (last) = 0.9900
  F_direction_y       : R² (all) = 0.9602, R² (last) = 0.9907
  Fx                  : R² (all) = 0.3467, R² (last) = 0.6410
  Fy                  : R² (all) = 0.3356, R² (last) = 0.5722
  r                   : R² (all) = 0.8331, R² (last) = 0.9893
  inv_r               : R² (all) = 0.6235, R² (last) = 0.8752
  r_squared           : R² (all) = 0.7820, R² (last) = 0.9793
  inv_r_squared       : R² (all) = 0.3237, R² (last) = 0.6249
  inv_r_cubed         : R² (all) = 0.1272, R² (last) = 0.3690
  x                   : R² (all) = 0.9931, R² (last) = 0.9993
  y                   : R² (all) = 0.9922, R² (last) = 0.9990

after_ln_f:
  F_magnitude         : R² (all) = 0.2918, R² (last) = 0.6453
  F_direction_x       : R² (all) = 0.9529, R² (last) = 0.9838
  F_direction_y       : R² (all) = 0.9437, R² (last) = 0.9836
  Fx                  : R² (all) = 0.3043, R² (last) = 0.5894
  Fy                  : R² (all) = 0.2894, R² (last) = 0.5232
  r                   : R² (all) = 0.7556, R² (last) = 0.9944
  inv_r               : R² (all) = 0.5714, R² (last) = 0.8767
  r_squared           : R² (all) = 0.6830, R² (last) = 0.9897
  inv_r_squared       : R² (all) = 0.2918, R² (last) = 0.6453
  inv_r_cubed         : R² (all) = 0.1179, R² (last) = 0.4000
  x                   : R² (all) = 0.9977, R² (last) = 0.9996
  y                   : R² (all) = 0.9979, R² (last) = 0.9994
Evaluating on 500 trajectories...
Conditioning length: 50, Generating 50 more steps per trajectory...

Error Statistics (aggregated across all 500 trajectories):
Mean position error: 0.116675 ± 0.106334
Max position error: 1.073465
R² scores:
  X coordinate: 0.949357 ± 0.131821
  Y coordinate: 0.951203 ± 0.132275
Evaluating on 500 trajectories...
Conditioning length: 50, Generating 50 more steps per trajectory...

Error Statistics (aggregated across all 500 trajectories):
Mean position error: 0.113228 ± 0.099106
Max position error: 0.967670
R² scores:
  X coordinate: 0.957814 ± 0.125756
  Y coordinate: 0.960596 ± 0.125455
Evaluation at step 17001 completed.

Step 17100, Total Train Loss: 0.002467, Prediction Loss: 0.002467, Test Loss: 0.000449, Attention Entropy: not tracked, Entropy Reg Loss: 0.000000, Entropy Reg Active: False, GPU Memory: 0.000 GB
Step 17200, Total Train Loss: 0.002517, Prediction Loss: 0.002517, Test Loss: 0.000413, Attention Entropy: not tracked, Entropy Reg Loss: 0.000000, Entropy Reg Active: False, GPU Memory: 0.000 GB
Step 17300, Total Train Loss: 0.002574, Prediction Loss: 0.002574, Test Loss: 0.000368, Attention Entropy: not tracked, Entropy Reg Loss: 0.000000, Entropy Reg Active: False, GPU Memory: 0.000 GB
Step 17400, Total Train Loss: 0.002518, Prediction Loss: 0.002518, Test Loss: 0.000432, Attention Entropy: not tracked, Entropy Reg Loss: 0.000000, Entropy Reg Active: False, GPU Memory: 0.000 GB
Step 17500, Total Train Loss: 0.002433, Prediction Loss: 0.002433, Test Loss: 0.000415, Attention Entropy: not tracked, Entropy Reg Loss: 0.000000, Entropy Reg Active: False, GPU Memory: 0.000 GB
Step 17600, Total Train Loss: 0.002712, Prediction Loss: 0.002712, Test Loss: 0.000384, Attention Entropy: not tracked, Entropy Reg Loss: 0.000000, Entropy Reg Active: False, GPU Memory: 0.000 GB
Step 17700, Total Train Loss: 0.002509, Prediction Loss: 0.002509, Test Loss: 0.000462, Attention Entropy: not tracked, Entropy Reg Loss: 0.000000, Entropy Reg Active: False, GPU Memory: 0.000 GB
Step 17800, Total Train Loss: 0.002416, Prediction Loss: 0.002416, Test Loss: 0.000416, Attention Entropy: not tracked, Entropy Reg Loss: 0.000000, Entropy Reg Active: False, GPU Memory: 0.000 GB
Step 17900, Total Train Loss: 0.002430, Prediction Loss: 0.002430, Test Loss: 0.000393, Attention Entropy: not tracked, Entropy Reg Loss: 0.000000, Entropy Reg Active: False, GPU Memory: 0.000 GB
Step 18000, Total Train Loss: 0.002421, Prediction Loss: 0.002421, Test Loss: 0.000372, Attention Entropy: not tracked, Entropy Reg Loss: 0.000000, Entropy Reg Active: False, GPU Memory: 0.000 GB

Evaluating at step 18001...
Activations collected:
  input_embed: torch.Size([1000, 99, 32])
  after_pos_emb: torch.Size([1000, 99, 32])
  block_0_attn_output: torch.Size([1000, 99, 32])
  block_0_after_attn_merge: torch.Size([1000, 99, 32])
  block_0_mlp_hidden: torch.Size([1000, 99, 128])
  block_0_mlp_output: torch.Size([1000, 99, 32])
  block_0_after_mlp_merge: torch.Size([1000, 99, 32])
  block_1_attn_output: torch.Size([1000, 99, 32])
  block_1_after_attn_merge: torch.Size([1000, 99, 32])
  block_1_mlp_hidden: torch.Size([1000, 99, 128])
  block_1_mlp_output: torch.Size([1000, 99, 32])
  block_1_after_mlp_merge: torch.Size([1000, 99, 32])
  after_ln_f: torch.Size([1000, 99, 32])

Linear Probe Results (R² scores):
================================================================================

input_embed:
  F_magnitude         : R² (all) = 0.0003, R² (last) = 0.0010
  F_direction_x       : R² (all) = 0.8318, R² (last) = 0.8330
  F_direction_y       : R² (all) = 0.8319, R² (last) = 0.8284
  Fx                  : R² (all) = 0.0656, R² (last) = 0.0826
  Fy                  : R² (all) = 0.0624, R² (last) = 0.0778
  r                   : R² (all) = 0.0034, R² (last) = 0.0069
  inv_r               : R² (all) = 0.0010, R² (last) = 0.0028
  r_squared           : R² (all) = 0.0050, R² (last) = 0.0091
  inv_r_squared       : R² (all) = 0.0003, R² (last) = 0.0011
  inv_r_cubed         : R² (all) = 0.0001, R² (last) = 0.0003
  x                   : R² (all) = 1.0000, R² (last) = 1.0000
  y                   : R² (all) = 1.0000, R² (last) = 1.0000

after_pos_emb:
  F_magnitude         : R² (all) = 0.0429, R² (last) = 0.0011
  F_direction_x       : R² (all) = 0.8319, R² (last) = 0.8330
  F_direction_y       : R² (all) = 0.8320, R² (last) = 0.8284
  Fx                  : R² (all) = 0.0659, R² (last) = 0.0827
  Fy                  : R² (all) = 0.0627, R² (last) = 0.0778
  r                   : R² (all) = 0.0660, R² (last) = 0.0073
  inv_r               : R² (all) = 0.0530, R² (last) = 0.0028
  r_squared           : R² (all) = 0.0733, R² (last) = 0.0093
  inv_r_squared       : R² (all) = 0.0429, R² (last) = 0.0011
  inv_r_cubed         : R² (all) = 0.0287, R² (last) = 0.0003
  x                   : R² (all) = 1.0000, R² (last) = 1.0000
  y                   : R² (all) = 1.0000, R² (last) = 1.0000

block_0_attn_output:
  F_magnitude         : R² (all) = 0.2285, R² (last) = 0.1204
  F_direction_x       : R² (all) = 0.6630, R² (last) = 0.5242
  F_direction_y       : R² (all) = 0.6679, R² (last) = 0.4492
  Fx                  : R² (all) = 0.0312, R² (last) = 0.3272
  Fy                  : R² (all) = 0.0290, R² (last) = -0.2093
  r                   : R² (all) = 0.8314, R² (last) = 0.9398
  inv_r               : R² (all) = 0.5339, R² (last) = 0.5565
  r_squared           : R² (all) = 0.7589, R² (last) = 0.9457
  inv_r_squared       : R² (all) = 0.2285, R² (last) = 0.1206
  inv_r_cubed         : R² (all) = 0.0749, R² (last) = -0.1392
  x                   : R² (all) = 0.8270, R² (last) = 0.8822
  y                   : R² (all) = 0.8345, R² (last) = 0.7386

block_0_after_attn_merge:
  F_magnitude         : R² (all) = 0.2844, R² (last) = -0.7817
  F_direction_x       : R² (all) = 0.9390, R² (last) = 0.9309
  F_direction_y       : R² (all) = 0.9392, R² (last) = 0.4884
  Fx                  : R² (all) = 0.1463, R² (last) = 0.2271
  Fy                  : R² (all) = 0.1403, R² (last) = -0.9780
  r                   : R² (all) = 0.9225, R² (last) = 0.9675
  inv_r               : R² (all) = 0.6352, R² (last) = 0.3478
  r_squared           : R² (all) = 0.8406, R² (last) = 0.8515
  inv_r_squared       : R² (all) = 0.2844, R² (last) = -0.7774
  inv_r_cubed         : R² (all) = 0.0950, R² (last) = -1.9188
  x                   : R² (all) = 0.9533, R² (last) = 0.9803
  y                   : R² (all) = 0.9533, R² (last) = 0.6327

block_0_mlp_hidden:
  F_magnitude         : R² (all) = 0.5756, R² (last) = 0.8947
  F_direction_x       : R² (all) = 0.9828, R² (last) = 0.9943
  F_direction_y       : R² (all) = 0.9821, R² (last) = 0.9925
  Fx                  : R² (all) = 0.3671, R² (last) = 0.4513
  Fy                  : R² (all) = 0.3481, R² (last) = 0.3869
  r                   : R² (all) = 0.9921, R² (last) = 0.9998
  inv_r               : R² (all) = 0.8772, R² (last) = 0.9732
  r_squared           : R² (all) = 0.9719, R² (last) = 0.9994
  inv_r_squared       : R² (all) = 0.5756, R² (last) = 0.8947
  inv_r_cubed         : R² (all) = 0.2790, R² (last) = 0.7896
  x                   : R² (all) = 0.9955, R² (last) = 0.9999
  y                   : R² (all) = 0.9957, R² (last) = 1.0000

block_0_mlp_output:
  F_magnitude         : R² (all) = 0.4333, R² (last) = 0.8131
  F_direction_x       : R² (all) = 0.9632, R² (last) = 0.9816
  F_direction_y       : R² (all) = 0.9651, R² (last) = 0.9802
  Fx                  : R² (all) = 0.2508, R² (last) = 0.4335
  Fy                  : R² (all) = 0.2453, R² (last) = 0.5001
  r                   : R² (all) = 0.9140, R² (last) = 0.9990
  inv_r               : R² (all) = 0.7811, R² (last) = 0.9480
  r_squared           : R² (all) = 0.7982, R² (last) = 0.9970
  inv_r_squared       : R² (all) = 0.4333, R² (last) = 0.8131
  inv_r_cubed         : R² (all) = 0.1737, R² (last) = 0.6238
  x                   : R² (all) = 0.9734, R² (last) = 0.9992
  y                   : R² (all) = 0.9775, R² (last) = 0.9990

block_0_after_mlp_merge:
  F_magnitude         : R² (all) = 0.3130, R² (last) = 0.7384
  F_direction_x       : R² (all) = 0.9618, R² (last) = 0.9828
  F_direction_y       : R² (all) = 0.9635, R² (last) = 0.9801
  Fx                  : R² (all) = 0.2447, R² (last) = 0.4239
  Fy                  : R² (all) = 0.2329, R² (last) = 0.5037
  r                   : R² (all) = 0.8725, R² (last) = 0.9967
  inv_r               : R² (all) = 0.6268, R² (last) = 0.9105
  r_squared           : R² (all) = 0.8451, R² (last) = 0.9955
  inv_r_squared       : R² (all) = 0.3130, R² (last) = 0.7384
  inv_r_cubed         : R² (all) = 0.1155, R² (last) = 0.5392
  x                   : R² (all) = 0.9993, R² (last) = 1.0000
  y                   : R² (all) = 0.9996, R² (last) = 1.0000

block_1_attn_output:
  F_magnitude         : R² (all) = 0.3053, R² (last) = 0.6183
  F_direction_x       : R² (all) = 0.9102, R² (last) = 0.9496
  F_direction_y       : R² (all) = 0.9170, R² (last) = 0.9447
  Fx                  : R² (all) = 0.1888, R² (last) = 0.2932
  Fy                  : R² (all) = 0.1924, R² (last) = 0.2365
  r                   : R² (all) = 0.7706, R² (last) = 0.9893
  inv_r               : R² (all) = 0.5671, R² (last) = 0.8491
  r_squared           : R² (all) = 0.7410, R² (last) = 0.9720
  inv_r_squared       : R² (all) = 0.3053, R² (last) = 0.6185
  inv_r_cubed         : R² (all) = 0.1324, R² (last) = 0.3932
  x                   : R² (all) = 0.9347, R² (last) = 0.9850
  y                   : R² (all) = 0.9347, R² (last) = 0.9816

block_1_after_attn_merge:
  F_magnitude         : R² (all) = 0.3163, R² (last) = 0.7084
  F_direction_x       : R² (all) = 0.9749, R² (last) = 0.9881
  F_direction_y       : R² (all) = 0.9744, R² (last) = 0.9889
  Fx                  : R² (all) = 0.3256, R² (last) = 0.5253
  Fy                  : R² (all) = 0.3233, R² (last) = 0.6441
  r                   : R² (all) = 0.8252, R² (last) = 0.9966
  inv_r               : R² (all) = 0.6312, R² (last) = 0.8988
  r_squared           : R² (all) = 0.7586, R² (last) = 0.9903
  inv_r_squared       : R² (all) = 0.3163, R² (last) = 0.7084
  inv_r_cubed         : R² (all) = 0.1231, R² (last) = 0.4996
  x                   : R² (all) = 0.9846, R² (last) = 0.9991
  y                   : R² (all) = 0.9913, R² (last) = 0.9990

block_1_mlp_hidden:
  F_magnitude         : R² (all) = 0.6769, R² (last) = 0.9508
  F_direction_x       : R² (all) = 0.9859, R² (last) = 0.9981
  F_direction_y       : R² (all) = 0.9866, R² (last) = 0.9986
  Fx                  : R² (all) = 0.4963, R² (last) = 0.8092
  Fy                  : R² (all) = 0.4849, R² (last) = 0.8938
  r                   : R² (all) = 0.9848, R² (last) = 0.9998
  inv_r               : R² (all) = 0.9098, R² (last) = 0.9895
  r_squared           : R² (all) = 0.9785, R² (last) = 0.9998
  inv_r_squared       : R² (all) = 0.6769, R² (last) = 0.9508
  inv_r_cubed         : R² (all) = 0.4016, R² (last) = 0.8738
  x                   : R² (all) = 0.9967, R² (last) = 0.9999
  y                   : R² (all) = 0.9978, R² (last) = 0.9999

block_1_mlp_output:
  F_magnitude         : R² (all) = 0.3930, R² (last) = 0.6738
  F_direction_x       : R² (all) = 0.9688, R² (last) = 0.9878
  F_direction_y       : R² (all) = 0.9672, R² (last) = 0.9864
  Fx                  : R² (all) = 0.3684, R² (last) = 0.5158
  Fy                  : R² (all) = 0.3384, R² (last) = 0.6365
  r                   : R² (all) = 0.8208, R² (last) = 0.9859
  inv_r               : R² (all) = 0.7242, R² (last) = 0.8846
  r_squared           : R² (all) = 0.7428, R² (last) = 0.9661
  inv_r_squared       : R² (all) = 0.3930, R² (last) = 0.6738
  inv_r_cubed         : R² (all) = 0.1460, R² (last) = 0.4492
  x                   : R² (all) = 0.9839, R² (last) = 0.9979
  y                   : R² (all) = 0.9816, R² (last) = 0.9965

block_1_after_mlp_merge:
  F_magnitude         : R² (all) = 0.2912, R² (last) = 0.6639
  F_direction_x       : R² (all) = 0.9648, R² (last) = 0.9881
  F_direction_y       : R² (all) = 0.9599, R² (last) = 0.9902
  Fx                  : R² (all) = 0.3141, R² (last) = 0.5430
  Fy                  : R² (all) = 0.2893, R² (last) = 0.6940
  r                   : R² (all) = 0.8233, R² (last) = 0.9888
  inv_r               : R² (all) = 0.6021, R² (last) = 0.8727
  r_squared           : R² (all) = 0.7727, R² (last) = 0.9796
  inv_r_squared       : R² (all) = 0.2912, R² (last) = 0.6639
  inv_r_cubed         : R² (all) = 0.1044, R² (last) = 0.4443
  x                   : R² (all) = 0.9926, R² (last) = 0.9993
  y                   : R² (all) = 0.9923, R² (last) = 0.9991

after_ln_f:
  F_magnitude         : R² (all) = 0.2648, R² (last) = 0.6871
  F_direction_x       : R² (all) = 0.9512, R² (last) = 0.9819
  F_direction_y       : R² (all) = 0.9440, R² (last) = 0.9812
  Fx                  : R² (all) = 0.2719, R² (last) = 0.4942
  Fy                  : R² (all) = 0.2488, R² (last) = 0.6208
  r                   : R² (all) = 0.7400, R² (last) = 0.9940
  inv_r               : R² (all) = 0.5511, R² (last) = 0.8782
  r_squared           : R² (all) = 0.6657, R² (last) = 0.9902
  inv_r_squared       : R² (all) = 0.2648, R² (last) = 0.6871
  inv_r_cubed         : R² (all) = 0.1002, R² (last) = 0.4741
  x                   : R² (all) = 0.9976, R² (last) = 0.9995
  y                   : R² (all) = 0.9979, R² (last) = 0.9995
Evaluating on 500 trajectories...
Conditioning length: 50, Generating 50 more steps per trajectory...

Error Statistics (aggregated across all 500 trajectories):
Mean position error: 0.081523 ± 0.081848
Max position error: 1.152655
R² scores:
  X coordinate: 0.980163 ± 0.053505
  Y coordinate: 0.979913 ± 0.049587
Evaluating on 500 trajectories...
Conditioning length: 50, Generating 50 more steps per trajectory...

Error Statistics (aggregated across all 500 trajectories):
Mean position error: 0.082834 ± 0.092719
Max position error: 1.096095
R² scores:
  X coordinate: 0.978841 ± 0.053714
  Y coordinate: 0.977592 ± 0.056737
Evaluation at step 18001 completed.

Step 18100, Total Train Loss: 0.002357, Prediction Loss: 0.002357, Test Loss: 0.000361, Attention Entropy: not tracked, Entropy Reg Loss: 0.000000, Entropy Reg Active: False, GPU Memory: 0.000 GB
Step 18200, Total Train Loss: 0.002276, Prediction Loss: 0.002276, Test Loss: 0.000369, Attention Entropy: not tracked, Entropy Reg Loss: 0.000000, Entropy Reg Active: False, GPU Memory: 0.000 GB
Step 18300, Total Train Loss: 0.002441, Prediction Loss: 0.002441, Test Loss: 0.000466, Attention Entropy: not tracked, Entropy Reg Loss: 0.000000, Entropy Reg Active: False, GPU Memory: 0.000 GB
Step 18400, Total Train Loss: 0.002528, Prediction Loss: 0.002528, Test Loss: 0.000393, Attention Entropy: not tracked, Entropy Reg Loss: 0.000000, Entropy Reg Active: False, GPU Memory: 0.000 GB
Step 18500, Total Train Loss: 0.002362, Prediction Loss: 0.002362, Test Loss: 0.000474, Attention Entropy: not tracked, Entropy Reg Loss: 0.000000, Entropy Reg Active: False, GPU Memory: 0.000 GB
Step 18600, Total Train Loss: 0.002493, Prediction Loss: 0.002493, Test Loss: 0.000423, Attention Entropy: not tracked, Entropy Reg Loss: 0.000000, Entropy Reg Active: False, GPU Memory: 0.000 GB
Step 18700, Total Train Loss: 0.002447, Prediction Loss: 0.002447, Test Loss: 0.000347, Attention Entropy: not tracked, Entropy Reg Loss: 0.000000, Entropy Reg Active: False, GPU Memory: 0.000 GB
Step 18800, Total Train Loss: 0.002678, Prediction Loss: 0.002678, Test Loss: 0.000378, Attention Entropy: not tracked, Entropy Reg Loss: 0.000000, Entropy Reg Active: False, GPU Memory: 0.000 GB
Step 18900, Total Train Loss: 0.002438, Prediction Loss: 0.002438, Test Loss: 0.000366, Attention Entropy: not tracked, Entropy Reg Loss: 0.000000, Entropy Reg Active: False, GPU Memory: 0.000 GB
Step 19000, Total Train Loss: 0.002238, Prediction Loss: 0.002238, Test Loss: 0.000383, Attention Entropy: not tracked, Entropy Reg Loss: 0.000000, Entropy Reg Active: False, GPU Memory: 0.000 GB

Evaluating at step 19001...
Activations collected:
  input_embed: torch.Size([1000, 99, 32])
  after_pos_emb: torch.Size([1000, 99, 32])
  block_0_attn_output: torch.Size([1000, 99, 32])
  block_0_after_attn_merge: torch.Size([1000, 99, 32])
  block_0_mlp_hidden: torch.Size([1000, 99, 128])
  block_0_mlp_output: torch.Size([1000, 99, 32])
  block_0_after_mlp_merge: torch.Size([1000, 99, 32])
  block_1_attn_output: torch.Size([1000, 99, 32])
  block_1_after_attn_merge: torch.Size([1000, 99, 32])
  block_1_mlp_hidden: torch.Size([1000, 99, 128])
  block_1_mlp_output: torch.Size([1000, 99, 32])
  block_1_after_mlp_merge: torch.Size([1000, 99, 32])
  after_ln_f: torch.Size([1000, 99, 32])

Linear Probe Results (R² scores):
================================================================================

input_embed:
  F_magnitude         : R² (all) = 0.0001, R² (last) = 0.0001
  F_direction_x       : R² (all) = 0.8289, R² (last) = 0.8184
  F_direction_y       : R² (all) = 0.8289, R² (last) = 0.8308
  Fx                  : R² (all) = 0.0684, R² (last) = 0.0806
  Fy                  : R² (all) = 0.0679, R² (last) = 0.0686
  r                   : R² (all) = 0.0011, R² (last) = 0.0016
  inv_r               : R² (all) = 0.0003, R² (last) = 0.0003
  r_squared           : R² (all) = 0.0015, R² (last) = 0.0020
  inv_r_squared       : R² (all) = 0.0001, R² (last) = 0.0000
  inv_r_cubed         : R² (all) = 0.0000, R² (last) = 0.0000
  x                   : R² (all) = 1.0000, R² (last) = 1.0000
  y                   : R² (all) = 1.0000, R² (last) = 1.0000

after_pos_emb:
  F_magnitude         : R² (all) = 0.0445, R² (last) = 0.0001
  F_direction_x       : R² (all) = 0.8291, R² (last) = 0.8185
  F_direction_y       : R² (all) = 0.8290, R² (last) = 0.8308
  Fx                  : R² (all) = 0.0689, R² (last) = 0.0806
  Fy                  : R² (all) = 0.0682, R² (last) = 0.0686
  r                   : R² (all) = 0.0691, R² (last) = 0.0016
  inv_r               : R² (all) = 0.0540, R² (last) = 0.0003
  r_squared           : R² (all) = 0.0769, R² (last) = 0.0021
  inv_r_squared       : R² (all) = 0.0445, R² (last) = 0.0001
  inv_r_cubed         : R² (all) = 0.0312, R² (last) = 0.0000
  x                   : R² (all) = 1.0000, R² (last) = 1.0000
  y                   : R² (all) = 1.0000, R² (last) = 1.0000

block_0_attn_output:
  F_magnitude         : R² (all) = 0.2527, R² (last) = -0.8137
  F_direction_x       : R² (all) = 0.6596, R² (last) = -0.0742
  F_direction_y       : R² (all) = 0.6649, R² (last) = -0.0923
  Fx                  : R² (all) = 0.0322, R² (last) = -2.1974
  Fy                  : R² (all) = 0.0323, R² (last) = -0.4504
  r                   : R² (all) = 0.8307, R² (last) = 0.9262
  inv_r               : R² (all) = 0.5513, R² (last) = 0.4816
  r_squared           : R² (all) = 0.7587, R² (last) = 0.9244
  inv_r_squared       : R² (all) = 0.2527, R² (last) = -0.8164
  inv_r_cubed         : R² (all) = 0.0899, R² (last) = -2.4154
  x                   : R² (all) = 0.8296, R² (last) = 0.8647
  y                   : R² (all) = 0.8338, R² (last) = 0.0821

block_0_after_attn_merge:
  F_magnitude         : R² (all) = 0.3094, R² (last) = 0.1988
  F_direction_x       : R² (all) = 0.9386, R² (last) = 0.9409
  F_direction_y       : R² (all) = 0.9391, R² (last) = 0.9122
  Fx                  : R² (all) = 0.1553, R² (last) = 0.3007
  Fy                  : R² (all) = 0.1557, R² (last) = -0.1277
  r                   : R² (all) = 0.9251, R² (last) = 0.9063
  inv_r               : R² (all) = 0.6495, R² (last) = 0.5920
  r_squared           : R² (all) = 0.8470, R² (last) = 0.9125
  inv_r_squared       : R² (all) = 0.3094, R² (last) = 0.1985
  inv_r_cubed         : R² (all) = 0.1122, R² (last) = -0.1101
  x                   : R² (all) = 0.9526, R² (last) = 0.9780
  y                   : R² (all) = 0.9520, R² (last) = 0.9763

block_0_mlp_hidden:
  F_magnitude         : R² (all) = 0.6126, R² (last) = 0.9214
  F_direction_x       : R² (all) = 0.9833, R² (last) = 0.9970
  F_direction_y       : R² (all) = 0.9823, R² (last) = 0.9927
  Fx                  : R² (all) = 0.3916, R² (last) = 0.7828
  Fy                  : R² (all) = 0.3830, R² (last) = 0.6576
  r                   : R² (all) = 0.9926, R² (last) = 0.9998
  inv_r               : R² (all) = 0.8864, R² (last) = 0.9809
  r_squared           : R² (all) = 0.9733, R² (last) = 0.9991
  inv_r_squared       : R² (all) = 0.6126, R² (last) = 0.9213
  inv_r_cubed         : R² (all) = 0.3231, R² (last) = 0.8498
  x                   : R² (all) = 0.9957, R² (last) = 0.9999
  y                   : R² (all) = 0.9957, R² (last) = 1.0000

block_0_mlp_output:
  F_magnitude         : R² (all) = 0.4696, R² (last) = 0.7943
  F_direction_x       : R² (all) = 0.9630, R² (last) = 0.9791
  F_direction_y       : R² (all) = 0.9655, R² (last) = 0.9823
  Fx                  : R² (all) = 0.2662, R² (last) = 0.4623
  Fy                  : R² (all) = 0.2739, R² (last) = 0.4862
  r                   : R² (all) = 0.9157, R² (last) = 0.9991
  inv_r               : R² (all) = 0.7953, R² (last) = 0.9436
  r_squared           : R² (all) = 0.8035, R² (last) = 0.9970
  inv_r_squared       : R² (all) = 0.4696, R² (last) = 0.7943
  inv_r_cubed         : R² (all) = 0.2074, R² (last) = 0.5967
  x                   : R² (all) = 0.9737, R² (last) = 0.9992
  y                   : R² (all) = 0.9774, R² (last) = 0.9991

block_0_after_mlp_merge:
  F_magnitude         : R² (all) = 0.3433, R² (last) = 0.7106
  F_direction_x       : R² (all) = 0.9625, R² (last) = 0.9799
  F_direction_y       : R² (all) = 0.9639, R² (last) = 0.9818
  Fx                  : R² (all) = 0.2654, R² (last) = 0.4657
  Fy                  : R² (all) = 0.2608, R² (last) = 0.4824
  r                   : R² (all) = 0.8780, R² (last) = 0.9964
  inv_r               : R² (all) = 0.6443, R² (last) = 0.9012
  r_squared           : R² (all) = 0.8502, R² (last) = 0.9948
  inv_r_squared       : R² (all) = 0.3433, R² (last) = 0.7106
  inv_r_cubed         : R² (all) = 0.1391, R² (last) = 0.5073
  x                   : R² (all) = 0.9993, R² (last) = 1.0000
  y                   : R² (all) = 0.9995, R² (last) = 1.0000

block_1_attn_output:
  F_magnitude         : R² (all) = 0.3327, R² (last) = 0.5814
  F_direction_x       : R² (all) = 0.9139, R² (last) = 0.9482
  F_direction_y       : R² (all) = 0.9192, R² (last) = 0.9464
  Fx                  : R² (all) = 0.2084, R² (last) = 0.3265
  Fy                  : R² (all) = 0.2170, R² (last) = 0.2647
  r                   : R² (all) = 0.7756, R² (last) = 0.9887
  inv_r               : R² (all) = 0.5846, R² (last) = 0.8350
  r_squared           : R² (all) = 0.7434, R² (last) = 0.9757
  inv_r_squared       : R² (all) = 0.3327, R² (last) = 0.5812
  inv_r_cubed         : R² (all) = 0.1540, R² (last) = 0.3514
  x                   : R² (all) = 0.9374, R² (last) = 0.9872
  y                   : R² (all) = 0.9371, R² (last) = 0.9835

block_1_after_attn_merge:
  F_magnitude         : R² (all) = 0.3428, R² (last) = 0.6804
  F_direction_x       : R² (all) = 0.9752, R² (last) = 0.9853
  F_direction_y       : R² (all) = 0.9743, R² (last) = 0.9903
  Fx                  : R² (all) = 0.3485, R² (last) = 0.5615
  Fy                  : R² (all) = 0.3562, R² (last) = 0.6087
  r                   : R² (all) = 0.8288, R² (last) = 0.9968
  inv_r               : R² (all) = 0.6450, R² (last) = 0.8902
  r_squared           : R² (all) = 0.7638, R² (last) = 0.9901
  inv_r_squared       : R² (all) = 0.3428, R² (last) = 0.6804
  inv_r_cubed         : R² (all) = 0.1432, R² (last) = 0.4664
  x                   : R² (all) = 0.9852, R² (last) = 0.9989
  y                   : R² (all) = 0.9915, R² (last) = 0.9990

block_1_mlp_hidden:
  F_magnitude         : R² (all) = 0.7037, R² (last) = 0.9447
  F_direction_x       : R² (all) = 0.9862, R² (last) = 0.9983
  F_direction_y       : R² (all) = 0.9866, R² (last) = 0.9985
  Fx                  : R² (all) = 0.5255, R² (last) = 0.8535
  Fy                  : R² (all) = 0.5316, R² (last) = 0.8694
  r                   : R² (all) = 0.9847, R² (last) = 0.9998
  inv_r               : R² (all) = 0.9144, R² (last) = 0.9885
  r_squared           : R² (all) = 0.9790, R² (last) = 0.9998
  inv_r_squared       : R² (all) = 0.7037, R² (last) = 0.9447
  inv_r_cubed         : R² (all) = 0.4401, R² (last) = 0.8678
  x                   : R² (all) = 0.9969, R² (last) = 0.9999
  y                   : R² (all) = 0.9977, R² (last) = 0.9999

block_1_mlp_output:
  F_magnitude         : R² (all) = 0.4276, R² (last) = 0.6753
  F_direction_x       : R² (all) = 0.9687, R² (last) = 0.9854
  F_direction_y       : R² (all) = 0.9669, R² (last) = 0.9883
  Fx                  : R² (all) = 0.3900, R² (last) = 0.5886
  Fy                  : R² (all) = 0.3745, R² (last) = 0.6354
  r                   : R² (all) = 0.8152, R² (last) = 0.9875
  inv_r               : R² (all) = 0.7344, R² (last) = 0.8912
  r_squared           : R² (all) = 0.7391, R² (last) = 0.9670
  inv_r_squared       : R² (all) = 0.4276, R² (last) = 0.6753
  inv_r_cubed         : R² (all) = 0.1771, R² (last) = 0.4501
  x                   : R² (all) = 0.9842, R² (last) = 0.9977
  y                   : R² (all) = 0.9822, R² (last) = 0.9963

block_1_after_mlp_merge:
  F_magnitude         : R² (all) = 0.3219, R² (last) = 0.6480
  F_direction_x       : R² (all) = 0.9650, R² (last) = 0.9853
  F_direction_y       : R² (all) = 0.9596, R² (last) = 0.9911
  Fx                  : R² (all) = 0.3338, R² (last) = 0.5833
  Fy                  : R² (all) = 0.3136, R² (last) = 0.6308
  r                   : R² (all) = 0.8271, R² (last) = 0.9898
  inv_r               : R² (all) = 0.6208, R² (last) = 0.8752
  r_squared           : R² (all) = 0.7780, R² (last) = 0.9787
  inv_r_squared       : R² (all) = 0.3219, R² (last) = 0.6480
  inv_r_cubed         : R² (all) = 0.1260, R² (last) = 0.4147
  x                   : R² (all) = 0.9926, R² (last) = 0.9993
  y                   : R² (all) = 0.9922, R² (last) = 0.9988

after_ln_f:
  F_magnitude         : R² (all) = 0.2910, R² (last) = 0.6595
  F_direction_x       : R² (all) = 0.9515, R² (last) = 0.9785
  F_direction_y       : R² (all) = 0.9429, R² (last) = 0.9823
  Fx                  : R² (all) = 0.2902, R² (last) = 0.5370
  Fy                  : R² (all) = 0.2677, R² (last) = 0.5570
  r                   : R² (all) = 0.7395, R² (last) = 0.9947
  inv_r               : R² (all) = 0.5689, R² (last) = 0.8763
  r_squared           : R² (all) = 0.6637, R² (last) = 0.9902
  inv_r_squared       : R² (all) = 0.2910, R² (last) = 0.6595
  inv_r_cubed         : R² (all) = 0.1166, R² (last) = 0.4238
  x                   : R² (all) = 0.9976, R² (last) = 0.9994
  y                   : R² (all) = 0.9979, R² (last) = 0.9994
Evaluating on 500 trajectories...
Conditioning length: 50, Generating 50 more steps per trajectory...

Error Statistics (aggregated across all 500 trajectories):
Mean position error: 0.072261 ± 0.078040
Max position error: 0.951411
R² scores:
  X coordinate: 0.982984 ± 0.037945
  Y coordinate: 0.984255 ± 0.035834
Evaluating on 500 trajectories...
Conditioning length: 50, Generating 50 more steps per trajectory...

Error Statistics (aggregated across all 500 trajectories):
Mean position error: 0.072668 ± 0.072311
Max position error: 0.878164
R² scores:
  X coordinate: 0.982991 ± 0.045346
  Y coordinate: 0.983295 ± 0.045578
Evaluation at step 19001 completed.

Step 19100, Total Train Loss: 0.002392, Prediction Loss: 0.002392, Test Loss: 0.000415, Attention Entropy: not tracked, Entropy Reg Loss: 0.000000, Entropy Reg Active: False, GPU Memory: 0.000 GB
Step 19200, Total Train Loss: 0.002426, Prediction Loss: 0.002426, Test Loss: 0.000311, Attention Entropy: not tracked, Entropy Reg Loss: 0.000000, Entropy Reg Active: False, GPU Memory: 0.000 GB
Step 19300, Total Train Loss: 0.002272, Prediction Loss: 0.002272, Test Loss: 0.000348, Attention Entropy: not tracked, Entropy Reg Loss: 0.000000, Entropy Reg Active: False, GPU Memory: 0.000 GB
Step 19400, Total Train Loss: 0.002436, Prediction Loss: 0.002436, Test Loss: 0.000467, Attention Entropy: not tracked, Entropy Reg Loss: 0.000000, Entropy Reg Active: False, GPU Memory: 0.000 GB
Step 19500, Total Train Loss: 0.002348, Prediction Loss: 0.002348, Test Loss: 0.000392, Attention Entropy: not tracked, Entropy Reg Loss: 0.000000, Entropy Reg Active: False, GPU Memory: 0.000 GB
Step 19600, Total Train Loss: 0.002387, Prediction Loss: 0.002387, Test Loss: 0.000364, Attention Entropy: not tracked, Entropy Reg Loss: 0.000000, Entropy Reg Active: False, GPU Memory: 0.000 GB
Step 19700, Total Train Loss: 0.002434, Prediction Loss: 0.002434, Test Loss: 0.000348, Attention Entropy: not tracked, Entropy Reg Loss: 0.000000, Entropy Reg Active: False, GPU Memory: 0.000 GB
Step 19800, Total Train Loss: 0.002360, Prediction Loss: 0.002360, Test Loss: 0.000355, Attention Entropy: not tracked, Entropy Reg Loss: 0.000000, Entropy Reg Active: False, GPU Memory: 0.000 GB
Step 19900, Total Train Loss: 0.002359, Prediction Loss: 0.002359, Test Loss: 0.000430, Attention Entropy: not tracked, Entropy Reg Loss: 0.000000, Entropy Reg Active: False, GPU Memory: 0.000 GB

Evaluating at step 20000...
Activations collected:
  input_embed: torch.Size([1000, 99, 32])
  after_pos_emb: torch.Size([1000, 99, 32])
  block_0_attn_output: torch.Size([1000, 99, 32])
  block_0_after_attn_merge: torch.Size([1000, 99, 32])
  block_0_mlp_hidden: torch.Size([1000, 99, 128])
  block_0_mlp_output: torch.Size([1000, 99, 32])
  block_0_after_mlp_merge: torch.Size([1000, 99, 32])
  block_1_attn_output: torch.Size([1000, 99, 32])
  block_1_after_attn_merge: torch.Size([1000, 99, 32])
  block_1_mlp_hidden: torch.Size([1000, 99, 128])
  block_1_mlp_output: torch.Size([1000, 99, 32])
  block_1_after_mlp_merge: torch.Size([1000, 99, 32])
  after_ln_f: torch.Size([1000, 99, 32])

Linear Probe Results (R² scores):
================================================================================

input_embed:
  F_magnitude         : R² (all) = 0.0001, R² (last) = 0.0000
  F_direction_x       : R² (all) = 0.8383, R² (last) = 0.8357
  F_direction_y       : R² (all) = 0.8342, R² (last) = 0.8330
  Fx                  : R² (all) = 0.0672, R² (last) = 0.0963
  Fy                  : R² (all) = 0.0622, R² (last) = 0.0830
  r                   : R² (all) = 0.0009, R² (last) = 0.0021
  inv_r               : R² (all) = 0.0003, R² (last) = 0.0002
  r_squared           : R² (all) = 0.0013, R² (last) = 0.0036
  inv_r_squared       : R² (all) = 0.0001, R² (last) = 0.0000
  inv_r_cubed         : R² (all) = 0.0000, R² (last) = 0.0000
  x                   : R² (all) = 1.0000, R² (last) = 1.0000
  y                   : R² (all) = 1.0000, R² (last) = 1.0000

after_pos_emb:
  F_magnitude         : R² (all) = 0.0368, R² (last) = 0.0000
  F_direction_x       : R² (all) = 0.8383, R² (last) = 0.8357
  F_direction_y       : R² (all) = 0.8343, R² (last) = 0.8330
  Fx                  : R² (all) = 0.0676, R² (last) = 0.0963
  Fy                  : R² (all) = 0.0628, R² (last) = 0.0830
  r                   : R² (all) = 0.0697, R² (last) = 0.0021
  inv_r               : R² (all) = 0.0499, R² (last) = 0.0003
  r_squared           : R² (all) = 0.0785, R² (last) = 0.0036
  inv_r_squared       : R² (all) = 0.0368, R² (last) = 0.0000
  inv_r_cubed         : R² (all) = 0.0223, R² (last) = 0.0000
  x                   : R² (all) = 1.0000, R² (last) = 1.0000
  y                   : R² (all) = 1.0000, R² (last) = 1.0000

block_0_attn_output:
  F_magnitude         : R² (all) = 0.2270, R² (last) = 0.7262
  F_direction_x       : R² (all) = 0.6720, R² (last) = 0.8369
  F_direction_y       : R² (all) = 0.6699, R² (last) = 0.6917
  Fx                  : R² (all) = 0.0323, R² (last) = 0.3913
  Fy                  : R² (all) = 0.0309, R² (last) = 0.0936
  r                   : R² (all) = 0.8343, R² (last) = 0.9788
  inv_r               : R² (all) = 0.5484, R² (last) = 0.9172
  r_squared           : R² (all) = 0.7601, R² (last) = 0.9444
  inv_r_squared       : R² (all) = 0.2270, R² (last) = 0.7270
  inv_r_cubed         : R² (all) = 0.0672, R² (last) = 0.4582
  x                   : R² (all) = 0.8305, R² (last) = 0.8838
  y                   : R² (all) = 0.8380, R² (last) = 0.8862

block_0_after_attn_merge:
  F_magnitude         : R² (all) = 0.2762, R² (last) = 0.6841
  F_direction_x       : R² (all) = 0.9430, R² (last) = 0.9113
  F_direction_y       : R² (all) = 0.9416, R² (last) = 0.9278
  Fx                  : R² (all) = 0.1464, R² (last) = 0.3041
  Fy                  : R² (all) = 0.1387, R² (last) = 0.1765
  r                   : R² (all) = 0.9258, R² (last) = 0.9750
  inv_r               : R² (all) = 0.6420, R² (last) = 0.9083
  r_squared           : R² (all) = 0.8480, R² (last) = 0.9632
  inv_r_squared       : R² (all) = 0.2762, R² (last) = 0.6843
  inv_r_cubed         : R² (all) = 0.0841, R² (last) = 0.3227
  x                   : R² (all) = 0.9534, R² (last) = 0.9719
  y                   : R² (all) = 0.9529, R² (last) = 0.9725

block_0_mlp_hidden:
  F_magnitude         : R² (all) = 0.5580, R² (last) = 0.8454
  F_direction_x       : R² (all) = 0.9847, R² (last) = 0.9969
  F_direction_y       : R² (all) = 0.9832, R² (last) = 0.9945
  Fx                  : R² (all) = 0.3727, R² (last) = 0.7110
  Fy                  : R² (all) = 0.3435, R² (last) = 0.7525
  r                   : R² (all) = 0.9923, R² (last) = 0.9997
  inv_r               : R² (all) = 0.8755, R² (last) = 0.9595
  r_squared           : R² (all) = 0.9727, R² (last) = 0.9997
  inv_r_squared       : R² (all) = 0.5580, R² (last) = 0.8454
  inv_r_cubed         : R² (all) = 0.2586, R² (last) = 0.6924
  x                   : R² (all) = 0.9957, R² (last) = 0.9999
  y                   : R² (all) = 0.9957, R² (last) = 1.0000

block_0_mlp_output:
  F_magnitude         : R² (all) = 0.4211, R² (last) = 0.8018
  F_direction_x       : R² (all) = 0.9654, R² (last) = 0.9836
  F_direction_y       : R² (all) = 0.9669, R² (last) = 0.9816
  Fx                  : R² (all) = 0.2519, R² (last) = 0.5351
  Fy                  : R² (all) = 0.2485, R² (last) = 0.5180
  r                   : R² (all) = 0.9123, R² (last) = 0.9990
  inv_r               : R² (all) = 0.7862, R² (last) = 0.9490
  r_squared           : R² (all) = 0.7986, R² (last) = 0.9971
  inv_r_squared       : R² (all) = 0.4211, R² (last) = 0.8018
  inv_r_cubed         : R² (all) = 0.1567, R² (last) = 0.5767
  x                   : R² (all) = 0.9738, R² (last) = 0.9992
  y                   : R² (all) = 0.9776, R² (last) = 0.9990

block_0_after_mlp_merge:
  F_magnitude         : R² (all) = 0.3078, R² (last) = 0.7523
  F_direction_x       : R² (all) = 0.9648, R² (last) = 0.9839
  F_direction_y       : R² (all) = 0.9651, R² (last) = 0.9813
  Fx                  : R² (all) = 0.2477, R² (last) = 0.5220
  Fy                  : R² (all) = 0.2326, R² (last) = 0.5151
  r                   : R² (all) = 0.8804, R² (last) = 0.9968
  inv_r               : R² (all) = 0.6364, R² (last) = 0.9231
  r_squared           : R² (all) = 0.8525, R² (last) = 0.9945
  inv_r_squared       : R² (all) = 0.3078, R² (last) = 0.7523
  inv_r_cubed         : R² (all) = 0.1064, R² (last) = 0.5291
  x                   : R² (all) = 0.9994, R² (last) = 1.0000
  y                   : R² (all) = 0.9995, R² (last) = 1.0000

block_1_attn_output:
  F_magnitude         : R² (all) = 0.3046, R² (last) = 0.6343
  F_direction_x       : R² (all) = 0.9143, R² (last) = 0.9548
  F_direction_y       : R² (all) = 0.9218, R² (last) = 0.9510
  Fx                  : R² (all) = 0.1931, R² (last) = 0.3860
  Fy                  : R² (all) = 0.1925, R² (last) = 0.3395
  r                   : R² (all) = 0.7801, R² (last) = 0.9880
  inv_r               : R² (all) = 0.5839, R² (last) = 0.8604
  r_squared           : R² (all) = 0.7470, R² (last) = 0.9724
  inv_r_squared       : R² (all) = 0.3046, R² (last) = 0.6343
  inv_r_cubed         : R² (all) = 0.1221, R² (last) = 0.3930
  x                   : R² (all) = 0.9353, R² (last) = 0.9887
  y                   : R² (all) = 0.9350, R² (last) = 0.9829

block_1_after_attn_merge:
  F_magnitude         : R² (all) = 0.3133, R² (last) = 0.7186
  F_direction_x       : R² (all) = 0.9768, R² (last) = 0.9890
  F_direction_y       : R² (all) = 0.9753, R² (last) = 0.9881
  Fx                  : R² (all) = 0.3271, R² (last) = 0.6420
  Fy                  : R² (all) = 0.3169, R² (last) = 0.6044
  r                   : R² (all) = 0.8263, R² (last) = 0.9967
  inv_r               : R² (all) = 0.6418, R² (last) = 0.9083
  r_squared           : R² (all) = 0.7587, R² (last) = 0.9897
  inv_r_squared       : R² (all) = 0.3133, R² (last) = 0.7186
  inv_r_cubed         : R² (all) = 0.1139, R² (last) = 0.4932
  x                   : R² (all) = 0.9854, R² (last) = 0.9991
  y                   : R² (all) = 0.9917, R² (last) = 0.9990

block_1_mlp_hidden:
  F_magnitude         : R² (all) = 0.6613, R² (last) = 0.9713
  F_direction_x       : R² (all) = 0.9870, R² (last) = 0.9987
  F_direction_y       : R² (all) = 0.9872, R² (last) = 0.9981
  Fx                  : R² (all) = 0.5043, R² (last) = 0.9088
  Fy                  : R² (all) = 0.4823, R² (last) = 0.8806
  r                   : R² (all) = 0.9847, R² (last) = 0.9998
  inv_r               : R² (all) = 0.9087, R² (last) = 0.9944
  r_squared           : R² (all) = 0.9788, R² (last) = 0.9998
  inv_r_squared       : R² (all) = 0.6613, R² (last) = 0.9713
  inv_r_cubed         : R² (all) = 0.3769, R² (last) = 0.9203
  x                   : R² (all) = 0.9970, R² (last) = 0.9999
  y                   : R² (all) = 0.9978, R² (last) = 0.9999

block_1_mlp_output:
  F_magnitude         : R² (all) = 0.3822, R² (last) = 0.7375
  F_direction_x       : R² (all) = 0.9707, R² (last) = 0.9894
  F_direction_y       : R² (all) = 0.9678, R² (last) = 0.9870
  Fx                  : R² (all) = 0.3714, R² (last) = 0.6364
  Fy                  : R² (all) = 0.3339, R² (last) = 0.6393
  r                   : R² (all) = 0.8083, R² (last) = 0.9861
  inv_r               : R² (all) = 0.7221, R² (last) = 0.9149
  r_squared           : R² (all) = 0.7319, R² (last) = 0.9638
  inv_r_squared       : R² (all) = 0.3822, R² (last) = 0.7375
  inv_r_cubed         : R² (all) = 0.1339, R² (last) = 0.5127
  x                   : R² (all) = 0.9840, R² (last) = 0.9977
  y                   : R² (all) = 0.9838, R² (last) = 0.9966

block_1_after_mlp_merge:
  F_magnitude         : R² (all) = 0.2910, R² (last) = 0.7397
  F_direction_x       : R² (all) = 0.9671, R² (last) = 0.9885
  F_direction_y       : R² (all) = 0.9618, R² (last) = 0.9906
  Fx                  : R² (all) = 0.3097, R² (last) = 0.6390
  Fy                  : R² (all) = 0.2810, R² (last) = 0.6398
  r                   : R² (all) = 0.8258, R² (last) = 0.9901
  inv_r               : R² (all) = 0.6165, R² (last) = 0.9139
  r_squared           : R² (all) = 0.7749, R² (last) = 0.9795
  inv_r_squared       : R² (all) = 0.2910, R² (last) = 0.7397
  inv_r_cubed         : R² (all) = 0.0974, R² (last) = 0.5119
  x                   : R² (all) = 0.9930, R² (last) = 0.9994
  y                   : R² (all) = 0.9925, R² (last) = 0.9989

after_ln_f:
  F_magnitude         : R² (all) = 0.2590, R² (last) = 0.7496
  F_direction_x       : R² (all) = 0.9541, R² (last) = 0.9826
  F_direction_y       : R² (all) = 0.9449, R² (last) = 0.9811
  Fx                  : R² (all) = 0.2707, R² (last) = 0.5844
  Fy                  : R² (all) = 0.2382, R² (last) = 0.5800
  r                   : R² (all) = 0.7363, R² (last) = 0.9947
  inv_r               : R² (all) = 0.5606, R² (last) = 0.9125
  r_squared           : R² (all) = 0.6611, R² (last) = 0.9900
  inv_r_squared       : R² (all) = 0.2590, R² (last) = 0.7496
  inv_r_cubed         : R² (all) = 0.0884, R² (last) = 0.5276
  x                   : R² (all) = 0.9977, R² (last) = 0.9995
  y                   : R² (all) = 0.9981, R² (last) = 0.9995
Evaluating on 500 trajectories...
Conditioning length: 50, Generating 50 more steps per trajectory...

Error Statistics (aggregated across all 500 trajectories):
Mean position error: 0.116540 ± 0.110803
Max position error: 1.283918
R² scores:
  X coordinate: 0.968865 ± 0.077359
  Y coordinate: 0.968426 ± 0.082653
Evaluating on 500 trajectories...
Conditioning length: 50, Generating 50 more steps per trajectory...

Error Statistics (aggregated across all 500 trajectories):
Mean position error: 0.126097 ± 0.122852
Max position error: 1.405727
R² scores:
  X coordinate: 0.968288 ± 0.072552
  Y coordinate: 0.967502 ± 0.076344
Evaluation at step 20000 completed.

Final memory stats: {'initial': {'allocated_gb': 0, 'reserved_gb': 0, 'max_allocated_gb': 0}, 'final': {'allocated_gb': 0, 'reserved_gb': 0, 'max_allocated_gb': 0}, 'peak': {'allocated_gb': 0, 'reserved_gb': 0, 'max_allocated_gb': 0}}

Training completed!
Saved results to ./results/kepler_cv_blocksize/results_block_size_100_num_trajectories_10000_noise_scale_0.1_loss_mask_all_n_steps_20000.npz

[2/2] Running: block_size=100, num_trajectories=10000, noise_scale=0.1, loss_mask=all, attention_entropy_reg=0.001, entropy_interval=[0, None)

================================================================================
Training model: block_size=100, noise_scale=0.1, lr=0.001, n_layer=2, n_embd=32, num_trajectories=10000, loss_mask=all, attention_entropy_reg=0.001, entropy_interval=[0, None)
================================================================================
Loading Kepler orbit trajectories from data_cv...
Loading 20,000 trajectories from 2 chunks...
Loaded 20,000 trajectories from chunks
Trajectories shape: (20000, 100, 2)
Position range: x=[-3.536, 3.517], y=[-3.444, 3.481]

Split: 10000 training trajectories, 10000 test trajectories
Loading orbital parameters from data_cv...
Loading 20,000 orbital parameters from 2 chunks...
Loaded 20,000 orbital parameters from chunks
Loaded 20000 orbital parameters

Block size (100) >= num_points_per_trajectory (100)
Using full trajectories...

Train input shape: torch.Size([10000, 99, 2]), Train target shape: torch.Size([10000, 99, 2])
Test input shape: torch.Size([10000, 99, 2]), Test target shape: torch.Size([10000, 99, 2])

Setting up model...
number of parameters: 0.025634M
Initial train loss: 1.211128, Initial test loss: 1.239919
Train predictions shape: torch.Size([128, 99, 2])

Training model with periodic evaluation...
Hooks registered for 2 transformer blocks:
  For each block: attn_output, after_attn_merge, mlp_output, after_mlp_merge, mlp_hidden
  Additional: input_embed, after_pos_emb, after_ln_f
  Total hooks: 13
Step 0, Total Train Loss: 1.275978, Prediction Loss: 1.274979, Test Loss: 1.048005, Attention Entropy: 1.0000, Entropy Reg Loss: 0.001000, Entropy Reg Active: True, GPU Memory: 0.000 GB

Evaluating at step 1...
Activations collected:
  input_embed: torch.Size([1000, 99, 32])
  after_pos_emb: torch.Size([1000, 99, 32])
  block_0_attn_output: torch.Size([1000, 99, 32])
  block_0_after_attn_merge: torch.Size([1000, 99, 32])
  block_0_mlp_hidden: torch.Size([1000, 99, 128])
  block_0_mlp_output: torch.Size([1000, 99, 32])
  block_0_after_mlp_merge: torch.Size([1000, 99, 32])
  block_1_attn_output: torch.Size([1000, 99, 32])
  block_1_after_attn_merge: torch.Size([1000, 99, 32])
  block_1_mlp_hidden: torch.Size([1000, 99, 128])
  block_1_mlp_output: torch.Size([1000, 99, 32])
  block_1_after_mlp_merge: torch.Size([1000, 99, 32])
  after_ln_f: torch.Size([1000, 99, 32])

Linear Probe Results (R² scores):
================================================================================

input_embed:
  F_magnitude         : R² (all) = 0.0005, R² (last) = 0.0018
  F_direction_x       : R² (all) = 0.8208, R² (last) = 0.8201
  F_direction_y       : R² (all) = 0.8254, R² (last) = 0.8312
  Fx                  : R² (all) = 0.0582, R² (last) = 0.0684
  Fy                  : R² (all) = 0.0628, R² (last) = 0.0892
  r                   : R² (all) = 0.0067, R² (last) = 0.0167
  inv_r               : R² (all) = 0.0017, R² (last) = 0.0043
  r_squared           : R² (all) = 0.0090, R² (last) = 0.0244
  inv_r_squared       : R² (all) = 0.0005, R² (last) = 0.0018
  inv_r_cubed         : R² (all) = 0.0001, R² (last) = 0.0009
  x                   : R² (all) = 1.0000, R² (last) = 1.0000
  y                   : R² (all) = 1.0000, R² (last) = 1.0000

after_pos_emb:
  F_magnitude         : R² (all) = 0.0141, R² (last) = 0.0018
  F_direction_x       : R² (all) = 0.8081, R² (last) = 0.8201
  F_direction_y       : R² (all) = 0.8125, R² (last) = 0.8312
  Fx                  : R² (all) = 0.0577, R² (last) = 0.0684
  Fy                  : R² (all) = 0.0618, R² (last) = 0.0892
  r                   : R² (all) = 0.0244, R² (last) = 0.0167
  inv_r               : R² (all) = 0.0172, R² (last) = 0.0043
  r_squared           : R² (all) = 0.0289, R² (last) = 0.0244
  inv_r_squared       : R² (all) = 0.0141, R² (last) = 0.0018
  inv_r_cubed         : R² (all) = 0.0091, R² (last) = 0.0009
  x                   : R² (all) = 0.9846, R² (last) = 1.0000
  y                   : R² (all) = 0.9847, R² (last) = 1.0000

block_0_attn_output:
  F_magnitude         : R² (all) = 0.2198, R² (last) = 0.5824
  F_direction_x       : R² (all) = 0.3799, R² (last) = 0.5986
  F_direction_y       : R² (all) = 0.3886, R² (last) = 0.7242
  Fx                  : R² (all) = 0.0112, R² (last) = 0.1925
  Fy                  : R² (all) = 0.0167, R² (last) = 0.3187
  r                   : R² (all) = 0.6191, R² (last) = 0.9608
  inv_r               : R² (all) = 0.4686, R² (last) = 0.8091
  r_squared           : R² (all) = 0.5238, R² (last) = 0.9501
  inv_r_squared       : R² (all) = 0.2198, R² (last) = 0.5824
  inv_r_cubed         : R² (all) = 0.0778, R² (last) = 0.3712
  x                   : R² (all) = 0.5154, R² (last) = 0.7070
  y                   : R² (all) = 0.5142, R² (last) = 0.8102

block_0_after_attn_merge:
  F_magnitude         : R² (all) = 0.0434, R² (last) = 0.6961
  F_direction_x       : R² (all) = 0.9385, R² (last) = 0.9785
  F_direction_y       : R² (all) = 0.9362, R² (last) = 0.9817
  Fx                  : R² (all) = 0.1161, R² (last) = 0.3544
  Fy                  : R² (all) = 0.1251, R² (last) = 0.4986
  r                   : R² (all) = 0.0899, R² (last) = 0.9705
  inv_r               : R² (all) = 0.0736, R² (last) = 0.9005
  r_squared           : R² (all) = 0.0785, R² (last) = 0.9185
  inv_r_squared       : R² (all) = 0.0434, R² (last) = 0.6961
  inv_r_cubed         : R² (all) = 0.0213, R² (last) = 0.4795
  x                   : R² (all) = 0.9122, R² (last) = 0.9425
  y                   : R² (all) = 0.9138, R² (last) = 0.9470

block_0_mlp_hidden:
  F_magnitude         : R² (all) = 0.3709, R² (last) = 0.9360
  F_direction_x       : R² (all) = 0.9488, R² (last) = 0.9979
  F_direction_y       : R² (all) = 0.9503, R² (last) = 0.9994
  Fx                  : R² (all) = 0.1378, R² (last) = 0.7239
  Fy                  : R² (all) = 0.1517, R² (last) = 0.9217
  r                   : R² (all) = 0.7663, R² (last) = 0.9977
  inv_r               : R² (all) = 0.7009, R² (last) = 0.9882
  r_squared           : R² (all) = 0.6126, R² (last) = 0.9853
  inv_r_squared       : R² (all) = 0.3709, R² (last) = 0.9360
  inv_r_cubed         : R² (all) = 0.1389, R² (last) = 0.8433
  x                   : R² (all) = 0.9224, R² (last) = 0.9992
  y                   : R² (all) = 0.9260, R² (last) = 0.9990

block_0_mlp_output:
  F_magnitude         : R² (all) = 0.0610, R² (last) = 0.8233
  F_direction_x       : R² (all) = 0.9355, R² (last) = 0.9938
  F_direction_y       : R² (all) = 0.9332, R² (last) = 0.9950
  Fx                  : R² (all) = 0.1142, R² (last) = 0.5608
  Fy                  : R² (all) = 0.1243, R² (last) = 0.7224
  r                   : R² (all) = 0.1351, R² (last) = 0.9938
  inv_r               : R² (all) = 0.1138, R² (last) = 0.9581
  r_squared           : R² (all) = 0.1138, R² (last) = 0.9721
  inv_r_squared       : R² (all) = 0.0610, R² (last) = 0.8233
  inv_r_cubed         : R² (all) = 0.0247, R² (last) = 0.6230
  x                   : R² (all) = 0.9099, R² (last) = 0.9940
  y                   : R² (all) = 0.9116, R² (last) = 0.9942

block_0_after_mlp_merge:
  F_magnitude         : R² (all) = 0.0160, R² (last) = 0.7951
  F_direction_x       : R² (all) = 0.8310, R² (last) = 0.9939
  F_direction_y       : R² (all) = 0.8317, R² (last) = 0.9953
  Fx                  : R² (all) = 0.0767, R² (last) = 0.5300
  Fy                  : R² (all) = 0.0851, R² (last) = 0.7367
  r                   : R² (all) = 0.0265, R² (last) = 0.9915
  inv_r               : R² (all) = 0.0199, R² (last) = 0.9470
  r_squared           : R² (all) = 0.0306, R² (last) = 0.9677
  inv_r_squared       : R² (all) = 0.0160, R² (last) = 0.7951
  inv_r_cubed         : R² (all) = 0.0101, R² (last) = 0.5772
  x                   : R² (all) = 0.9844, R² (last) = 1.0000
  y                   : R² (all) = 0.9842, R² (last) = 1.0000

block_1_attn_output:
  F_magnitude         : R² (all) = 0.2278, R² (last) = 0.5173
  F_direction_x       : R² (all) = 0.5368, R² (last) = 0.6254
  F_direction_y       : R² (all) = 0.5524, R² (last) = 0.7546
  Fx                  : R² (all) = 0.0390, R² (last) = 0.1841
  Fy                  : R² (all) = 0.0583, R² (last) = 0.3007
  r                   : R² (all) = 0.6187, R² (last) = 0.9446
  inv_r               : R² (all) = 0.4684, R² (last) = 0.7590
  r_squared           : R² (all) = 0.5329, R² (last) = 0.9270
  inv_r_squared       : R² (all) = 0.2278, R² (last) = 0.5173
  inv_r_cubed         : R² (all) = 0.0876, R² (last) = 0.3196
  x                   : R² (all) = 0.6571, R² (last) = 0.7430
  y                   : R² (all) = 0.6638, R² (last) = 0.8327

block_1_after_attn_merge:
  F_magnitude         : R² (all) = 0.0609, R² (last) = 0.7941
  F_direction_x       : R² (all) = 0.9377, R² (last) = 0.9945
  F_direction_y       : R² (all) = 0.9313, R² (last) = 0.9962
  Fx                  : R² (all) = 0.1187, R² (last) = 0.5628
  Fy                  : R² (all) = 0.1341, R² (last) = 0.7731
  r                   : R² (all) = 0.1410, R² (last) = 0.9873
  inv_r               : R² (all) = 0.1128, R² (last) = 0.9508
  r_squared           : R² (all) = 0.1203, R² (last) = 0.9627
  inv_r_squared       : R² (all) = 0.0609, R² (last) = 0.7941
  inv_r_cubed         : R² (all) = 0.0266, R² (last) = 0.5632
  x                   : R² (all) = 0.9161, R² (last) = 0.9963
  y                   : R² (all) = 0.9251, R² (last) = 0.9972

block_1_mlp_hidden:
  F_magnitude         : R² (all) = 0.3809, R² (last) = 0.9341
  F_direction_x       : R² (all) = 0.9509, R² (last) = 0.9992
  F_direction_y       : R² (all) = 0.9497, R² (last) = 0.9996
  Fx                  : R² (all) = 0.1430, R² (last) = 0.8258
  Fy                  : R² (all) = 0.1771, R² (last) = 0.9335
  r                   : R² (all) = 0.7652, R² (last) = 0.9998
  inv_r               : R² (all) = 0.7015, R² (last) = 0.9885
  r_squared           : R² (all) = 0.6187, R² (last) = 0.9982
  inv_r_squared       : R² (all) = 0.3809, R² (last) = 0.9341
  inv_r_cubed         : R² (all) = 0.1494, R² (last) = 0.8277
  x                   : R² (all) = 0.9313, R² (last) = 0.9999
  y                   : R² (all) = 0.9430, R² (last) = 0.9999

block_1_mlp_output:
  F_magnitude         : R² (all) = 0.0839, R² (last) = 0.7892
  F_direction_x       : R² (all) = 0.9368, R² (last) = 0.9945
  F_direction_y       : R² (all) = 0.9257, R² (last) = 0.9960
  Fx                  : R² (all) = 0.1182, R² (last) = 0.5588
  Fy                  : R² (all) = 0.1294, R² (last) = 0.7613
  r                   : R² (all) = 0.1728, R² (last) = 0.9931
  inv_r               : R² (all) = 0.1540, R² (last) = 0.9499
  r_squared           : R² (all) = 0.1404, R² (last) = 0.9717
  inv_r_squared       : R² (all) = 0.0839, R² (last) = 0.7892
  inv_r_cubed         : R² (all) = 0.0345, R² (last) = 0.5570
  x                   : R² (all) = 0.9157, R² (last) = 0.9971
  y                   : R² (all) = 0.9182, R² (last) = 0.9984

block_1_after_mlp_merge:
  F_magnitude         : R² (all) = 0.0190, R² (last) = 0.7782
  F_direction_x       : R² (all) = 0.8568, R² (last) = 0.9950
  F_direction_y       : R² (all) = 0.8474, R² (last) = 0.9957
  Fx                  : R² (all) = 0.1011, R² (last) = 0.5516
  Fy                  : R² (all) = 0.1020, R² (last) = 0.7392
  r                   : R² (all) = 0.0378, R² (last) = 0.9903
  inv_r               : R² (all) = 0.0263, R² (last) = 0.9414
  r_squared           : R² (all) = 0.0408, R² (last) = 0.9636
  inv_r_squared       : R² (all) = 0.0190, R² (last) = 0.7782
  inv_r_cubed         : R² (all) = 0.0118, R² (last) = 0.5548
  x                   : R² (all) = 0.9841, R² (last) = 1.0000
  y                   : R² (all) = 0.9831, R² (last) = 1.0000

after_ln_f:
  F_magnitude         : R² (all) = 0.0715, R² (last) = 0.8276
  F_direction_x       : R² (all) = 0.9402, R² (last) = 0.9970
  F_direction_y       : R² (all) = 0.9310, R² (last) = 0.9977
  Fx                  : R² (all) = 0.1456, R² (last) = 0.6272
  Fy                  : R² (all) = 0.1442, R² (last) = 0.8090
  r                   : R² (all) = 0.1634, R² (last) = 0.9958
  inv_r               : R² (all) = 0.1324, R² (last) = 0.9625
  r_squared           : R² (all) = 0.1387, R² (last) = 0.9844
  inv_r_squared       : R² (all) = 0.0715, R² (last) = 0.8276
  inv_r_cubed         : R² (all) = 0.0308, R² (last) = 0.6196
  x                   : R² (all) = 0.9323, R² (last) = 0.9989
  y                   : R² (all) = 0.9345, R² (last) = 0.9986
Evaluating on 500 trajectories...
Conditioning length: 50, Generating 50 more steps per trajectory...

Error Statistics (aggregated across all 500 trajectories):
Mean position error: 1.310308 ± 0.559412
Max position error: 3.411716
R² scores:
  X coordinate: -0.536031 ± 0.741187
  Y coordinate: -0.538007 ± 0.774406
Evaluating on 500 trajectories...
Conditioning length: 50, Generating 50 more steps per trajectory...

Error Statistics (aggregated across all 500 trajectories):
Mean position error: 1.302825 ± 0.543813
Max position error: 3.372259
R² scores:
  X coordinate: -0.585566 ± 0.778084
  Y coordinate: -0.511443 ± 0.708667
Evaluation at step 1 completed.

Step 100, Total Train Loss: 0.029823, Prediction Loss: 0.028917, Test Loss: 0.016859, Attention Entropy: 0.9057, Entropy Reg Loss: 0.000906, Entropy Reg Active: True, GPU Memory: 0.000 GB
Step 200, Total Train Loss: 0.015715, Prediction Loss: 0.014869, Test Loss: 0.008822, Attention Entropy: 0.8460, Entropy Reg Loss: 0.000846, Entropy Reg Active: True, GPU Memory: 0.000 GB
Step 300, Total Train Loss: 0.014486, Prediction Loss: 0.013679, Test Loss: 0.002956, Attention Entropy: 0.8069, Entropy Reg Loss: 0.000807, Entropy Reg Active: True, GPU Memory: 0.000 GB
Step 400, Total Train Loss: 0.013738, Prediction Loss: 0.012971, Test Loss: 0.002874, Attention Entropy: 0.7671, Entropy Reg Loss: 0.000767, Entropy Reg Active: True, GPU Memory: 0.000 GB
Step 500, Total Train Loss: 0.012823, Prediction Loss: 0.012086, Test Loss: 0.003164, Attention Entropy: 0.7365, Entropy Reg Loss: 0.000736, Entropy Reg Active: True, GPU Memory: 0.000 GB
Step 600, Total Train Loss: 0.012781, Prediction Loss: 0.012072, Test Loss: 0.002995, Attention Entropy: 0.7088, Entropy Reg Loss: 0.000709, Entropy Reg Active: True, GPU Memory: 0.000 GB
Step 700, Total Train Loss: 0.010792, Prediction Loss: 0.010110, Test Loss: 0.002332, Attention Entropy: 0.6813, Entropy Reg Loss: 0.000681, Entropy Reg Active: True, GPU Memory: 0.000 GB
Step 800, Total Train Loss: 0.010581, Prediction Loss: 0.009923, Test Loss: 0.002140, Attention Entropy: 0.6580, Entropy Reg Loss: 0.000658, Entropy Reg Active: True, GPU Memory: 0.000 GB
Step 900, Total Train Loss: 0.010347, Prediction Loss: 0.009709, Test Loss: 0.002411, Attention Entropy: 0.6380, Entropy Reg Loss: 0.000638, Entropy Reg Active: True, GPU Memory: 0.000 GB
Step 1000, Total Train Loss: 0.009599, Prediction Loss: 0.008973, Test Loss: 0.002290, Attention Entropy: 0.6254, Entropy Reg Loss: 0.000625, Entropy Reg Active: True, GPU Memory: 0.000 GB

Evaluating at step 1001...
Activations collected:
  input_embed: torch.Size([1000, 99, 32])
  after_pos_emb: torch.Size([1000, 99, 32])
  block_0_attn_output: torch.Size([1000, 99, 32])
  block_0_after_attn_merge: torch.Size([1000, 99, 32])
  block_0_mlp_hidden: torch.Size([1000, 99, 128])
  block_0_mlp_output: torch.Size([1000, 99, 32])
  block_0_after_mlp_merge: torch.Size([1000, 99, 32])
  block_1_attn_output: torch.Size([1000, 99, 32])
  block_1_after_attn_merge: torch.Size([1000, 99, 32])
  block_1_mlp_hidden: torch.Size([1000, 99, 128])
  block_1_mlp_output: torch.Size([1000, 99, 32])
  block_1_after_mlp_merge: torch.Size([1000, 99, 32])
  after_ln_f: torch.Size([1000, 99, 32])

Linear Probe Results (R² scores):
================================================================================

input_embed:
  F_magnitude         : R² (all) = 0.0000, R² (last) = 0.0007
  F_direction_x       : R² (all) = 0.8261, R² (last) = 0.8232
  F_direction_y       : R² (all) = 0.8254, R² (last) = 0.8301
  Fx                  : R² (all) = 0.0585, R² (last) = 0.0861
  Fy                  : R² (all) = 0.0608, R² (last) = 0.0679
  r                   : R² (all) = 0.0007, R² (last) = 0.0037
  inv_r               : R² (all) = 0.0001, R² (last) = 0.0013
  r_squared           : R² (all) = 0.0011, R² (last) = 0.0047
  inv_r_squared       : R² (all) = 0.0000, R² (last) = 0.0007
  inv_r_cubed         : R² (all) = 0.0000, R² (last) = 0.0004
  x                   : R² (all) = 1.0000, R² (last) = 1.0000
  y                   : R² (all) = 1.0000, R² (last) = 1.0000

after_pos_emb:
  F_magnitude         : R² (all) = 0.0351, R² (last) = 0.0007
  F_direction_x       : R² (all) = 0.8260, R² (last) = 0.8232
  F_direction_y       : R² (all) = 0.8254, R² (last) = 0.8301
  Fx                  : R² (all) = 0.0585, R² (last) = 0.0861
  Fy                  : R² (all) = 0.0610, R² (last) = 0.0679
  r                   : R² (all) = 0.0583, R² (last) = 0.0037
  inv_r               : R² (all) = 0.0466, R² (last) = 0.0013
  r_squared           : R² (all) = 0.0634, R² (last) = 0.0047
  inv_r_squared       : R² (all) = 0.0351, R² (last) = 0.0007
  inv_r_cubed         : R² (all) = 0.0208, R² (last) = 0.0004
  x                   : R² (all) = 0.9999, R² (last) = 1.0000
  y                   : R² (all) = 1.0000, R² (last) = 1.0000

block_0_attn_output:
  F_magnitude         : R² (all) = 0.4131, R² (last) = 0.7789
  F_direction_x       : R² (all) = 0.9789, R² (last) = 0.9918
  F_direction_y       : R² (all) = 0.9834, R² (last) = 0.9925
  Fx                  : R² (all) = 0.1752, R² (last) = 0.4697
  Fy                  : R² (all) = 0.3609, R² (last) = 0.7399
  r                   : R² (all) = 0.6970, R² (last) = 0.8429
  inv_r               : R² (all) = 0.7450, R² (last) = 0.9042
  r_squared           : R² (all) = 0.5369, R² (last) = 0.7304
  inv_r_squared       : R² (all) = 0.4131, R² (last) = 0.7789
  inv_r_cubed         : R² (all) = 0.1478, R² (last) = 0.6260
  x                   : R² (all) = 0.8661, R² (last) = 0.8782
  y                   : R² (all) = 0.9132, R² (last) = 0.9565

block_0_after_attn_merge:
  F_magnitude         : R² (all) = 0.2702, R² (last) = 0.8258
  F_direction_x       : R² (all) = 0.9886, R² (last) = 0.9955
  F_direction_y       : R² (all) = 0.9899, R² (last) = 0.9962
  Fx                  : R² (all) = 0.3452, R² (last) = 0.6864
  Fy                  : R² (all) = 0.4417, R² (last) = 0.8215
  r                   : R² (all) = 0.4308, R² (last) = 0.8405
  inv_r               : R² (all) = 0.4134, R² (last) = 0.9104
  r_squared           : R² (all) = 0.3743, R² (last) = 0.7629
  inv_r_squared       : R² (all) = 0.2702, R² (last) = 0.8258
  inv_r_cubed         : R² (all) = 0.1371, R² (last) = 0.7023
  x                   : R² (all) = 0.9877, R² (last) = 0.9925
  y                   : R² (all) = 0.9889, R² (last) = 0.9941

block_0_mlp_hidden:
  F_magnitude         : R² (all) = 0.7380, R² (last) = 0.9807
  F_direction_x       : R² (all) = 0.9922, R² (last) = 0.9993
  F_direction_y       : R² (all) = 0.9936, R² (last) = 0.9988
  Fx                  : R² (all) = 0.4435, R² (last) = 0.9665
  Fy                  : R² (all) = 0.6066, R² (last) = 0.9667
  r                   : R² (all) = 0.9908, R² (last) = 0.9995
  inv_r               : R² (all) = 0.9342, R² (last) = 0.9945
  r_squared           : R² (all) = 0.9740, R² (last) = 0.9973
  inv_r_squared       : R² (all) = 0.7380, R² (last) = 0.9807
  inv_r_cubed         : R² (all) = 0.4982, R² (last) = 0.9615
  x                   : R² (all) = 0.9931, R² (last) = 0.9999
  y                   : R² (all) = 0.9932, R² (last) = 0.9999

block_0_mlp_output:
  F_magnitude         : R² (all) = 0.4662, R² (last) = 0.9078
  F_direction_x       : R² (all) = 0.9888, R² (last) = 0.9951
  F_direction_y       : R² (all) = 0.9911, R² (last) = 0.9966
  Fx                  : R² (all) = 0.3462, R² (last) = 0.7937
  Fy                  : R² (all) = 0.4581, R² (last) = 0.8384
  r                   : R² (all) = 0.9056, R² (last) = 0.9966
  inv_r               : R² (all) = 0.7771, R² (last) = 0.9748
  r_squared           : R² (all) = 0.8275, R² (last) = 0.9873
  inv_r_squared       : R² (all) = 0.4662, R² (last) = 0.9078
  inv_r_cubed         : R² (all) = 0.2178, R² (last) = 0.8159
  x                   : R² (all) = 0.9876, R² (last) = 0.9979
  y                   : R² (all) = 0.9893, R² (last) = 0.9976

block_0_after_mlp_merge:
  F_magnitude         : R² (all) = 0.1209, R² (last) = 0.8561
  F_direction_x       : R² (all) = 0.9895, R² (last) = 0.9953
  F_direction_y       : R² (all) = 0.9909, R² (last) = 0.9970
  Fx                  : R² (all) = 0.4509, R² (last) = 0.7890
  Fy                  : R² (all) = 0.5000, R² (last) = 0.8532
  r                   : R² (all) = 0.2970, R² (last) = 0.9892
  inv_r               : R² (all) = 0.2263, R² (last) = 0.9541
  r_squared           : R² (all) = 0.2761, R² (last) = 0.9747
  inv_r_squared       : R² (all) = 0.1209, R² (last) = 0.8561
  inv_r_cubed         : R² (all) = 0.0519, R² (last) = 0.7303
  x                   : R² (all) = 0.9996, R² (last) = 1.0000
  y                   : R² (all) = 0.9999, R² (last) = 1.0000

block_1_attn_output:
  F_magnitude         : R² (all) = 0.2689, R² (last) = 0.5633
  F_direction_x       : R² (all) = 0.8440, R² (last) = 0.9017
  F_direction_y       : R² (all) = 0.8471, R² (last) = 0.9173
  Fx                  : R² (all) = 0.2042, R² (last) = 0.4488
  Fy                  : R² (all) = 0.2188, R² (last) = 0.4149
  r                   : R² (all) = 0.7407, R² (last) = 0.8884
  inv_r               : R² (all) = 0.5400, R² (last) = 0.7488
  r_squared           : R² (all) = 0.6700, R² (last) = 0.8397
  inv_r_squared       : R² (all) = 0.2689, R² (last) = 0.5633
  inv_r_cubed         : R² (all) = 0.1115, R² (last) = 0.4072
  x                   : R² (all) = 0.9015, R² (last) = 0.9395
  y                   : R² (all) = 0.9115, R² (last) = 0.9460

block_1_after_attn_merge:
  F_magnitude         : R² (all) = 0.1708, R² (last) = 0.8550
  F_direction_x       : R² (all) = 0.9846, R² (last) = 0.9945
  F_direction_y       : R² (all) = 0.9879, R² (last) = 0.9956
  Fx                  : R² (all) = 0.4118, R² (last) = 0.8171
  Fy                  : R² (all) = 0.5219, R² (last) = 0.8569
  r                   : R² (all) = 0.3130, R² (last) = 0.9380
  inv_r               : R² (all) = 0.2997, R² (last) = 0.9400
  r_squared           : R² (all) = 0.2665, R² (last) = 0.8793
  inv_r_squared       : R² (all) = 0.1708, R² (last) = 0.8550
  inv_r_cubed         : R² (all) = 0.0692, R² (last) = 0.7615
  x                   : R² (all) = 0.9935, R² (last) = 0.9978
  y                   : R² (all) = 0.9946, R² (last) = 0.9980

block_1_mlp_hidden:
  F_magnitude         : R² (all) = 0.6643, R² (last) = 0.9837
  F_direction_x       : R² (all) = 0.9898, R² (last) = 0.9988
  F_direction_y       : R² (all) = 0.9923, R² (last) = 0.9992
  Fx                  : R² (all) = 0.5195, R² (last) = 0.9571
  Fy                  : R² (all) = 0.5879, R² (last) = 0.9658
  r                   : R² (all) = 0.9897, R² (last) = 0.9995
  inv_r               : R² (all) = 0.9007, R² (last) = 0.9955
  r_squared           : R² (all) = 0.9827, R² (last) = 0.9991
  inv_r_squared       : R² (all) = 0.6643, R² (last) = 0.9837
  inv_r_cubed         : R² (all) = 0.4110, R² (last) = 0.9640
  x                   : R² (all) = 0.9955, R² (last) = 0.9997
  y                   : R² (all) = 0.9960, R² (last) = 0.9998

block_1_mlp_output:
  F_magnitude         : R² (all) = 0.2787, R² (last) = 0.8290
  F_direction_x       : R² (all) = 0.9839, R² (last) = 0.9936
  F_direction_y       : R² (all) = 0.9865, R² (last) = 0.9935
  Fx                  : R² (all) = 0.3792, R² (last) = 0.7923
  Fy                  : R² (all) = 0.4697, R² (last) = 0.8266
  r                   : R² (all) = 0.8581, R² (last) = 0.9749
  inv_r               : R² (all) = 0.5953, R² (last) = 0.9156
  r_squared           : R² (all) = 0.8270, R² (last) = 0.9625
  inv_r_squared       : R² (all) = 0.2787, R² (last) = 0.8290
  inv_r_cubed         : R² (all) = 0.0918, R² (last) = 0.7327
  x                   : R² (all) = 0.9913, R² (last) = 0.9959
  y                   : R² (all) = 0.9929, R² (last) = 0.9974

block_1_after_mlp_merge:
  F_magnitude         : R² (all) = 0.1416, R² (last) = 0.8100
  F_direction_x       : R² (all) = 0.9890, R² (last) = 0.9973
  F_direction_y       : R² (all) = 0.9895, R² (last) = 0.9964
  Fx                  : R² (all) = 0.4464, R² (last) = 0.8418
  Fy                  : R² (all) = 0.4959, R² (last) = 0.8326
  r                   : R² (all) = 0.3286, R² (last) = 0.9261
  inv_r               : R² (all) = 0.2691, R² (last) = 0.9163
  r_squared           : R² (all) = 0.2911, R² (last) = 0.8699
  inv_r_squared       : R² (all) = 0.1416, R² (last) = 0.8100
  inv_r_cubed         : R² (all) = 0.0573, R² (last) = 0.6997
  x                   : R² (all) = 0.9990, R² (last) = 0.9999
  y                   : R² (all) = 0.9991, R² (last) = 1.0000

after_ln_f:
  F_magnitude         : R² (all) = 0.1284, R² (last) = 0.8050
  F_direction_x       : R² (all) = 0.9856, R² (last) = 0.9963
  F_direction_y       : R² (all) = 0.9878, R² (last) = 0.9949
  Fx                  : R² (all) = 0.4422, R² (last) = 0.8447
  Fy                  : R² (all) = 0.4977, R² (last) = 0.8326
  r                   : R² (all) = 0.2807, R² (last) = 0.9452
  inv_r               : R² (all) = 0.2356, R² (last) = 0.9115
  r_squared           : R² (all) = 0.2478, R² (last) = 0.9034
  inv_r_squared       : R² (all) = 0.1284, R² (last) = 0.8050
  inv_r_cubed         : R² (all) = 0.0541, R² (last) = 0.6947
  x                   : R² (all) = 0.9987, R² (last) = 0.9994
  y                   : R² (all) = 0.9986, R² (last) = 0.9995
Evaluating on 500 trajectories...
Conditioning length: 50, Generating 50 more steps per trajectory...

Error Statistics (aggregated across all 500 trajectories):
Mean position error: 0.635192 ± 0.448033
Max position error: 3.238182
R² scores:
  X coordinate: 0.205712 ± 0.755968
  Y coordinate: 0.203722 ± 0.760654
Evaluating on 500 trajectories...
Conditioning length: 50, Generating 50 more steps per trajectory...

Error Statistics (aggregated across all 500 trajectories):
Mean position error: 0.654805 ± 0.461276
Max position error: 3.017337
R² scores:
  X coordinate: 0.194881 ± 0.738756
  Y coordinate: 0.210902 ± 0.749538
Evaluation at step 1001 completed.

Step 1100, Total Train Loss: 0.008936, Prediction Loss: 0.008307, Test Loss: 0.001543, Attention Entropy: 0.6288, Entropy Reg Loss: 0.000629, Entropy Reg Active: True, GPU Memory: 0.000 GB
Step 1200, Total Train Loss: 0.009370, Prediction Loss: 0.008731, Test Loss: 0.002525, Attention Entropy: 0.6399, Entropy Reg Loss: 0.000640, Entropy Reg Active: True, GPU Memory: 0.000 GB
Step 1300, Total Train Loss: 0.008841, Prediction Loss: 0.008197, Test Loss: 0.003471, Attention Entropy: 0.6441, Entropy Reg Loss: 0.000644, Entropy Reg Active: True, GPU Memory: 0.000 GB
Step 1400, Total Train Loss: 0.008533, Prediction Loss: 0.007887, Test Loss: 0.002058, Attention Entropy: 0.6462, Entropy Reg Loss: 0.000646, Entropy Reg Active: True, GPU Memory: 0.000 GB
Step 1500, Total Train Loss: 0.008629, Prediction Loss: 0.007976, Test Loss: 0.001997, Attention Entropy: 0.6531, Entropy Reg Loss: 0.000653, Entropy Reg Active: True, GPU Memory: 0.000 GB
Step 1600, Total Train Loss: 0.008717, Prediction Loss: 0.008065, Test Loss: 0.001714, Attention Entropy: 0.6521, Entropy Reg Loss: 0.000652, Entropy Reg Active: True, GPU Memory: 0.000 GB
Step 1700, Total Train Loss: 0.008174, Prediction Loss: 0.007520, Test Loss: 0.001318, Attention Entropy: 0.6539, Entropy Reg Loss: 0.000654, Entropy Reg Active: True, GPU Memory: 0.000 GB
Step 1800, Total Train Loss: 0.008219, Prediction Loss: 0.007567, Test Loss: 0.002006, Attention Entropy: 0.6519, Entropy Reg Loss: 0.000652, Entropy Reg Active: True, GPU Memory: 0.000 GB
Step 1900, Total Train Loss: 0.007751, Prediction Loss: 0.007093, Test Loss: 0.002100, Attention Entropy: 0.6580, Entropy Reg Loss: 0.000658, Entropy Reg Active: True, GPU Memory: 0.000 GB
Step 2000, Total Train Loss: 0.008703, Prediction Loss: 0.008033, Test Loss: 0.003039, Attention Entropy: 0.6698, Entropy Reg Loss: 0.000670, Entropy Reg Active: True, GPU Memory: 0.000 GB

Evaluating at step 2001...
Activations collected:
  input_embed: torch.Size([1000, 99, 32])
  after_pos_emb: torch.Size([1000, 99, 32])
  block_0_attn_output: torch.Size([1000, 99, 32])
  block_0_after_attn_merge: torch.Size([1000, 99, 32])
  block_0_mlp_hidden: torch.Size([1000, 99, 128])
  block_0_mlp_output: torch.Size([1000, 99, 32])
  block_0_after_mlp_merge: torch.Size([1000, 99, 32])
  block_1_attn_output: torch.Size([1000, 99, 32])
  block_1_after_attn_merge: torch.Size([1000, 99, 32])
  block_1_mlp_hidden: torch.Size([1000, 99, 128])
  block_1_mlp_output: torch.Size([1000, 99, 32])
  block_1_after_mlp_merge: torch.Size([1000, 99, 32])
  after_ln_f: torch.Size([1000, 99, 32])

Linear Probe Results (R² scores):
================================================================================

input_embed:
  F_magnitude         : R² (all) = 0.0000, R² (last) = 0.0003
  F_direction_x       : R² (all) = 0.8334, R² (last) = 0.8314
  F_direction_y       : R² (all) = 0.8327, R² (last) = 0.8377
  Fx                  : R² (all) = 0.0623, R² (last) = 0.0492
  Fy                  : R² (all) = 0.0697, R² (last) = 0.0699
  r                   : R² (all) = 0.0000, R² (last) = 0.0009
  inv_r               : R² (all) = 0.0000, R² (last) = 0.0006
  r_squared           : R² (all) = 0.0000, R² (last) = 0.0012
  inv_r_squared       : R² (all) = 0.0000, R² (last) = 0.0003
  inv_r_cubed         : R² (all) = 0.0000, R² (last) = 0.0002
  x                   : R² (all) = 1.0000, R² (last) = 1.0000
  y                   : R² (all) = 1.0000, R² (last) = 1.0000

after_pos_emb:
  F_magnitude         : R² (all) = 0.0372, R² (last) = 0.0003
  F_direction_x       : R² (all) = 0.8334, R² (last) = 0.8314
  F_direction_y       : R² (all) = 0.8327, R² (last) = 0.8377
  Fx                  : R² (all) = 0.0626, R² (last) = 0.0492
  Fy                  : R² (all) = 0.0699, R² (last) = 0.0699
  r                   : R² (all) = 0.0658, R² (last) = 0.0008
  inv_r               : R² (all) = 0.0478, R² (last) = 0.0005
  r_squared           : R² (all) = 0.0734, R² (last) = 0.0011
  inv_r_squared       : R² (all) = 0.0372, R² (last) = 0.0003
  inv_r_cubed         : R² (all) = 0.0224, R² (last) = 0.0002
  x                   : R² (all) = 0.9999, R² (last) = 1.0000
  y                   : R² (all) = 1.0000, R² (last) = 1.0000

block_0_attn_output:
  F_magnitude         : R² (all) = 0.3781, R² (last) = 0.5910
  F_direction_x       : R² (all) = 0.9501, R² (last) = 0.9550
  F_direction_y       : R² (all) = 0.9636, R² (last) = 0.9783
  Fx                  : R² (all) = 0.1232, R² (last) = 0.3145
  Fy                  : R² (all) = 0.3090, R² (last) = 0.6593
  r                   : R² (all) = 0.8298, R² (last) = 0.8788
  inv_r               : R² (all) = 0.7187, R² (last) = 0.8035
  r_squared           : R² (all) = 0.6898, R² (last) = 0.8211
  inv_r_squared       : R² (all) = 0.3781, R² (last) = 0.5910
  inv_r_cubed         : R² (all) = 0.1267, R² (last) = 0.4099
  x                   : R² (all) = 0.9198, R² (last) = 0.9262
  y                   : R² (all) = 0.9286, R² (last) = 0.9645

block_0_after_attn_merge:
  F_magnitude         : R² (all) = 0.4493, R² (last) = 0.6771
  F_direction_x       : R² (all) = 0.9797, R² (last) = 0.9857
  F_direction_y       : R² (all) = 0.9844, R² (last) = 0.9941
  Fx                  : R² (all) = 0.2278, R² (last) = 0.4356
  Fy                  : R² (all) = 0.3702, R² (last) = 0.7656
  r                   : R² (all) = 0.6278, R² (last) = 0.9244
  inv_r               : R² (all) = 0.6919, R² (last) = 0.8642
  r_squared           : R² (all) = 0.4981, R² (last) = 0.8885
  inv_r_squared       : R² (all) = 0.4493, R² (last) = 0.6771
  inv_r_cubed         : R² (all) = 0.1906, R² (last) = 0.5090
  x                   : R² (all) = 0.9852, R² (last) = 0.9874
  y                   : R² (all) = 0.9866, R² (last) = 0.9924

block_0_mlp_hidden:
  F_magnitude         : R² (all) = 0.6874, R² (last) = 0.9826
  F_direction_x       : R² (all) = 0.9878, R² (last) = 0.9994
  F_direction_y       : R² (all) = 0.9910, R² (last) = 0.9995
  Fx                  : R² (all) = 0.3936, R² (last) = 0.9672
  Fy                  : R² (all) = 0.5550, R² (last) = 0.9678
  r                   : R² (all) = 0.9888, R² (last) = 0.9995
  inv_r               : R² (all) = 0.9301, R² (last) = 0.9951
  r_squared           : R² (all) = 0.9720, R² (last) = 0.9975
  inv_r_squared       : R² (all) = 0.6874, R² (last) = 0.9826
  inv_r_cubed         : R² (all) = 0.3630, R² (last) = 0.9707
  x                   : R² (all) = 0.9924, R² (last) = 0.9999
  y                   : R² (all) = 0.9926, R² (last) = 0.9999

block_0_mlp_output:
  F_magnitude         : R² (all) = 0.4616, R² (last) = 0.8352
  F_direction_x       : R² (all) = 0.9794, R² (last) = 0.9950
  F_direction_y       : R² (all) = 0.9830, R² (last) = 0.9965
  Fx                  : R² (all) = 0.2344, R² (last) = 0.6801
  Fy                  : R² (all) = 0.3467, R² (last) = 0.7886
  r                   : R² (all) = 0.7608, R² (last) = 0.9950
  inv_r               : R² (all) = 0.7228, R² (last) = 0.9566
  r_squared           : R² (all) = 0.6623, R² (last) = 0.9822
  inv_r_squared       : R² (all) = 0.4616, R² (last) = 0.8352
  inv_r_cubed         : R² (all) = 0.2005, R² (last) = 0.6885
  x                   : R² (all) = 0.9831, R² (last) = 0.9986
  y                   : R² (all) = 0.9869, R² (last) = 0.9985

block_0_after_mlp_merge:
  F_magnitude         : R² (all) = 0.2464, R² (last) = 0.7992
  F_direction_x       : R² (all) = 0.9845, R² (last) = 0.9935
  F_direction_y       : R² (all) = 0.9862, R² (last) = 0.9960
  Fx                  : R² (all) = 0.3564, R² (last) = 0.6161
  Fy                  : R² (all) = 0.4205, R² (last) = 0.7719
  r                   : R² (all) = 0.4705, R² (last) = 0.9927
  inv_r               : R² (all) = 0.4285, R² (last) = 0.9445
  r_squared           : R² (all) = 0.4036, R² (last) = 0.9757
  inv_r_squared       : R² (all) = 0.2464, R² (last) = 0.7992
  inv_r_cubed         : R² (all) = 0.0910, R² (last) = 0.6203
  x                   : R² (all) = 0.9990, R² (last) = 1.0000
  y                   : R² (all) = 0.9995, R² (last) = 1.0000

block_1_attn_output:
  F_magnitude         : R² (all) = 0.4030, R² (last) = 0.6330
  F_direction_x       : R² (all) = 0.8844, R² (last) = 0.9638
  F_direction_y       : R² (all) = 0.9137, R² (last) = 0.9708
  Fx                  : R² (all) = 0.2598, R² (last) = 0.7254
  Fy                  : R² (all) = 0.3399, R² (last) = 0.6393
  r                   : R² (all) = 0.7857, R² (last) = 0.9013
  inv_r               : R² (all) = 0.6880, R² (last) = 0.8131
  r_squared           : R² (all) = 0.6735, R² (last) = 0.8345
  inv_r_squared       : R² (all) = 0.4030, R² (last) = 0.6331
  inv_r_cubed         : R² (all) = 0.1658, R² (last) = 0.4855
  x                   : R² (all) = 0.9336, R² (last) = 0.9714
  y                   : R² (all) = 0.9421, R² (last) = 0.9703

block_1_after_attn_merge:
  F_magnitude         : R² (all) = 0.4293, R² (last) = 0.8539
  F_direction_x       : R² (all) = 0.9858, R² (last) = 0.9971
  F_direction_y       : R² (all) = 0.9885, R² (last) = 0.9969
  Fx                  : R² (all) = 0.4224, R² (last) = 0.7890
  Fy                  : R² (all) = 0.4876, R² (last) = 0.7964
  r                   : R² (all) = 0.5325, R² (last) = 0.9310
  inv_r               : R² (all) = 0.6387, R² (last) = 0.9612
  r_squared           : R² (all) = 0.4152, R² (last) = 0.8589
  inv_r_squared       : R² (all) = 0.4293, R² (last) = 0.8539
  inv_r_cubed         : R² (all) = 0.1769, R² (last) = 0.7048
  x                   : R² (all) = 0.9923, R² (last) = 0.9992
  y                   : R² (all) = 0.9918, R² (last) = 0.9994

block_1_mlp_hidden:
  F_magnitude         : R² (all) = 0.7264, R² (last) = 0.9892
  F_direction_x       : R² (all) = 0.9917, R² (last) = 0.9992
  F_direction_y       : R² (all) = 0.9927, R² (last) = 0.9995
  Fx                  : R² (all) = 0.5568, R² (last) = 0.9813
  Fy                  : R² (all) = 0.5984, R² (last) = 0.9688
  r                   : R² (all) = 0.9863, R² (last) = 0.9995
  inv_r               : R² (all) = 0.9228, R² (last) = 0.9976
  r_squared           : R² (all) = 0.9789, R² (last) = 0.9990
  inv_r_squared       : R² (all) = 0.7264, R² (last) = 0.9892
  inv_r_cubed         : R² (all) = 0.4278, R² (last) = 0.9743
  x                   : R² (all) = 0.9950, R² (last) = 0.9998
  y                   : R² (all) = 0.9947, R² (last) = 0.9999

block_1_mlp_output:
  F_magnitude         : R² (all) = 0.4545, R² (last) = 0.8452
  F_direction_x       : R² (all) = 0.9857, R² (last) = 0.9954
  F_direction_y       : R² (all) = 0.9863, R² (last) = 0.9955
  Fx                  : R² (all) = 0.4254, R² (last) = 0.8038
  Fy                  : R² (all) = 0.4620, R² (last) = 0.7196
  r                   : R² (all) = 0.7575, R² (last) = 0.9566
  inv_r               : R² (all) = 0.6818, R² (last) = 0.9454
  r_squared           : R² (all) = 0.7113, R² (last) = 0.9497
  inv_r_squared       : R² (all) = 0.4545, R² (last) = 0.8452
  inv_r_cubed         : R² (all) = 0.2004, R² (last) = 0.6823
  x                   : R² (all) = 0.9892, R² (last) = 0.9968
  y                   : R² (all) = 0.9901, R² (last) = 0.9982

block_1_after_mlp_merge:
  F_magnitude         : R² (all) = 0.2810, R² (last) = 0.8241
  F_direction_x       : R² (all) = 0.9894, R² (last) = 0.9970
  F_direction_y       : R² (all) = 0.9850, R² (last) = 0.9965
  Fx                  : R² (all) = 0.4741, R² (last) = 0.8174
  Fy                  : R² (all) = 0.4826, R² (last) = 0.7780
  r                   : R² (all) = 0.4183, R² (last) = 0.9559
  inv_r               : R² (all) = 0.4447, R² (last) = 0.9590
  r_squared           : R² (all) = 0.3458, R² (last) = 0.8966
  inv_r_squared       : R² (all) = 0.2810, R² (last) = 0.8241
  inv_r_cubed         : R² (all) = 0.1103, R² (last) = 0.6400
  x                   : R² (all) = 0.9984, R² (last) = 0.9998
  y                   : R² (all) = 0.9974, R² (last) = 0.9999

after_ln_f:
  F_magnitude         : R² (all) = 0.2192, R² (last) = 0.7732
  F_direction_x       : R² (all) = 0.9865, R² (last) = 0.9958
  F_direction_y       : R² (all) = 0.9844, R² (last) = 0.9960
  Fx                  : R² (all) = 0.4387, R² (last) = 0.7807
  Fy                  : R² (all) = 0.4567, R² (last) = 0.7446
  r                   : R² (all) = 0.3229, R² (last) = 0.9663
  inv_r               : R² (all) = 0.3443, R² (last) = 0.9370
  r_squared           : R² (all) = 0.2674, R² (last) = 0.9233
  inv_r_squared       : R² (all) = 0.2192, R² (last) = 0.7732
  inv_r_cubed         : R² (all) = 0.0896, R² (last) = 0.5733
  x                   : R² (all) = 0.9988, R² (last) = 0.9995
  y                   : R² (all) = 0.9986, R² (last) = 0.9996
Evaluating on 500 trajectories...
Conditioning length: 50, Generating 50 more steps per trajectory...

Error Statistics (aggregated across all 500 trajectories):
Mean position error: 1.033934 ± 0.681530
Max position error: 3.516814
R² scores:
  X coordinate: -0.301270 ± 0.674873
  Y coordinate: -0.333740 ± 0.682922
Evaluating on 500 trajectories...
Conditioning length: 50, Generating 50 more steps per trajectory...

Error Statistics (aggregated across all 500 trajectories):
Mean position error: 1.059661 ± 0.701721
Max position error: 3.463594
R² scores:
  X coordinate: -0.297623 ± 0.602770
  Y coordinate: -0.354464 ± 0.670202
Evaluation at step 2001 completed.

Step 2100, Total Train Loss: 0.007655, Prediction Loss: 0.006984, Test Loss: 0.001708, Attention Entropy: 0.6718, Entropy Reg Loss: 0.000672, Entropy Reg Active: True, GPU Memory: 0.000 GB
Step 2200, Total Train Loss: 0.007670, Prediction Loss: 0.006995, Test Loss: 0.002488, Attention Entropy: 0.6747, Entropy Reg Loss: 0.000675, Entropy Reg Active: True, GPU Memory: 0.000 GB
Step 2300, Total Train Loss: 0.007068, Prediction Loss: 0.006392, Test Loss: 0.001851, Attention Entropy: 0.6768, Entropy Reg Loss: 0.000677, Entropy Reg Active: True, GPU Memory: 0.000 GB
Step 2400, Total Train Loss: 0.006070, Prediction Loss: 0.005389, Test Loss: 0.001753, Attention Entropy: 0.6811, Entropy Reg Loss: 0.000681, Entropy Reg Active: True, GPU Memory: 0.000 GB
Step 2500, Total Train Loss: 0.005821, Prediction Loss: 0.005131, Test Loss: 0.001383, Attention Entropy: 0.6906, Entropy Reg Loss: 0.000691, Entropy Reg Active: True, GPU Memory: 0.000 GB
Step 2600, Total Train Loss: 0.006279, Prediction Loss: 0.005577, Test Loss: 0.001898, Attention Entropy: 0.7029, Entropy Reg Loss: 0.000703, Entropy Reg Active: True, GPU Memory: 0.000 GB
Step 2700, Total Train Loss: 0.005465, Prediction Loss: 0.004749, Test Loss: 0.001887, Attention Entropy: 0.7161, Entropy Reg Loss: 0.000716, Entropy Reg Active: True, GPU Memory: 0.000 GB
Step 2800, Total Train Loss: 0.005136, Prediction Loss: 0.004421, Test Loss: 0.001430, Attention Entropy: 0.7148, Entropy Reg Loss: 0.000715, Entropy Reg Active: True, GPU Memory: 0.000 GB
Step 2900, Total Train Loss: 0.004926, Prediction Loss: 0.004212, Test Loss: 0.001225, Attention Entropy: 0.7144, Entropy Reg Loss: 0.000714, Entropy Reg Active: True, GPU Memory: 0.000 GB
Step 3000, Total Train Loss: 0.004573, Prediction Loss: 0.003862, Test Loss: 0.001069, Attention Entropy: 0.7110, Entropy Reg Loss: 0.000711, Entropy Reg Active: True, GPU Memory: 0.000 GB

Evaluating at step 3001...
Activations collected:
  input_embed: torch.Size([1000, 99, 32])
  after_pos_emb: torch.Size([1000, 99, 32])
  block_0_attn_output: torch.Size([1000, 99, 32])
  block_0_after_attn_merge: torch.Size([1000, 99, 32])
  block_0_mlp_hidden: torch.Size([1000, 99, 128])
  block_0_mlp_output: torch.Size([1000, 99, 32])
  block_0_after_mlp_merge: torch.Size([1000, 99, 32])
  block_1_attn_output: torch.Size([1000, 99, 32])
  block_1_after_attn_merge: torch.Size([1000, 99, 32])
  block_1_mlp_hidden: torch.Size([1000, 99, 128])
  block_1_mlp_output: torch.Size([1000, 99, 32])
  block_1_after_mlp_merge: torch.Size([1000, 99, 32])
  after_ln_f: torch.Size([1000, 99, 32])

Linear Probe Results (R² scores):
================================================================================

input_embed:
  F_magnitude         : R² (all) = 0.0003, R² (last) = 0.0002
  F_direction_x       : R² (all) = 0.8313, R² (last) = 0.8305
  F_direction_y       : R² (all) = 0.8261, R² (last) = 0.8328
  Fx                  : R² (all) = 0.0568, R² (last) = 0.0559
  Fy                  : R² (all) = 0.0576, R² (last) = 0.0518
  r                   : R² (all) = 0.0057, R² (last) = 0.0085
  inv_r               : R² (all) = 0.0012, R² (last) = 0.0011
  r_squared           : R² (all) = 0.0084, R² (last) = 0.0135
  inv_r_squared       : R² (all) = 0.0003, R² (last) = 0.0002
  inv_r_cubed         : R² (all) = 0.0001, R² (last) = 0.0001
  x                   : R² (all) = 1.0000, R² (last) = 1.0000
  y                   : R² (all) = 1.0000, R² (last) = 1.0000

after_pos_emb:
  F_magnitude         : R² (all) = 0.0390, R² (last) = 0.0002
  F_direction_x       : R² (all) = 0.8314, R² (last) = 0.8305
  F_direction_y       : R² (all) = 0.8262, R² (last) = 0.8328
  Fx                  : R² (all) = 0.0570, R² (last) = 0.0559
  Fy                  : R² (all) = 0.0583, R² (last) = 0.0518
  r                   : R² (all) = 0.0693, R² (last) = 0.0085
  inv_r               : R² (all) = 0.0516, R² (last) = 0.0011
  r_squared           : R² (all) = 0.0781, R² (last) = 0.0135
  inv_r_squared       : R² (all) = 0.0390, R² (last) = 0.0002
  inv_r_cubed         : R² (all) = 0.0235, R² (last) = 0.0001
  x                   : R² (all) = 1.0000, R² (last) = 1.0000
  y                   : R² (all) = 1.0000, R² (last) = 1.0000

block_0_attn_output:
  F_magnitude         : R² (all) = 0.2607, R² (last) = 0.5577
  F_direction_x       : R² (all) = 0.8861, R² (last) = 0.9121
  F_direction_y       : R² (all) = 0.8987, R² (last) = 0.9753
  Fx                  : R² (all) = 0.0733, R² (last) = 0.1640
  Fy                  : R² (all) = 0.0980, R² (last) = 0.3719
  r                   : R² (all) = 0.9249, R² (last) = 0.9938
  inv_r               : R² (all) = 0.6172, R² (last) = 0.8655
  r_squared           : R² (all) = 0.8464, R² (last) = 0.9919
  inv_r_squared       : R² (all) = 0.2607, R² (last) = 0.5580
  inv_r_cubed         : R² (all) = 0.0770, R² (last) = 0.3274
  x                   : R² (all) = 0.9588, R² (last) = 0.9897
  y                   : R² (all) = 0.9536, R² (last) = 0.9964

block_0_after_attn_merge:
  F_magnitude         : R² (all) = 0.3492, R² (last) = 0.7138
  F_direction_x       : R² (all) = 0.9665, R² (last) = 0.9804
  F_direction_y       : R² (all) = 0.9660, R² (last) = 0.9897
  Fx                  : R² (all) = 0.1705, R² (last) = 0.3222
  Fy                  : R² (all) = 0.1808, R² (last) = 0.4771
  r                   : R² (all) = 0.6629, R² (last) = 0.9840
  inv_r               : R² (all) = 0.6491, R² (last) = 0.9304
  r_squared           : R² (all) = 0.5326, R² (last) = 0.9365
  inv_r_squared       : R² (all) = 0.3492, R² (last) = 0.7137
  inv_r_cubed         : R² (all) = 0.1296, R² (last) = 0.5050
  x                   : R² (all) = 0.9696, R² (last) = 0.9827
  y                   : R² (all) = 0.9712, R² (last) = 0.9971

block_0_mlp_hidden:
  F_magnitude         : R² (all) = 0.5500, R² (last) = 0.8811
  F_direction_x       : R² (all) = 0.9853, R² (last) = 0.9997
  F_direction_y       : R² (all) = 0.9850, R² (last) = 0.9971
  Fx                  : R² (all) = 0.3438, R² (last) = 0.9226
  Fy                  : R² (all) = 0.3651, R² (last) = 0.5393
  r                   : R² (all) = 0.9785, R² (last) = 1.0000
  inv_r               : R² (all) = 0.8830, R² (last) = 0.9824
  r_squared           : R² (all) = 0.9551, R² (last) = 0.9998
  inv_r_squared       : R² (all) = 0.5500, R² (last) = 0.8804
  inv_r_cubed         : R² (all) = 0.2495, R² (last) = 0.7153
  x                   : R² (all) = 0.9889, R² (last) = 1.0000
  y                   : R² (all) = 0.9884, R² (last) = 1.0000

block_0_mlp_output:
  F_magnitude         : R² (all) = 0.3889, R² (last) = 0.8439
  F_direction_x       : R² (all) = 0.9692, R² (last) = 0.9950
  F_direction_y       : R² (all) = 0.9691, R² (last) = 0.9945
  Fx                  : R² (all) = 0.1859, R² (last) = 0.6739
  Fy                  : R² (all) = 0.1975, R² (last) = 0.6620
  r                   : R² (all) = 0.6435, R² (last) = 0.9988
  inv_r               : R² (all) = 0.6732, R² (last) = 0.9662
  r_squared           : R² (all) = 0.5213, R² (last) = 0.9929
  inv_r_squared       : R² (all) = 0.3889, R² (last) = 0.8439
  inv_r_cubed         : R² (all) = 0.1540, R² (last) = 0.7167
  x                   : R² (all) = 0.9710, R² (last) = 0.9995
  y                   : R² (all) = 0.9726, R² (last) = 0.9996

block_0_after_mlp_merge:
  F_magnitude         : R² (all) = 0.1795, R² (last) = 0.8533
  F_direction_x       : R² (all) = 0.9852, R² (last) = 0.9961
  F_direction_y       : R² (all) = 0.9840, R² (last) = 0.9956
  Fx                  : R² (all) = 0.2969, R² (last) = 0.7098
  Fy                  : R² (all) = 0.3005, R² (last) = 0.6544
  r                   : R² (all) = 0.5690, R² (last) = 0.9998
  inv_r               : R² (all) = 0.3884, R² (last) = 0.9632
  r_squared           : R² (all) = 0.5385, R² (last) = 0.9991
  inv_r_squared       : R² (all) = 0.1795, R² (last) = 0.8533
  inv_r_cubed         : R² (all) = 0.0622, R² (last) = 0.7468
  x                   : R² (all) = 0.9991, R² (last) = 1.0000
  y                   : R² (all) = 0.9992, R² (last) = 1.0000

block_1_attn_output:
  F_magnitude         : R² (all) = 0.3477, R² (last) = 0.7115
  F_direction_x       : R² (all) = 0.9120, R² (last) = 0.9764
  F_direction_y       : R² (all) = 0.9152, R² (last) = 0.9805
  Fx                  : R² (all) = 0.2689, R² (last) = 0.5700
  Fy                  : R² (all) = 0.2706, R² (last) = 0.4705
  r                   : R² (all) = 0.8296, R² (last) = 0.9094
  inv_r               : R² (all) = 0.6805, R² (last) = 0.8738
  r_squared           : R² (all) = 0.7185, R² (last) = 0.8517
  inv_r_squared       : R² (all) = 0.3477, R² (last) = 0.7115
  inv_r_cubed         : R² (all) = 0.1307, R² (last) = 0.5872
  x                   : R² (all) = 0.9350, R² (last) = 0.9646
  y                   : R² (all) = 0.9414, R² (last) = 0.9802

block_1_after_attn_merge:
  F_magnitude         : R² (all) = 0.3024, R² (last) = 0.8286
  F_direction_x       : R² (all) = 0.9890, R² (last) = 0.9971
  F_direction_y       : R² (all) = 0.9870, R² (last) = 0.9968
  Fx                  : R² (all) = 0.4094, R² (last) = 0.7605
  Fy                  : R² (all) = 0.4068, R² (last) = 0.6508
  r                   : R² (all) = 0.5074, R² (last) = 0.9887
  inv_r               : R² (all) = 0.5368, R² (last) = 0.9572
  r_squared           : R² (all) = 0.4049, R² (last) = 0.9664
  inv_r_squared       : R² (all) = 0.3024, R² (last) = 0.8286
  inv_r_cubed         : R² (all) = 0.1108, R² (last) = 0.7033
  x                   : R² (all) = 0.9926, R² (last) = 0.9996
  y                   : R² (all) = 0.9912, R² (last) = 0.9996

block_1_mlp_hidden:
  F_magnitude         : R² (all) = 0.6901, R² (last) = 0.9896
  F_direction_x       : R² (all) = 0.9933, R² (last) = 0.9996
  F_direction_y       : R² (all) = 0.9926, R² (last) = 0.9997
  Fx                  : R² (all) = 0.4955, R² (last) = 0.9591
  Fy                  : R² (all) = 0.5122, R² (last) = 0.9714
  r                   : R² (all) = 0.9813, R² (last) = 0.9999
  inv_r               : R² (all) = 0.9206, R² (last) = 0.9978
  r_squared           : R² (all) = 0.9759, R² (last) = 0.9998
  inv_r_squared       : R² (all) = 0.6901, R² (last) = 0.9896
  inv_r_cubed         : R² (all) = 0.3892, R² (last) = 0.9792
  x                   : R² (all) = 0.9963, R² (last) = 1.0000
  y                   : R² (all) = 0.9951, R² (last) = 1.0000

block_1_mlp_output:
  F_magnitude         : R² (all) = 0.4118, R² (last) = 0.8685
  F_direction_x       : R² (all) = 0.9893, R² (last) = 0.9978
  F_direction_y       : R² (all) = 0.9850, R² (last) = 0.9964
  Fx                  : R² (all) = 0.3898, R² (last) = 0.8017
  Fy                  : R² (all) = 0.3908, R² (last) = 0.7312
  r                   : R² (all) = 0.7813, R² (last) = 0.9821
  inv_r               : R² (all) = 0.6880, R² (last) = 0.9547
  r_squared           : R² (all) = 0.7300, R² (last) = 0.9806
  inv_r_squared       : R² (all) = 0.4118, R² (last) = 0.8685
  inv_r_cubed         : R² (all) = 0.1766, R² (last) = 0.7737
  x                   : R² (all) = 0.9903, R² (last) = 0.9984
  y                   : R² (all) = 0.9883, R² (last) = 0.9978

block_1_after_mlp_merge:
  F_magnitude         : R² (all) = 0.1891, R² (last) = 0.7607
  F_direction_x       : R² (all) = 0.9869, R² (last) = 0.9972
  F_direction_y       : R² (all) = 0.9830, R² (last) = 0.9958
  Fx                  : R² (all) = 0.4086, R² (last) = 0.7397
  Fy                  : R² (all) = 0.3827, R² (last) = 0.6257
  r                   : R² (all) = 0.3807, R² (last) = 0.9893
  inv_r               : R² (all) = 0.3524, R² (last) = 0.9250
  r_squared           : R² (all) = 0.3292, R² (last) = 0.9703
  inv_r_squared       : R² (all) = 0.1891, R² (last) = 0.7607
  inv_r_cubed         : R² (all) = 0.0683, R² (last) = 0.6366
  x                   : R² (all) = 0.9985, R² (last) = 0.9999
  y                   : R² (all) = 0.9977, R² (last) = 1.0000

after_ln_f:
  F_magnitude         : R² (all) = 0.1693, R² (last) = 0.6967
  F_direction_x       : R² (all) = 0.9825, R² (last) = 0.9950
  F_direction_y       : R² (all) = 0.9771, R² (last) = 0.9925
  Fx                  : R² (all) = 0.3832, R² (last) = 0.6920
  Fy                  : R² (all) = 0.3548, R² (last) = 0.5724
  r                   : R² (all) = 0.3447, R² (last) = 0.9897
  inv_r               : R² (all) = 0.3030, R² (last) = 0.8915
  r_squared           : R² (all) = 0.3099, R² (last) = 0.9795
  inv_r_squared       : R² (all) = 0.1693, R² (last) = 0.6967
  inv_r_cubed         : R² (all) = 0.0702, R² (last) = 0.5679
  x                   : R² (all) = 0.9990, R² (last) = 0.9997
  y                   : R² (all) = 0.9988, R² (last) = 0.9997
Evaluating on 500 trajectories...
Conditioning length: 50, Generating 50 more steps per trajectory...

Error Statistics (aggregated across all 500 trajectories):
Mean position error: 0.250385 ± 0.231140
Max position error: 1.846292
R² scores:
  X coordinate: 0.846829 ± 0.315533
  Y coordinate: 0.837505 ± 0.319295
Evaluating on 500 trajectories...
Conditioning length: 50, Generating 50 more steps per trajectory...

Error Statistics (aggregated across all 500 trajectories):
Mean position error: 0.242510 ± 0.221562
Max position error: 1.760628
R² scores:
  X coordinate: 0.869082 ± 0.264792
  Y coordinate: 0.859454 ± 0.275023
Evaluation at step 3001 completed.

Step 3100, Total Train Loss: 0.005269, Prediction Loss: 0.004550, Test Loss: 0.001835, Attention Entropy: 0.7198, Entropy Reg Loss: 0.000720, Entropy Reg Active: True, GPU Memory: 0.000 GB
Step 3200, Total Train Loss: 0.004327, Prediction Loss: 0.003607, Test Loss: 0.001179, Attention Entropy: 0.7202, Entropy Reg Loss: 0.000720, Entropy Reg Active: True, GPU Memory: 0.000 GB
Step 3300, Total Train Loss: 0.004350, Prediction Loss: 0.003629, Test Loss: 0.000849, Attention Entropy: 0.7213, Entropy Reg Loss: 0.000721, Entropy Reg Active: True, GPU Memory: 0.000 GB
Step 3400, Total Train Loss: 0.004375, Prediction Loss: 0.003651, Test Loss: 0.001150, Attention Entropy: 0.7247, Entropy Reg Loss: 0.000725, Entropy Reg Active: True, GPU Memory: 0.000 GB
Step 3500, Total Train Loss: 0.004755, Prediction Loss: 0.004039, Test Loss: 0.001006, Attention Entropy: 0.7161, Entropy Reg Loss: 0.000716, Entropy Reg Active: True, GPU Memory: 0.000 GB
Step 3600, Total Train Loss: 0.004473, Prediction Loss: 0.003747, Test Loss: 0.001121, Attention Entropy: 0.7254, Entropy Reg Loss: 0.000725, Entropy Reg Active: True, GPU Memory: 0.000 GB
Step 3700, Total Train Loss: 0.004639, Prediction Loss: 0.003915, Test Loss: 0.001012, Attention Entropy: 0.7233, Entropy Reg Loss: 0.000723, Entropy Reg Active: True, GPU Memory: 0.000 GB
Step 3800, Total Train Loss: 0.004377, Prediction Loss: 0.003656, Test Loss: 0.001145, Attention Entropy: 0.7209, Entropy Reg Loss: 0.000721, Entropy Reg Active: True, GPU Memory: 0.000 GB
Step 3900, Total Train Loss: 0.004584, Prediction Loss: 0.003861, Test Loss: 0.000904, Attention Entropy: 0.7231, Entropy Reg Loss: 0.000723, Entropy Reg Active: True, GPU Memory: 0.000 GB
Step 4000, Total Train Loss: 0.004444, Prediction Loss: 0.003719, Test Loss: 0.000779, Attention Entropy: 0.7256, Entropy Reg Loss: 0.000726, Entropy Reg Active: True, GPU Memory: 0.000 GB

Evaluating at step 4001...
Activations collected:
  input_embed: torch.Size([1000, 99, 32])
  after_pos_emb: torch.Size([1000, 99, 32])
  block_0_attn_output: torch.Size([1000, 99, 32])
  block_0_after_attn_merge: torch.Size([1000, 99, 32])
  block_0_mlp_hidden: torch.Size([1000, 99, 128])
  block_0_mlp_output: torch.Size([1000, 99, 32])
  block_0_after_mlp_merge: torch.Size([1000, 99, 32])
  block_1_attn_output: torch.Size([1000, 99, 32])
  block_1_after_attn_merge: torch.Size([1000, 99, 32])
  block_1_mlp_hidden: torch.Size([1000, 99, 128])
  block_1_mlp_output: torch.Size([1000, 99, 32])
  block_1_after_mlp_merge: torch.Size([1000, 99, 32])
  after_ln_f: torch.Size([1000, 99, 32])

Linear Probe Results (R² scores):
================================================================================

input_embed:
  F_magnitude         : R² (all) = 0.0004, R² (last) = 0.0003
  F_direction_x       : R² (all) = 0.8329, R² (last) = 0.8242
  F_direction_y       : R² (all) = 0.8344, R² (last) = 0.8353
  Fx                  : R² (all) = 0.0703, R² (last) = 0.0550
  Fy                  : R² (all) = 0.0741, R² (last) = 0.0584
  r                   : R² (all) = 0.0025, R² (last) = 0.0010
  inv_r               : R² (all) = 0.0012, R² (last) = 0.0005
  r_squared           : R² (all) = 0.0026, R² (last) = 0.0010
  inv_r_squared       : R² (all) = 0.0004, R² (last) = 0.0003
  inv_r_cubed         : R² (all) = 0.0001, R² (last) = 0.0002
  x                   : R² (all) = 1.0000, R² (last) = 1.0000
  y                   : R² (all) = 1.0000, R² (last) = 1.0000

after_pos_emb:
  F_magnitude         : R² (all) = 0.0384, R² (last) = 0.0003
  F_direction_x       : R² (all) = 0.8330, R² (last) = 0.8242
  F_direction_y       : R² (all) = 0.8345, R² (last) = 0.8353
  Fx                  : R² (all) = 0.0708, R² (last) = 0.0550
  Fy                  : R² (all) = 0.0748, R² (last) = 0.0584
  r                   : R² (all) = 0.0681, R² (last) = 0.0010
  inv_r               : R² (all) = 0.0514, R² (last) = 0.0005
  r_squared           : R² (all) = 0.0740, R² (last) = 0.0010
  inv_r_squared       : R² (all) = 0.0384, R² (last) = 0.0003
  inv_r_cubed         : R² (all) = 0.0242, R² (last) = 0.0002
  x                   : R² (all) = 1.0000, R² (last) = 1.0000
  y                   : R² (all) = 1.0000, R² (last) = 1.0000

block_0_attn_output:
  F_magnitude         : R² (all) = 0.2783, R² (last) = 0.5175
  F_direction_x       : R² (all) = 0.8895, R² (last) = 0.5008
  F_direction_y       : R² (all) = 0.8930, R² (last) = 0.9336
  Fx                  : R² (all) = 0.0908, R² (last) = -0.7031
  Fy                  : R² (all) = 0.0976, R² (last) = 0.1471
  r                   : R² (all) = 0.9288, R² (last) = 0.9943
  inv_r               : R² (all) = 0.6273, R² (last) = 0.8469
  r_squared           : R² (all) = 0.8470, R² (last) = 0.9954
  inv_r_squared       : R² (all) = 0.2783, R² (last) = 0.5176
  inv_r_cubed         : R² (all) = 0.0887, R² (last) = 0.2347
  x                   : R² (all) = 0.9566, R² (last) = 0.9900
  y                   : R² (all) = 0.9554, R² (last) = 0.9038

block_0_after_attn_merge:
  F_magnitude         : R² (all) = 0.3852, R² (last) = 0.7296
  F_direction_x       : R² (all) = 0.9715, R² (last) = 0.9371
  F_direction_y       : R² (all) = 0.9720, R² (last) = 0.9838
  Fx                  : R² (all) = 0.2026, R² (last) = -0.1138
  Fy                  : R² (all) = 0.2144, R² (last) = 0.5671
  r                   : R² (all) = 0.6803, R² (last) = 0.9939
  inv_r               : R² (all) = 0.6822, R² (last) = 0.9375
  r_squared           : R² (all) = 0.5389, R² (last) = 0.9925
  inv_r_squared       : R² (all) = 0.3852, R² (last) = 0.7296
  inv_r_cubed         : R² (all) = 0.1537, R² (last) = 0.4849
  x                   : R² (all) = 0.9666, R² (last) = 0.9687
  y                   : R² (all) = 0.9684, R² (last) = 0.9759

block_0_mlp_hidden:
  F_magnitude         : R² (all) = 0.6178, R² (last) = 0.9481
  F_direction_x       : R² (all) = 0.9894, R² (last) = 0.9993
  F_direction_y       : R² (all) = 0.9887, R² (last) = 0.9999
  Fx                  : R² (all) = 0.4159, R² (last) = 0.8717
  Fy                  : R² (all) = 0.4324, R² (last) = 0.9103
  r                   : R² (all) = 0.9800, R² (last) = 1.0000
  inv_r               : R² (all) = 0.9070, R² (last) = 0.9931
  r_squared           : R² (all) = 0.9591, R² (last) = 0.9998
  inv_r_squared       : R² (all) = 0.6178, R² (last) = 0.9482
  inv_r_cubed         : R² (all) = 0.3203, R² (last) = 0.8484
  x                   : R² (all) = 0.9902, R² (last) = 1.0000
  y                   : R² (all) = 0.9893, R² (last) = 1.0000

block_0_mlp_output:
  F_magnitude         : R² (all) = 0.4397, R² (last) = 0.7978
  F_direction_x       : R² (all) = 0.9757, R² (last) = 0.9959
  F_direction_y       : R² (all) = 0.9752, R² (last) = 0.9956
  Fx                  : R² (all) = 0.2269, R² (last) = 0.5494
  Fy                  : R² (all) = 0.2443, R² (last) = 0.7063
  r                   : R² (all) = 0.6803, R² (last) = 0.9983
  inv_r               : R² (all) = 0.7161, R² (last) = 0.9609
  r_squared           : R² (all) = 0.5557, R² (last) = 0.9893
  inv_r_squared       : R² (all) = 0.4397, R² (last) = 0.7977
  inv_r_cubed         : R² (all) = 0.1911, R² (last) = 0.5800
  x                   : R² (all) = 0.9693, R² (last) = 0.9997
  y                   : R² (all) = 0.9711, R² (last) = 0.9996

block_0_after_mlp_merge:
  F_magnitude         : R² (all) = 0.2195, R² (last) = 0.8285
  F_direction_x       : R² (all) = 0.9876, R² (last) = 0.9955
  F_direction_y       : R² (all) = 0.9863, R² (last) = 0.9959
  Fx                  : R² (all) = 0.3441, R² (last) = 0.5210
  Fy                  : R² (all) = 0.3491, R² (last) = 0.7054
  r                   : R² (all) = 0.6159, R² (last) = 0.9998
  inv_r               : R² (all) = 0.4627, R² (last) = 0.9658
  r_squared           : R² (all) = 0.5486, R² (last) = 0.9989
  inv_r_squared       : R² (all) = 0.2195, R² (last) = 0.8285
  inv_r_cubed         : R² (all) = 0.0756, R² (last) = 0.6289
  x                   : R² (all) = 0.9992, R² (last) = 1.0000
  y                   : R² (all) = 0.9992, R² (last) = 1.0000

block_1_attn_output:
  F_magnitude         : R² (all) = 0.3627, R² (last) = 0.6183
  F_direction_x       : R² (all) = 0.9120, R² (last) = 0.9624
  F_direction_y       : R² (all) = 0.9054, R² (last) = 0.9756
  Fx                  : R² (all) = 0.2909, R² (last) = 0.3309
  Fy                  : R² (all) = 0.3101, R² (last) = 0.4790
  r                   : R² (all) = 0.8240, R² (last) = 0.8908
  inv_r               : R² (all) = 0.6803, R² (last) = 0.8436
  r_squared           : R² (all) = 0.7109, R² (last) = 0.8074
  inv_r_squared       : R² (all) = 0.3627, R² (last) = 0.6183
  inv_r_cubed         : R² (all) = 0.1493, R² (last) = 0.3953
  x                   : R² (all) = 0.9292, R² (last) = 0.9405
  y                   : R² (all) = 0.9298, R² (last) = 0.9784

block_1_after_attn_merge:
  F_magnitude         : R² (all) = 0.3519, R² (last) = 0.7530
  F_direction_x       : R² (all) = 0.9898, R² (last) = 0.9968
  F_direction_y       : R² (all) = 0.9881, R² (last) = 0.9974
  Fx                  : R² (all) = 0.4653, R² (last) = 0.5867
  Fy                  : R² (all) = 0.4683, R² (last) = 0.7134
  r                   : R² (all) = 0.5617, R² (last) = 0.9870
  inv_r               : R² (all) = 0.5999, R² (last) = 0.9388
  r_squared           : R² (all) = 0.4444, R² (last) = 0.9670
  inv_r_squared       : R² (all) = 0.3519, R² (last) = 0.7530
  inv_r_cubed         : R² (all) = 0.1379, R² (last) = 0.5312
  x                   : R² (all) = 0.9941, R² (last) = 0.9996
  y                   : R² (all) = 0.9926, R² (last) = 0.9996

block_1_mlp_hidden:
  F_magnitude         : R² (all) = 0.7258, R² (last) = 0.9712
  F_direction_x       : R² (all) = 0.9949, R² (last) = 0.9996
  F_direction_y       : R² (all) = 0.9941, R² (last) = 0.9998
  Fx                  : R² (all) = 0.5763, R² (last) = 0.9365
  Fy                  : R² (all) = 0.6009, R² (last) = 0.9616
  r                   : R² (all) = 0.9847, R² (last) = 0.9999
  inv_r               : R² (all) = 0.9264, R² (last) = 0.9958
  r_squared           : R² (all) = 0.9794, R² (last) = 0.9997
  inv_r_squared       : R² (all) = 0.7258, R² (last) = 0.9711
  inv_r_cubed         : R² (all) = 0.4448, R² (last) = 0.9174
  x                   : R² (all) = 0.9973, R² (last) = 1.0000
  y                   : R² (all) = 0.9965, R² (last) = 1.0000

block_1_mlp_output:
  F_magnitude         : R² (all) = 0.4480, R² (last) = 0.7710
  F_direction_x       : R² (all) = 0.9889, R² (last) = 0.9966
  F_direction_y       : R² (all) = 0.9858, R² (last) = 0.9971
  Fx                  : R² (all) = 0.4524, R² (last) = 0.5478
  Fy                  : R² (all) = 0.4521, R² (last) = 0.7323
  r                   : R² (all) = 0.8059, R² (last) = 0.9866
  inv_r               : R² (all) = 0.7172, R² (last) = 0.9410
  r_squared           : R² (all) = 0.7397, R² (last) = 0.9752
  inv_r_squared       : R² (all) = 0.4480, R² (last) = 0.7710
  inv_r_cubed         : R² (all) = 0.2053, R² (last) = 0.5486
  x                   : R² (all) = 0.9910, R² (last) = 0.9988
  y                   : R² (all) = 0.9891, R² (last) = 0.9985

block_1_after_mlp_merge:
  F_magnitude         : R² (all) = 0.2515, R² (last) = 0.6895
  F_direction_x       : R² (all) = 0.9882, R² (last) = 0.9968
  F_direction_y       : R² (all) = 0.9858, R² (last) = 0.9974
  Fx                  : R² (all) = 0.4474, R² (last) = 0.5696
  Fy                  : R² (all) = 0.4375, R² (last) = 0.7319
  r                   : R² (all) = 0.5310, R² (last) = 0.9883
  inv_r               : R² (all) = 0.4672, R² (last) = 0.9032
  r_squared           : R² (all) = 0.4608, R² (last) = 0.9677
  inv_r_squared       : R² (all) = 0.2515, R² (last) = 0.6895
  inv_r_cubed         : R² (all) = 0.0934, R² (last) = 0.4807
  x                   : R² (all) = 0.9983, R² (last) = 0.9999
  y                   : R² (all) = 0.9976, R² (last) = 0.9999

after_ln_f:
  F_magnitude         : R² (all) = 0.2270, R² (last) = 0.6749
  F_direction_x       : R² (all) = 0.9840, R² (last) = 0.9949
  F_direction_y       : R² (all) = 0.9806, R² (last) = 0.9945
  Fx                  : R² (all) = 0.4253, R² (last) = 0.5485
  Fy                  : R² (all) = 0.4109, R² (last) = 0.6975
  r                   : R² (all) = 0.4887, R² (last) = 0.9893
  inv_r               : R² (all) = 0.4102, R² (last) = 0.8952
  r_squared           : R² (all) = 0.4390, R² (last) = 0.9749
  inv_r_squared       : R² (all) = 0.2270, R² (last) = 0.6749
  inv_r_cubed         : R² (all) = 0.0942, R² (last) = 0.4722
  x                   : R² (all) = 0.9990, R² (last) = 0.9997
  y                   : R² (all) = 0.9988, R² (last) = 0.9997
Evaluating on 500 trajectories...
Conditioning length: 50, Generating 50 more steps per trajectory...

Error Statistics (aggregated across all 500 trajectories):
Mean position error: 0.143161 ± 0.146290
Max position error: 1.136239
R² scores:
  X coordinate: 0.951530 ± 0.109779
  Y coordinate: 0.945785 ± 0.117584
Evaluating on 500 trajectories...
Conditioning length: 50, Generating 50 more steps per trajectory...

Error Statistics (aggregated across all 500 trajectories):
Mean position error: 0.149119 ± 0.158703
Max position error: 1.234825
R² scores:
  X coordinate: 0.951807 ± 0.124650
  Y coordinate: 0.946091 ± 0.130324
Evaluation at step 4001 completed.

Step 4100, Total Train Loss: 0.004247, Prediction Loss: 0.003522, Test Loss: 0.001007, Attention Entropy: 0.7255, Entropy Reg Loss: 0.000726, Entropy Reg Active: True, GPU Memory: 0.000 GB
Step 4200, Total Train Loss: 0.004673, Prediction Loss: 0.003942, Test Loss: 0.001171, Attention Entropy: 0.7312, Entropy Reg Loss: 0.000731, Entropy Reg Active: True, GPU Memory: 0.000 GB
Step 4300, Total Train Loss: 0.004118, Prediction Loss: 0.003390, Test Loss: 0.000836, Attention Entropy: 0.7283, Entropy Reg Loss: 0.000728, Entropy Reg Active: True, GPU Memory: 0.000 GB
Step 4400, Total Train Loss: 0.004461, Prediction Loss: 0.003730, Test Loss: 0.001075, Attention Entropy: 0.7312, Entropy Reg Loss: 0.000731, Entropy Reg Active: True, GPU Memory: 0.000 GB
Step 4500, Total Train Loss: 0.004047, Prediction Loss: 0.003319, Test Loss: 0.000816, Attention Entropy: 0.7278, Entropy Reg Loss: 0.000728, Entropy Reg Active: True, GPU Memory: 0.000 GB
Step 4600, Total Train Loss: 0.004313, Prediction Loss: 0.003586, Test Loss: 0.000795, Attention Entropy: 0.7272, Entropy Reg Loss: 0.000727, Entropy Reg Active: True, GPU Memory: 0.000 GB
Step 4700, Total Train Loss: 0.004244, Prediction Loss: 0.003514, Test Loss: 0.000837, Attention Entropy: 0.7298, Entropy Reg Loss: 0.000730, Entropy Reg Active: True, GPU Memory: 0.000 GB
Step 4800, Total Train Loss: 0.004042, Prediction Loss: 0.003311, Test Loss: 0.001113, Attention Entropy: 0.7316, Entropy Reg Loss: 0.000732, Entropy Reg Active: True, GPU Memory: 0.000 GB
Step 4900, Total Train Loss: 0.004046, Prediction Loss: 0.003318, Test Loss: 0.000718, Attention Entropy: 0.7283, Entropy Reg Loss: 0.000728, Entropy Reg Active: True, GPU Memory: 0.000 GB
Step 5000, Total Train Loss: 0.004275, Prediction Loss: 0.003543, Test Loss: 0.000821, Attention Entropy: 0.7317, Entropy Reg Loss: 0.000732, Entropy Reg Active: True, GPU Memory: 0.000 GB

Evaluating at step 5001...
Activations collected:
  input_embed: torch.Size([1000, 99, 32])
  after_pos_emb: torch.Size([1000, 99, 32])
  block_0_attn_output: torch.Size([1000, 99, 32])
  block_0_after_attn_merge: torch.Size([1000, 99, 32])
  block_0_mlp_hidden: torch.Size([1000, 99, 128])
  block_0_mlp_output: torch.Size([1000, 99, 32])
  block_0_after_mlp_merge: torch.Size([1000, 99, 32])
  block_1_attn_output: torch.Size([1000, 99, 32])
  block_1_after_attn_merge: torch.Size([1000, 99, 32])
  block_1_mlp_hidden: torch.Size([1000, 99, 128])
  block_1_mlp_output: torch.Size([1000, 99, 32])
  block_1_after_mlp_merge: torch.Size([1000, 99, 32])
  after_ln_f: torch.Size([1000, 99, 32])

Linear Probe Results (R² scores):
================================================================================

input_embed:
  F_magnitude         : R² (all) = 0.0000, R² (last) = 0.0001
  F_direction_x       : R² (all) = 0.8295, R² (last) = 0.8305
  F_direction_y       : R² (all) = 0.8291, R² (last) = 0.8305
  Fx                  : R² (all) = 0.0513, R² (last) = 0.0820
  Fy                  : R² (all) = 0.0559, R² (last) = 0.0729
  r                   : R² (all) = 0.0001, R² (last) = 0.0001
  inv_r               : R² (all) = 0.0000, R² (last) = 0.0001
  r_squared           : R² (all) = 0.0002, R² (last) = 0.0002
  inv_r_squared       : R² (all) = 0.0000, R² (last) = 0.0001
  inv_r_cubed         : R² (all) = 0.0000, R² (last) = 0.0001
  x                   : R² (all) = 1.0000, R² (last) = 1.0000
  y                   : R² (all) = 1.0000, R² (last) = 1.0000

after_pos_emb:
  F_magnitude         : R² (all) = 0.0400, R² (last) = 0.0001
  F_direction_x       : R² (all) = 0.8296, R² (last) = 0.8305
  F_direction_y       : R² (all) = 0.8291, R² (last) = 0.8305
  Fx                  : R² (all) = 0.0517, R² (last) = 0.0820
  Fy                  : R² (all) = 0.0563, R² (last) = 0.0729
  r                   : R² (all) = 0.0709, R² (last) = 0.0001
  inv_r               : R² (all) = 0.0555, R² (last) = 0.0001
  r_squared           : R² (all) = 0.0778, R² (last) = 0.0003
  inv_r_squared       : R² (all) = 0.0400, R² (last) = 0.0001
  inv_r_cubed         : R² (all) = 0.0218, R² (last) = 0.0001
  x                   : R² (all) = 1.0000, R² (last) = 1.0000
  y                   : R² (all) = 1.0000, R² (last) = 1.0000

block_0_attn_output:
  F_magnitude         : R² (all) = 0.2436, R² (last) = 0.7578
  F_direction_x       : R² (all) = 0.8871, R² (last) = 0.9337
  F_direction_y       : R² (all) = 0.8833, R² (last) = 0.9799
  Fx                  : R² (all) = 0.0665, R² (last) = 0.2808
  Fy                  : R² (all) = 0.0718, R² (last) = 0.5112
  r                   : R² (all) = 0.9250, R² (last) = 0.9950
  inv_r               : R² (all) = 0.6155, R² (last) = 0.9342
  r_squared           : R² (all) = 0.8410, R² (last) = 0.9927
  inv_r_squared       : R² (all) = 0.2436, R² (last) = 0.7578
  inv_r_cubed         : R² (all) = 0.0654, R² (last) = 0.5505
  x                   : R² (all) = 0.9537, R² (last) = 0.9876
  y                   : R² (all) = 0.9537, R² (last) = 0.9955

block_0_after_attn_merge:
  F_magnitude         : R² (all) = 0.3478, R² (last) = 0.7711
  F_direction_x       : R² (all) = 0.9712, R² (last) = 0.9691
  F_direction_y       : R² (all) = 0.9703, R² (last) = 0.9848
  Fx                  : R² (all) = 0.1593, R² (last) = 0.4027
  Fy                  : R² (all) = 0.1722, R² (last) = 0.2632
  r                   : R² (all) = 0.7368, R² (last) = 0.9824
  inv_r               : R² (all) = 0.7027, R² (last) = 0.9321
  r_squared           : R² (all) = 0.5909, R² (last) = 0.9694
  inv_r_squared       : R² (all) = 0.3478, R² (last) = 0.7713
  inv_r_cubed         : R² (all) = 0.1136, R² (last) = 0.5537
  x                   : R² (all) = 0.9656, R² (last) = 0.9143
  y                   : R² (all) = 0.9650, R² (last) = 0.9949

block_0_mlp_hidden:
  F_magnitude         : R² (all) = 0.5587, R² (last) = 0.9742
  F_direction_x       : R² (all) = 0.9896, R² (last) = 0.9989
  F_direction_y       : R² (all) = 0.9884, R² (last) = 0.9997
  Fx                  : R² (all) = 0.3635, R² (last) = 0.6557
  Fy                  : R² (all) = 0.3795, R² (last) = 0.9017
  r                   : R² (all) = 0.9810, R² (last) = 1.0000
  inv_r               : R² (all) = 0.8981, R² (last) = 0.9965
  r_squared           : R² (all) = 0.9592, R² (last) = 0.9994
  inv_r_squared       : R² (all) = 0.5587, R² (last) = 0.9741
  inv_r_cubed         : R² (all) = 0.2491, R² (last) = 0.9270
  x                   : R² (all) = 0.9909, R² (last) = 1.0000
  y                   : R² (all) = 0.9897, R² (last) = 1.0000

block_0_mlp_output:
  F_magnitude         : R² (all) = 0.4165, R² (last) = 0.9009
  F_direction_x       : R² (all) = 0.9763, R² (last) = 0.9960
  F_direction_y       : R² (all) = 0.9743, R² (last) = 0.9954
  Fx                  : R² (all) = 0.1965, R² (last) = 0.6892
  Fy                  : R² (all) = 0.2148, R² (last) = 0.7323
  r                   : R² (all) = 0.7594, R² (last) = 0.9975
  inv_r               : R² (all) = 0.7512, R² (last) = 0.9811
  r_squared           : R² (all) = 0.6499, R² (last) = 0.9843
  inv_r_squared       : R² (all) = 0.4165, R² (last) = 0.9009
  inv_r_cubed         : R² (all) = 0.1531, R² (last) = 0.7753
  x                   : R² (all) = 0.9686, R² (last) = 0.9996
  y                   : R² (all) = 0.9685, R² (last) = 0.9994

block_0_after_mlp_merge:
  F_magnitude         : R² (all) = 0.2163, R² (last) = 0.9210
  F_direction_x       : R² (all) = 0.9870, R² (last) = 0.9956
  F_direction_y       : R² (all) = 0.9851, R² (last) = 0.9957
  Fx                  : R² (all) = 0.2821, R² (last) = 0.6915
  Fy                  : R² (all) = 0.2905, R² (last) = 0.7641
  r                   : R² (all) = 0.6616, R² (last) = 0.9998
  inv_r               : R² (all) = 0.5053, R² (last) = 0.9814
  r_squared           : R² (all) = 0.5771, R² (last) = 0.9986
  inv_r_squared       : R² (all) = 0.2163, R² (last) = 0.9210
  inv_r_cubed         : R² (all) = 0.0643, R² (last) = 0.8291
  x                   : R² (all) = 0.9993, R² (last) = 1.0000
  y                   : R² (all) = 0.9993, R² (last) = 1.0000

block_1_attn_output:
  F_magnitude         : R² (all) = 0.3312, R² (last) = -0.9927
  F_direction_x       : R² (all) = 0.9086, R² (last) = 0.8271
  F_direction_y       : R² (all) = 0.9015, R² (last) = 0.7468
  Fx                  : R² (all) = 0.2354, R² (last) = -0.3906
  Fy                  : R² (all) = 0.2611, R² (last) = -0.0875
  r                   : R² (all) = 0.8012, R² (last) = 0.3979
  inv_r               : R² (all) = 0.6638, R² (last) = 0.3864
  r_squared           : R² (all) = 0.6876, R² (last) = -0.3538
  inv_r_squared       : R² (all) = 0.3312, R² (last) = -0.9927
  inv_r_cubed         : R² (all) = 0.1239, R² (last) = -2.8024
  x                   : R² (all) = 0.9251, R² (last) = 0.8351
  y                   : R² (all) = 0.9248, R² (last) = 0.6300

block_1_after_attn_merge:
  F_magnitude         : R² (all) = 0.3323, R² (last) = 0.9088
  F_direction_x       : R² (all) = 0.9888, R² (last) = 0.9973
  F_direction_y       : R² (all) = 0.9874, R² (last) = 0.9974
  Fx                  : R² (all) = 0.3766, R² (last) = 0.7460
  Fy                  : R² (all) = 0.4020, R² (last) = 0.7927
  r                   : R² (all) = 0.6339, R² (last) = 0.9897
  inv_r               : R² (all) = 0.6515, R² (last) = 0.9749
  r_squared           : R² (all) = 0.5039, R² (last) = 0.9729
  inv_r_squared       : R² (all) = 0.3323, R² (last) = 0.9088
  inv_r_cubed         : R² (all) = 0.1034, R² (last) = 0.8048
  x                   : R² (all) = 0.9942, R² (last) = 0.9996
  y                   : R² (all) = 0.9936, R² (last) = 0.9996

block_1_mlp_hidden:
  F_magnitude         : R² (all) = 0.6484, R² (last) = 0.9955
  F_direction_x       : R² (all) = 0.9948, R² (last) = 0.9997
  F_direction_y       : R² (all) = 0.9940, R² (last) = 0.9998
  Fx                  : R² (all) = 0.4976, R² (last) = 0.9658
  Fy                  : R² (all) = 0.5261, R² (last) = 0.9761
  r                   : R² (all) = 0.9861, R² (last) = 0.9999
  inv_r               : R² (all) = 0.9134, R² (last) = 0.9990
  r_squared           : R² (all) = 0.9802, R² (last) = 0.9996
  inv_r_squared       : R² (all) = 0.6484, R² (last) = 0.9955
  inv_r_cubed         : R² (all) = 0.3356, R² (last) = 0.9874
  x                   : R² (all) = 0.9976, R² (last) = 1.0000
  y                   : R² (all) = 0.9970, R² (last) = 1.0000

block_1_mlp_output:
  F_magnitude         : R² (all) = 0.3858, R² (last) = 0.9189
  F_direction_x       : R² (all) = 0.9875, R² (last) = 0.9967
  F_direction_y       : R² (all) = 0.9833, R² (last) = 0.9966
  Fx                  : R² (all) = 0.3623, R² (last) = 0.7377
  Fy                  : R² (all) = 0.3784, R² (last) = 0.7783
  r                   : R² (all) = 0.8039, R² (last) = 0.9792
  inv_r               : R² (all) = 0.7041, R² (last) = 0.9692
  r_squared           : R² (all) = 0.7373, R² (last) = 0.9688
  inv_r_squared       : R² (all) = 0.3858, R² (last) = 0.9189
  inv_r_cubed         : R² (all) = 0.1381, R² (last) = 0.8300
  x                   : R² (all) = 0.9922, R² (last) = 0.9983
  y                   : R² (all) = 0.9875, R² (last) = 0.9975

block_1_after_mlp_merge:
  F_magnitude         : R² (all) = 0.2441, R² (last) = 0.8694
  F_direction_x       : R² (all) = 0.9873, R² (last) = 0.9976
  F_direction_y       : R² (all) = 0.9849, R² (last) = 0.9968
  Fx                  : R² (all) = 0.3546, R² (last) = 0.8104
  Fy                  : R² (all) = 0.3627, R² (last) = 0.7975
  r                   : R² (all) = 0.6349, R² (last) = 0.9877
  inv_r               : R² (all) = 0.5235, R² (last) = 0.9533
  r_squared           : R² (all) = 0.5583, R² (last) = 0.9740
  inv_r_squared       : R² (all) = 0.2441, R² (last) = 0.8694
  inv_r_cubed         : R² (all) = 0.0739, R² (last) = 0.7780
  x                   : R² (all) = 0.9983, R² (last) = 0.9999
  y                   : R² (all) = 0.9973, R² (last) = 0.9999

after_ln_f:
  F_magnitude         : R² (all) = 0.2414, R² (last) = 0.8393
  F_direction_x       : R² (all) = 0.9830, R² (last) = 0.9957
  F_direction_y       : R² (all) = 0.9798, R² (last) = 0.9943
  Fx                  : R² (all) = 0.3415, R² (last) = 0.7410
  Fy                  : R² (all) = 0.3460, R² (last) = 0.7386
  r                   : R² (all) = 0.6044, R² (last) = 0.9871
  inv_r               : R² (all) = 0.4834, R² (last) = 0.9464
  r_squared           : R² (all) = 0.5502, R² (last) = 0.9765
  inv_r_squared       : R² (all) = 0.2414, R² (last) = 0.8393
  inv_r_cubed         : R² (all) = 0.0882, R² (last) = 0.7138
  x                   : R² (all) = 0.9991, R² (last) = 0.9997
  y                   : R² (all) = 0.9989, R² (last) = 0.9997
Evaluating on 500 trajectories...
Conditioning length: 50, Generating 50 more steps per trajectory...

Error Statistics (aggregated across all 500 trajectories):
Mean position error: 0.140126 ± 0.149998
Max position error: 1.458651
R² scores:
  X coordinate: 0.953085 ± 0.078345
  Y coordinate: 0.953242 ± 0.078076
Evaluating on 500 trajectories...
Conditioning length: 50, Generating 50 more steps per trajectory...

Error Statistics (aggregated across all 500 trajectories):
Mean position error: 0.130683 ± 0.142901
Max position error: 1.507568
R² scores:
  X coordinate: 0.957164 ± 0.089836
  Y coordinate: 0.955944 ± 0.091001
Evaluation at step 5001 completed.

Step 5100, Total Train Loss: 0.004475, Prediction Loss: 0.003741, Test Loss: 0.000826, Attention Entropy: 0.7340, Entropy Reg Loss: 0.000734, Entropy Reg Active: True, GPU Memory: 0.000 GB
Step 5200, Total Train Loss: 0.004123, Prediction Loss: 0.003383, Test Loss: 0.000877, Attention Entropy: 0.7399, Entropy Reg Loss: 0.000740, Entropy Reg Active: True, GPU Memory: 0.000 GB
Step 5300, Total Train Loss: 0.003971, Prediction Loss: 0.003241, Test Loss: 0.001105, Attention Entropy: 0.7300, Entropy Reg Loss: 0.000730, Entropy Reg Active: True, GPU Memory: 0.000 GB
Step 5400, Total Train Loss: 0.004197, Prediction Loss: 0.003463, Test Loss: 0.000780, Attention Entropy: 0.7338, Entropy Reg Loss: 0.000734, Entropy Reg Active: True, GPU Memory: 0.000 GB
Step 5500, Total Train Loss: 0.004558, Prediction Loss: 0.003822, Test Loss: 0.000733, Attention Entropy: 0.7360, Entropy Reg Loss: 0.000736, Entropy Reg Active: True, GPU Memory: 0.000 GB
Step 5600, Total Train Loss: 0.004221, Prediction Loss: 0.003488, Test Loss: 0.000766, Attention Entropy: 0.7330, Entropy Reg Loss: 0.000733, Entropy Reg Active: True, GPU Memory: 0.000 GB
Step 5700, Total Train Loss: 0.004276, Prediction Loss: 0.003542, Test Loss: 0.000880, Attention Entropy: 0.7339, Entropy Reg Loss: 0.000734, Entropy Reg Active: True, GPU Memory: 0.000 GB
Step 5800, Total Train Loss: 0.004074, Prediction Loss: 0.003339, Test Loss: 0.000777, Attention Entropy: 0.7346, Entropy Reg Loss: 0.000735, Entropy Reg Active: True, GPU Memory: 0.000 GB
Step 5900, Total Train Loss: 0.004120, Prediction Loss: 0.003382, Test Loss: 0.000849, Attention Entropy: 0.7384, Entropy Reg Loss: 0.000738, Entropy Reg Active: True, GPU Memory: 0.000 GB
Step 6000, Total Train Loss: 0.003914, Prediction Loss: 0.003183, Test Loss: 0.000867, Attention Entropy: 0.7310, Entropy Reg Loss: 0.000731, Entropy Reg Active: True, GPU Memory: 0.000 GB

Evaluating at step 6001...
Activations collected:
  input_embed: torch.Size([1000, 99, 32])
  after_pos_emb: torch.Size([1000, 99, 32])
  block_0_attn_output: torch.Size([1000, 99, 32])
  block_0_after_attn_merge: torch.Size([1000, 99, 32])
  block_0_mlp_hidden: torch.Size([1000, 99, 128])
  block_0_mlp_output: torch.Size([1000, 99, 32])
  block_0_after_mlp_merge: torch.Size([1000, 99, 32])
  block_1_attn_output: torch.Size([1000, 99, 32])
  block_1_after_attn_merge: torch.Size([1000, 99, 32])
  block_1_mlp_hidden: torch.Size([1000, 99, 128])
  block_1_mlp_output: torch.Size([1000, 99, 32])
  block_1_after_mlp_merge: torch.Size([1000, 99, 32])
  after_ln_f: torch.Size([1000, 99, 32])

Linear Probe Results (R² scores):
================================================================================

input_embed:
  F_magnitude         : R² (all) = 0.0000, R² (last) = 0.0004
  F_direction_x       : R² (all) = 0.8270, R² (last) = 0.8191
  F_direction_y       : R² (all) = 0.8291, R² (last) = 0.8363
  Fx                  : R² (all) = 0.0697, R² (last) = 0.0984
  Fy                  : R² (all) = 0.0700, R² (last) = 0.0929
  r                   : R² (all) = 0.0003, R² (last) = 0.0004
  inv_r               : R² (all) = 0.0001, R² (last) = 0.0005
  r_squared           : R² (all) = 0.0004, R² (last) = 0.0004
  inv_r_squared       : R² (all) = 0.0000, R² (last) = 0.0004
  inv_r_cubed         : R² (all) = 0.0000, R² (last) = 0.0002
  x                   : R² (all) = 1.0000, R² (last) = 1.0000
  y                   : R² (all) = 1.0000, R² (last) = 1.0000

after_pos_emb:
  F_magnitude         : R² (all) = 0.0449, R² (last) = 0.0004
  F_direction_x       : R² (all) = 0.8270, R² (last) = 0.8191
  F_direction_y       : R² (all) = 0.8291, R² (last) = 0.8363
  Fx                  : R² (all) = 0.0698, R² (last) = 0.0984
  Fy                  : R² (all) = 0.0702, R² (last) = 0.0929
  r                   : R² (all) = 0.0724, R² (last) = 0.0004
  inv_r               : R² (all) = 0.0537, R² (last) = 0.0005
  r_squared           : R² (all) = 0.0807, R² (last) = 0.0004
  inv_r_squared       : R² (all) = 0.0449, R² (last) = 0.0004
  inv_r_cubed         : R² (all) = 0.0321, R² (last) = 0.0002
  x                   : R² (all) = 1.0000, R² (last) = 1.0000
  y                   : R² (all) = 1.0000, R² (last) = 1.0000

block_0_attn_output:
  F_magnitude         : R² (all) = 0.3298, R² (last) = 0.8312
  F_direction_x       : R² (all) = 0.8801, R² (last) = 0.9173
  F_direction_y       : R² (all) = 0.8771, R² (last) = 0.9726
  Fx                  : R² (all) = 0.0889, R² (last) = 0.2419
  Fy                  : R² (all) = 0.0870, R² (last) = 0.5134
  r                   : R² (all) = 0.9255, R² (last) = 0.9951
  inv_r               : R² (all) = 0.6481, R² (last) = 0.9533
  r_squared           : R² (all) = 0.8433, R² (last) = 0.9921
  inv_r_squared       : R² (all) = 0.3298, R² (last) = 0.8313
  inv_r_cubed         : R² (all) = 0.1251, R² (last) = 0.6491
  x                   : R² (all) = 0.9535, R² (last) = 0.9846
  y                   : R² (all) = 0.9533, R² (last) = 0.9945

block_0_after_attn_merge:
  F_magnitude         : R² (all) = 0.4647, R² (last) = 0.7852
  F_direction_x       : R² (all) = 0.9703, R² (last) = 0.9504
  F_direction_y       : R² (all) = 0.9687, R² (last) = 0.9860
  Fx                  : R² (all) = 0.2199, R² (last) = -0.6406
  Fy                  : R² (all) = 0.2183, R² (last) = 0.6128
  r                   : R² (all) = 0.7668, R² (last) = 0.9599
  inv_r               : R² (all) = 0.7530, R² (last) = 0.9560
  r_squared           : R² (all) = 0.6171, R² (last) = 0.9300
  inv_r_squared       : R² (all) = 0.4647, R² (last) = 0.7851
  inv_r_cubed         : R² (all) = 0.2089, R² (last) = 0.5458
  x                   : R² (all) = 0.9644, R² (last) = 0.9170
  y                   : R² (all) = 0.9624, R² (last) = 0.9965

block_0_mlp_hidden:
  F_magnitude         : R² (all) = 0.6888, R² (last) = 0.9771
  F_direction_x       : R² (all) = 0.9904, R² (last) = 0.9995
  F_direction_y       : R² (all) = 0.9887, R² (last) = 0.9997
  Fx                  : R² (all) = 0.5019, R² (last) = 0.9113
  Fy                  : R² (all) = 0.4939, R² (last) = 0.9076
  r                   : R² (all) = 0.9807, R² (last) = 0.9998
  inv_r               : R² (all) = 0.9240, R² (last) = 0.9962
  r_squared           : R² (all) = 0.9551, R² (last) = 0.9986
  inv_r_squared       : R² (all) = 0.6888, R² (last) = 0.9771
  inv_r_cubed         : R² (all) = 0.3990, R² (last) = 0.9307
  x                   : R² (all) = 0.9910, R² (last) = 1.0000
  y                   : R² (all) = 0.9895, R² (last) = 1.0000

block_0_mlp_output:
  F_magnitude         : R² (all) = 0.5426, R² (last) = 0.8888
  F_direction_x       : R² (all) = 0.9766, R² (last) = 0.9964
  F_direction_y       : R² (all) = 0.9733, R² (last) = 0.9966
  Fx                  : R² (all) = 0.2890, R² (last) = 0.7713
  Fy                  : R² (all) = 0.2836, R² (last) = 0.7839
  r                   : R² (all) = 0.8106, R² (last) = 0.9975
  inv_r               : R² (all) = 0.8048, R² (last) = 0.9748
  r_squared           : R² (all) = 0.7099, R² (last) = 0.9841
  inv_r_squared       : R² (all) = 0.5426, R² (last) = 0.8887
  inv_r_cubed         : R² (all) = 0.2655, R² (last) = 0.7375
  x                   : R² (all) = 0.9685, R² (last) = 0.9996
  y                   : R² (all) = 0.9659, R² (last) = 0.9994

block_0_after_mlp_merge:
  F_magnitude         : R² (all) = 0.3157, R² (last) = 0.8886
  F_direction_x       : R² (all) = 0.9869, R² (last) = 0.9962
  F_direction_y       : R² (all) = 0.9847, R² (last) = 0.9962
  Fx                  : R² (all) = 0.3952, R² (last) = 0.7782
  Fy                  : R² (all) = 0.3855, R² (last) = 0.8019
  r                   : R² (all) = 0.6739, R² (last) = 0.9998
  inv_r               : R² (all) = 0.5587, R² (last) = 0.9727
  r_squared           : R² (all) = 0.5856, R² (last) = 0.9988
  inv_r_squared       : R² (all) = 0.3157, R² (last) = 0.8886
  inv_r_cubed         : R² (all) = 0.1330, R² (last) = 0.7439
  x                   : R² (all) = 0.9995, R² (last) = 1.0000
  y                   : R² (all) = 0.9994, R² (last) = 1.0000

block_1_attn_output:
  F_magnitude         : R² (all) = 0.4321, R² (last) = 0.7825
  F_direction_x       : R² (all) = 0.8937, R² (last) = 0.9716
  F_direction_y       : R² (all) = 0.8858, R² (last) = 0.9730
  Fx                  : R² (all) = 0.3389, R² (last) = 0.6286
  Fy                  : R² (all) = 0.3379, R² (last) = 0.6189
  r                   : R² (all) = 0.8040, R² (last) = 0.9110
  inv_r               : R² (all) = 0.6957, R² (last) = 0.8941
  r_squared           : R² (all) = 0.6821, R² (last) = 0.8586
  inv_r_squared       : R² (all) = 0.4321, R² (last) = 0.7825
  inv_r_cubed         : R² (all) = 0.2128, R² (last) = 0.6182
  x                   : R² (all) = 0.9182, R² (last) = 0.9581
  y                   : R² (all) = 0.9188, R² (last) = 0.9717

block_1_after_attn_merge:
  F_magnitude         : R² (all) = 0.4645, R² (last) = 0.8889
  F_direction_x       : R² (all) = 0.9887, R² (last) = 0.9974
  F_direction_y       : R² (all) = 0.9877, R² (last) = 0.9978
  Fx                  : R² (all) = 0.5032, R² (last) = 0.8121
  Fy                  : R² (all) = 0.5316, R² (last) = 0.8325
  r                   : R² (all) = 0.6580, R² (last) = 0.9846
  inv_r               : R² (all) = 0.7087, R² (last) = 0.9713
  r_squared           : R² (all) = 0.5216, R² (last) = 0.9630
  inv_r_squared       : R² (all) = 0.4645, R² (last) = 0.8889
  inv_r_cubed         : R² (all) = 0.2118, R² (last) = 0.7408
  x                   : R² (all) = 0.9945, R² (last) = 0.9996
  y                   : R² (all) = 0.9946, R² (last) = 0.9997

block_1_mlp_hidden:
  F_magnitude         : R² (all) = 0.7884, R² (last) = 0.9896
  F_direction_x       : R² (all) = 0.9951, R² (last) = 0.9997
  F_direction_y       : R² (all) = 0.9944, R² (last) = 0.9997
  Fx                  : R² (all) = 0.6417, R² (last) = 0.9659
  Fy                  : R² (all) = 0.6565, R² (last) = 0.9716
  r                   : R² (all) = 0.9870, R² (last) = 0.9999
  inv_r               : R² (all) = 0.9429, R² (last) = 0.9980
  r_squared           : R² (all) = 0.9818, R² (last) = 0.9996
  inv_r_squared       : R² (all) = 0.7884, R² (last) = 0.9896
  inv_r_cubed         : R² (all) = 0.5240, R² (last) = 0.9690
  x                   : R² (all) = 0.9979, R² (last) = 1.0000
  y                   : R² (all) = 0.9976, R² (last) = 1.0000

block_1_mlp_output:
  F_magnitude         : R² (all) = 0.5340, R² (last) = 0.8983
  F_direction_x       : R² (all) = 0.9870, R² (last) = 0.9970
  F_direction_y       : R² (all) = 0.9820, R² (last) = 0.9967
  Fx                  : R² (all) = 0.5017, R² (last) = 0.8161
  Fy                  : R² (all) = 0.4929, R² (last) = 0.8140
  r                   : R² (all) = 0.8211, R² (last) = 0.9653
  inv_r               : R² (all) = 0.7742, R² (last) = 0.9671
  r_squared           : R² (all) = 0.7404, R² (last) = 0.9469
  inv_r_squared       : R² (all) = 0.5340, R² (last) = 0.8983
  inv_r_cubed         : R² (all) = 0.2651, R² (last) = 0.7655
  x                   : R² (all) = 0.9921, R² (last) = 0.9982
  y                   : R² (all) = 0.9871, R² (last) = 0.9976

block_1_after_mlp_merge:
  F_magnitude         : R² (all) = 0.3481, R² (last) = 0.8429
  F_direction_x       : R² (all) = 0.9876, R² (last) = 0.9971
  F_direction_y       : R² (all) = 0.9853, R² (last) = 0.9967
  Fx                  : R² (all) = 0.4821, R² (last) = 0.8239
  Fy                  : R² (all) = 0.4737, R² (last) = 0.8149
  r                   : R² (all) = 0.6767, R² (last) = 0.9867
  inv_r               : R² (all) = 0.5802, R² (last) = 0.9464
  r_squared           : R² (all) = 0.5940, R² (last) = 0.9768
  inv_r_squared       : R² (all) = 0.3481, R² (last) = 0.8429
  inv_r_cubed         : R² (all) = 0.1536, R² (last) = 0.6827
  x                   : R² (all) = 0.9982, R² (last) = 0.9999
  y                   : R² (all) = 0.9971, R² (last) = 0.9999

after_ln_f:
  F_magnitude         : R² (all) = 0.3226, R² (last) = 0.8102
  F_direction_x       : R² (all) = 0.9824, R² (last) = 0.9948
  F_direction_y       : R² (all) = 0.9795, R² (last) = 0.9939
  Fx                  : R² (all) = 0.4540, R² (last) = 0.7873
  Fy                  : R² (all) = 0.4436, R² (last) = 0.7826
  r                   : R² (all) = 0.6665, R² (last) = 0.9835
  inv_r               : R² (all) = 0.5348, R² (last) = 0.9302
  r_squared           : R² (all) = 0.6072, R² (last) = 0.9770
  inv_r_squared       : R² (all) = 0.3226, R² (last) = 0.8102
  inv_r_cubed         : R² (all) = 0.1528, R² (last) = 0.6393
  x                   : R² (all) = 0.9991, R² (last) = 0.9998
  y                   : R² (all) = 0.9989, R² (last) = 0.9998
Evaluating on 500 trajectories...
Conditioning length: 50, Generating 50 more steps per trajectory...

Error Statistics (aggregated across all 500 trajectories):
Mean position error: 0.174682 ± 0.145517
Max position error: 1.207750
R² scores:
  X coordinate: 0.909185 ± 0.148410
  Y coordinate: 0.911440 ± 0.147433
Evaluating on 500 trajectories...
Conditioning length: 50, Generating 50 more steps per trajectory...

Error Statistics (aggregated across all 500 trajectories):
Mean position error: 0.175105 ± 0.148542
Max position error: 1.309025
R² scores:
  X coordinate: 0.901026 ± 0.162200
  Y coordinate: 0.901358 ± 0.163863
Evaluation at step 6001 completed.

Step 6100, Total Train Loss: 0.004114, Prediction Loss: 0.003383, Test Loss: 0.000575, Attention Entropy: 0.7317, Entropy Reg Loss: 0.000732, Entropy Reg Active: True, GPU Memory: 0.000 GB
Step 6200, Total Train Loss: 0.004007, Prediction Loss: 0.003265, Test Loss: 0.000858, Attention Entropy: 0.7416, Entropy Reg Loss: 0.000742, Entropy Reg Active: True, GPU Memory: 0.000 GB
Step 6300, Total Train Loss: 0.003905, Prediction Loss: 0.003163, Test Loss: 0.001050, Attention Entropy: 0.7420, Entropy Reg Loss: 0.000742, Entropy Reg Active: True, GPU Memory: 0.000 GB
Step 6400, Total Train Loss: 0.004102, Prediction Loss: 0.003370, Test Loss: 0.000661, Attention Entropy: 0.7321, Entropy Reg Loss: 0.000732, Entropy Reg Active: True, GPU Memory: 0.000 GB
Step 6500, Total Train Loss: 0.003892, Prediction Loss: 0.003155, Test Loss: 0.000966, Attention Entropy: 0.7373, Entropy Reg Loss: 0.000737, Entropy Reg Active: True, GPU Memory: 0.000 GB
Step 6600, Total Train Loss: 0.004093, Prediction Loss: 0.003361, Test Loss: 0.000820, Attention Entropy: 0.7323, Entropy Reg Loss: 0.000732, Entropy Reg Active: True, GPU Memory: 0.000 GB
Step 6700, Total Train Loss: 0.003964, Prediction Loss: 0.003226, Test Loss: 0.001310, Attention Entropy: 0.7377, Entropy Reg Loss: 0.000738, Entropy Reg Active: True, GPU Memory: 0.000 GB
Step 6800, Total Train Loss: 0.004222, Prediction Loss: 0.003485, Test Loss: 0.000853, Attention Entropy: 0.7370, Entropy Reg Loss: 0.000737, Entropy Reg Active: True, GPU Memory: 0.000 GB
Step 6900, Total Train Loss: 0.003958, Prediction Loss: 0.003220, Test Loss: 0.000649, Attention Entropy: 0.7381, Entropy Reg Loss: 0.000738, Entropy Reg Active: True, GPU Memory: 0.000 GB
Step 7000, Total Train Loss: 0.003824, Prediction Loss: 0.003085, Test Loss: 0.000730, Attention Entropy: 0.7389, Entropy Reg Loss: 0.000739, Entropy Reg Active: True, GPU Memory: 0.000 GB

Evaluating at step 7001...
Activations collected:
  input_embed: torch.Size([1000, 99, 32])
  after_pos_emb: torch.Size([1000, 99, 32])
  block_0_attn_output: torch.Size([1000, 99, 32])
  block_0_after_attn_merge: torch.Size([1000, 99, 32])
  block_0_mlp_hidden: torch.Size([1000, 99, 128])
  block_0_mlp_output: torch.Size([1000, 99, 32])
  block_0_after_mlp_merge: torch.Size([1000, 99, 32])
  block_1_attn_output: torch.Size([1000, 99, 32])
  block_1_after_attn_merge: torch.Size([1000, 99, 32])
  block_1_mlp_hidden: torch.Size([1000, 99, 128])
  block_1_mlp_output: torch.Size([1000, 99, 32])
  block_1_after_mlp_merge: torch.Size([1000, 99, 32])
  after_ln_f: torch.Size([1000, 99, 32])

Linear Probe Results (R² scores):
================================================================================

input_embed:
  F_magnitude         : R² (all) = 0.0000, R² (last) = 0.0003
  F_direction_x       : R² (all) = 0.8210, R² (last) = 0.8232
  F_direction_y       : R² (all) = 0.8207, R² (last) = 0.8317
  Fx                  : R² (all) = 0.0653, R² (last) = 0.0533
  Fy                  : R² (all) = 0.0687, R² (last) = 0.0511
  r                   : R² (all) = 0.0000, R² (last) = 0.0011
  inv_r               : R² (all) = 0.0000, R² (last) = 0.0005
  r_squared           : R² (all) = 0.0000, R² (last) = 0.0015
  inv_r_squared       : R² (all) = 0.0000, R² (last) = 0.0003
  inv_r_cubed         : R² (all) = 0.0000, R² (last) = 0.0002
  x                   : R² (all) = 1.0000, R² (last) = 1.0000
  y                   : R² (all) = 1.0000, R² (last) = 1.0000

after_pos_emb:
  F_magnitude         : R² (all) = 0.0441, R² (last) = 0.0003
  F_direction_x       : R² (all) = 0.8211, R² (last) = 0.8232
  F_direction_y       : R² (all) = 0.8207, R² (last) = 0.8317
  Fx                  : R² (all) = 0.0656, R² (last) = 0.0533
  Fy                  : R² (all) = 0.0693, R² (last) = 0.0511
  r                   : R² (all) = 0.0696, R² (last) = 0.0012
  inv_r               : R² (all) = 0.0532, R² (last) = 0.0005
  r_squared           : R² (all) = 0.0780, R² (last) = 0.0015
  inv_r_squared       : R² (all) = 0.0441, R² (last) = 0.0004
  inv_r_cubed         : R² (all) = 0.0311, R² (last) = 0.0002
  x                   : R² (all) = 1.0000, R² (last) = 1.0000
  y                   : R² (all) = 1.0000, R² (last) = 1.0000

block_0_attn_output:
  F_magnitude         : R² (all) = 0.2931, R² (last) = 0.6100
  F_direction_x       : R² (all) = 0.8727, R² (last) = 0.9089
  F_direction_y       : R² (all) = 0.8723, R² (last) = 0.9658
  Fx                  : R² (all) = 0.0827, R² (last) = 0.1366
  Fy                  : R² (all) = 0.0869, R² (last) = 0.2943
  r                   : R² (all) = 0.9265, R² (last) = 0.9947
  inv_r               : R² (all) = 0.6274, R² (last) = 0.8961
  r_squared           : R² (all) = 0.8485, R² (last) = 0.9915
  inv_r_squared       : R² (all) = 0.2931, R² (last) = 0.6099
  inv_r_cubed         : R² (all) = 0.1032, R² (last) = 0.3652
  x                   : R² (all) = 0.9506, R² (last) = 0.9849
  y                   : R² (all) = 0.9497, R² (last) = 0.9918

block_0_after_attn_merge:
  F_magnitude         : R² (all) = 0.4316, R² (last) = 0.7409
  F_direction_x       : R² (all) = 0.9690, R² (last) = 0.9425
  F_direction_y       : R² (all) = 0.9684, R² (last) = 0.9757
  Fx                  : R² (all) = 0.2007, R² (last) = -0.2490
  Fy                  : R² (all) = 0.2116, R² (last) = 0.3038
  r                   : R² (all) = 0.7771, R² (last) = 0.8385
  inv_r               : R² (all) = 0.7423, R² (last) = 0.9446
  r_squared           : R² (all) = 0.6320, R² (last) = 0.7550
  inv_r_squared       : R² (all) = 0.4316, R² (last) = 0.7411
  inv_r_cubed         : R² (all) = 0.1865, R² (last) = 0.5017
  x                   : R² (all) = 0.9598, R² (last) = 0.9568
  y                   : R² (all) = 0.9599, R² (last) = 0.9947

block_0_mlp_hidden:
  F_magnitude         : R² (all) = 0.6600, R² (last) = 0.8637
  F_direction_x       : R² (all) = 0.9898, R² (last) = 0.9987
  F_direction_y       : R² (all) = 0.9888, R² (last) = 0.9996
  Fx                  : R² (all) = 0.4610, R² (last) = 0.8442
  Fy                  : R² (all) = 0.4720, R² (last) = 0.9049
  r                   : R² (all) = 0.9812, R² (last) = 0.9994
  inv_r               : R² (all) = 0.9144, R² (last) = 0.9656
  r_squared           : R² (all) = 0.9549, R² (last) = 0.9981
  inv_r_squared       : R² (all) = 0.6600, R² (last) = 0.8636
  inv_r_cubed         : R² (all) = 0.3776, R² (last) = 0.7791
  x                   : R² (all) = 0.9900, R² (last) = 1.0000
  y                   : R² (all) = 0.9899, R² (last) = 1.0000

block_0_mlp_output:
  F_magnitude         : R² (all) = 0.5252, R² (last) = 0.7735
  F_direction_x       : R² (all) = 0.9760, R² (last) = 0.9955
  F_direction_y       : R² (all) = 0.9732, R² (last) = 0.9955
  Fx                  : R² (all) = 0.2737, R² (last) = 0.5812
  Fy                  : R² (all) = 0.2789, R² (last) = 0.5770
  r                   : R² (all) = 0.8332, R² (last) = 0.9982
  inv_r               : R² (all) = 0.8162, R² (last) = 0.9449
  r_squared           : R² (all) = 0.7333, R² (last) = 0.9890
  inv_r_squared       : R² (all) = 0.5252, R² (last) = 0.7735
  inv_r_cubed         : R² (all) = 0.2470, R² (last) = 0.5960
  x                   : R² (all) = 0.9646, R² (last) = 0.9994
  y                   : R² (all) = 0.9639, R² (last) = 0.9993

block_0_after_mlp_merge:
  F_magnitude         : R² (all) = 0.2913, R² (last) = 0.7694
  F_direction_x       : R² (all) = 0.9866, R² (last) = 0.9950
  F_direction_y       : R² (all) = 0.9842, R² (last) = 0.9955
  Fx                  : R² (all) = 0.3629, R² (last) = 0.5955
  Fy                  : R² (all) = 0.3698, R² (last) = 0.6276
  r                   : R² (all) = 0.6980, R² (last) = 0.9997
  inv_r               : R² (all) = 0.5517, R² (last) = 0.9481
  r_squared           : R² (all) = 0.6168, R² (last) = 0.9984
  inv_r_squared       : R² (all) = 0.2913, R² (last) = 0.7694
  inv_r_cubed         : R² (all) = 0.1202, R² (last) = 0.5786
  x                   : R² (all) = 0.9997, R² (last) = 1.0000
  y                   : R² (all) = 0.9995, R² (last) = 1.0000

block_1_attn_output:
  F_magnitude         : R² (all) = 0.3944, R² (last) = 0.5518
  F_direction_x       : R² (all) = 0.8890, R² (last) = 0.9703
  F_direction_y       : R² (all) = 0.8919, R² (last) = 0.9718
  Fx                  : R² (all) = 0.3099, R² (last) = 0.3965
  Fy                  : R² (all) = 0.3218, R² (last) = 0.4044
  r                   : R² (all) = 0.8231, R² (last) = 0.9173
  inv_r               : R² (all) = 0.6803, R² (last) = 0.8223
  r_squared           : R² (all) = 0.7259, R² (last) = 0.8639
  inv_r_squared       : R² (all) = 0.3944, R² (last) = 0.5517
  inv_r_cubed         : R² (all) = 0.1873, R² (last) = 0.3360
  x                   : R² (all) = 0.9139, R² (last) = 0.9629
  y                   : R² (all) = 0.9162, R² (last) = 0.9738

block_1_after_attn_merge:
  F_magnitude         : R² (all) = 0.4196, R² (last) = 0.7740
  F_direction_x       : R² (all) = 0.9879, R² (last) = 0.9967
  F_direction_y       : R² (all) = 0.9872, R² (last) = 0.9972
  Fx                  : R² (all) = 0.4625, R² (last) = 0.7045
  Fy                  : R² (all) = 0.5036, R² (last) = 0.6974
  r                   : R² (all) = 0.6707, R² (last) = 0.9901
  inv_r               : R² (all) = 0.6907, R² (last) = 0.9487
  r_squared           : R² (all) = 0.5380, R² (last) = 0.9657
  inv_r_squared       : R² (all) = 0.4196, R² (last) = 0.7740
  inv_r_cubed         : R² (all) = 0.1772, R² (last) = 0.5725
  x                   : R² (all) = 0.9946, R² (last) = 0.9996
  y                   : R² (all) = 0.9953, R² (last) = 0.9997

block_1_mlp_hidden:
  F_magnitude         : R² (all) = 0.7417, R² (last) = 0.9836
  F_direction_x       : R² (all) = 0.9949, R² (last) = 0.9995
  F_direction_y       : R² (all) = 0.9942, R² (last) = 0.9997
  Fx                  : R² (all) = 0.5978, R² (last) = 0.9523
  Fy                  : R² (all) = 0.6246, R² (last) = 0.9641
  r                   : R² (all) = 0.9871, R² (last) = 0.9998
  inv_r               : R² (all) = 0.9305, R² (last) = 0.9971
  r_squared           : R² (all) = 0.9828, R² (last) = 0.9995
  inv_r_squared       : R² (all) = 0.7417, R² (last) = 0.9836
  inv_r_cubed         : R² (all) = 0.4632, R² (last) = 0.9634
  x                   : R² (all) = 0.9977, R² (last) = 0.9999
  y                   : R² (all) = 0.9980, R² (last) = 0.9999

block_1_mlp_output:
  F_magnitude         : R² (all) = 0.4933, R² (last) = 0.7424
  F_direction_x       : R² (all) = 0.9860, R² (last) = 0.9960
  F_direction_y       : R² (all) = 0.9800, R² (last) = 0.9953
  Fx                  : R² (all) = 0.4695, R² (last) = 0.6405
  Fy                  : R² (all) = 0.4699, R² (last) = 0.6310
  r                   : R² (all) = 0.8275, R² (last) = 0.9550
  inv_r               : R² (all) = 0.7562, R² (last) = 0.9381
  r_squared           : R² (all) = 0.7477, R² (last) = 0.9283
  inv_r_squared       : R² (all) = 0.4933, R² (last) = 0.7424
  inv_r_cubed         : R² (all) = 0.2333, R² (last) = 0.5287
  x                   : R² (all) = 0.9900, R² (last) = 0.9979
  y                   : R² (all) = 0.9875, R² (last) = 0.9980

block_1_after_mlp_merge:
  F_magnitude         : R² (all) = 0.3150, R² (last) = 0.6929
  F_direction_x       : R² (all) = 0.9873, R² (last) = 0.9964
  F_direction_y       : R² (all) = 0.9845, R² (last) = 0.9969
  Fx                  : R² (all) = 0.4413, R² (last) = 0.7227
  Fy                  : R² (all) = 0.4404, R² (last) = 0.6982
  r                   : R² (all) = 0.6935, R² (last) = 0.9861
  inv_r               : R² (all) = 0.5646, R² (last) = 0.9078
  r_squared           : R² (all) = 0.6156, R² (last) = 0.9735
  inv_r_squared       : R² (all) = 0.3150, R² (last) = 0.6929
  inv_r_cubed         : R² (all) = 0.1332, R² (last) = 0.4915
  x                   : R² (all) = 0.9979, R² (last) = 0.9998
  y                   : R² (all) = 0.9968, R² (last) = 0.9999

after_ln_f:
  F_magnitude         : R² (all) = 0.2916, R² (last) = 0.6677
  F_direction_x       : R² (all) = 0.9812, R² (last) = 0.9938
  F_direction_y       : R² (all) = 0.9790, R² (last) = 0.9952
  Fx                  : R² (all) = 0.4132, R² (last) = 0.6600
  Fy                  : R² (all) = 0.4109, R² (last) = 0.6728
  r                   : R² (all) = 0.6919, R² (last) = 0.9802
  inv_r               : R² (all) = 0.5237, R² (last) = 0.8935
  r_squared           : R² (all) = 0.6367, R² (last) = 0.9665
  inv_r_squared       : R² (all) = 0.2916, R² (last) = 0.6677
  inv_r_cubed         : R² (all) = 0.1318, R² (last) = 0.4629
  x                   : R² (all) = 0.9990, R² (last) = 0.9997
  y                   : R² (all) = 0.9988, R² (last) = 0.9998
Evaluating on 500 trajectories...
Conditioning length: 50, Generating 50 more steps per trajectory...

Error Statistics (aggregated across all 500 trajectories):
Mean position error: 0.175289 ± 0.189581
Max position error: 1.399164
R² scores:
  X coordinate: 0.938666 ± 0.093473
  Y coordinate: 0.944492 ± 0.087719
Evaluating on 500 trajectories...
Conditioning length: 50, Generating 50 more steps per trajectory...

Error Statistics (aggregated across all 500 trajectories):
Mean position error: 0.164051 ± 0.187911
Max position error: 1.505261
R² scores:
  X coordinate: 0.948127 ± 0.098068
  Y coordinate: 0.946069 ± 0.112842
Evaluation at step 7001 completed.

Step 7100, Total Train Loss: 0.004061, Prediction Loss: 0.003328, Test Loss: 0.001122, Attention Entropy: 0.7330, Entropy Reg Loss: 0.000733, Entropy Reg Active: True, GPU Memory: 0.000 GB
Step 7200, Total Train Loss: 0.004107, Prediction Loss: 0.003368, Test Loss: 0.000754, Attention Entropy: 0.7393, Entropy Reg Loss: 0.000739, Entropy Reg Active: True, GPU Memory: 0.000 GB
Step 7300, Total Train Loss: 0.004171, Prediction Loss: 0.003431, Test Loss: 0.000787, Attention Entropy: 0.7405, Entropy Reg Loss: 0.000740, Entropy Reg Active: True, GPU Memory: 0.000 GB
Step 7400, Total Train Loss: 0.003920, Prediction Loss: 0.003181, Test Loss: 0.000634, Attention Entropy: 0.7389, Entropy Reg Loss: 0.000739, Entropy Reg Active: True, GPU Memory: 0.000 GB
Step 7500, Total Train Loss: 0.003986, Prediction Loss: 0.003246, Test Loss: 0.000909, Attention Entropy: 0.7401, Entropy Reg Loss: 0.000740, Entropy Reg Active: True, GPU Memory: 0.000 GB
Step 7600, Total Train Loss: 0.003783, Prediction Loss: 0.003043, Test Loss: 0.000978, Attention Entropy: 0.7407, Entropy Reg Loss: 0.000741, Entropy Reg Active: True, GPU Memory: 0.000 GB
Step 7700, Total Train Loss: 0.003876, Prediction Loss: 0.003135, Test Loss: 0.000912, Attention Entropy: 0.7412, Entropy Reg Loss: 0.000741, Entropy Reg Active: True, GPU Memory: 0.000 GB
Step 7800, Total Train Loss: 0.003674, Prediction Loss: 0.002931, Test Loss: 0.000701, Attention Entropy: 0.7424, Entropy Reg Loss: 0.000742, Entropy Reg Active: True, GPU Memory: 0.000 GB
Step 7900, Total Train Loss: 0.003982, Prediction Loss: 0.003236, Test Loss: 0.001275, Attention Entropy: 0.7460, Entropy Reg Loss: 0.000746, Entropy Reg Active: True, GPU Memory: 0.000 GB
Step 8000, Total Train Loss: 0.003811, Prediction Loss: 0.003068, Test Loss: 0.000730, Attention Entropy: 0.7429, Entropy Reg Loss: 0.000743, Entropy Reg Active: True, GPU Memory: 0.000 GB

Evaluating at step 8001...
Activations collected:
  input_embed: torch.Size([1000, 99, 32])
  after_pos_emb: torch.Size([1000, 99, 32])
  block_0_attn_output: torch.Size([1000, 99, 32])
  block_0_after_attn_merge: torch.Size([1000, 99, 32])
  block_0_mlp_hidden: torch.Size([1000, 99, 128])
  block_0_mlp_output: torch.Size([1000, 99, 32])
  block_0_after_mlp_merge: torch.Size([1000, 99, 32])
  block_1_attn_output: torch.Size([1000, 99, 32])
  block_1_after_attn_merge: torch.Size([1000, 99, 32])
  block_1_mlp_hidden: torch.Size([1000, 99, 128])
  block_1_mlp_output: torch.Size([1000, 99, 32])
  block_1_after_mlp_merge: torch.Size([1000, 99, 32])
  after_ln_f: torch.Size([1000, 99, 32])

Linear Probe Results (R² scores):
================================================================================

input_embed:
  F_magnitude         : R² (all) = 0.0006, R² (last) = 0.0011
  F_direction_x       : R² (all) = 0.8263, R² (last) = 0.8274
  F_direction_y       : R² (all) = 0.8203, R² (last) = 0.8166
  Fx                  : R² (all) = 0.0646, R² (last) = 0.0738
  Fy                  : R² (all) = 0.0635, R² (last) = 0.0559
  r                   : R² (all) = 0.0062, R² (last) = 0.0081
  inv_r               : R² (all) = 0.0021, R² (last) = 0.0034
  r_squared           : R² (all) = 0.0072, R² (last) = 0.0090
  inv_r_squared       : R² (all) = 0.0006, R² (last) = 0.0011
  inv_r_cubed         : R² (all) = 0.0001, R² (last) = 0.0003
  x                   : R² (all) = 1.0000, R² (last) = 1.0000
  y                   : R² (all) = 1.0000, R² (last) = 1.0000

after_pos_emb:
  F_magnitude         : R² (all) = 0.0433, R² (last) = 0.0011
  F_direction_x       : R² (all) = 0.8264, R² (last) = 0.8274
  F_direction_y       : R² (all) = 0.8204, R² (last) = 0.8166
  Fx                  : R² (all) = 0.0652, R² (last) = 0.0738
  Fy                  : R² (all) = 0.0638, R² (last) = 0.0559
  r                   : R² (all) = 0.0758, R² (last) = 0.0081
  inv_r               : R² (all) = 0.0558, R² (last) = 0.0034
  r_squared           : R² (all) = 0.0843, R² (last) = 0.0090
  inv_r_squared       : R² (all) = 0.0433, R² (last) = 0.0011
  inv_r_cubed         : R² (all) = 0.0299, R² (last) = 0.0003
  x                   : R² (all) = 1.0000, R² (last) = 1.0000
  y                   : R² (all) = 1.0000, R² (last) = 1.0000

block_0_attn_output:
  F_magnitude         : R² (all) = 0.2720, R² (last) = 0.6681
  F_direction_x       : R² (all) = 0.8738, R² (last) = 0.9165
  F_direction_y       : R² (all) = 0.8676, R² (last) = 0.9556
  Fx                  : R² (all) = 0.0803, R² (last) = 0.1709
  Fy                  : R² (all) = 0.0776, R² (last) = 0.2582
  r                   : R² (all) = 0.9218, R² (last) = 0.9942
  inv_r               : R² (all) = 0.6084, R² (last) = 0.9148
  r_squared           : R² (all) = 0.8461, R² (last) = 0.9910
  inv_r_squared       : R² (all) = 0.2720, R² (last) = 0.6682
  inv_r_cubed         : R² (all) = 0.0957, R² (last) = 0.4025
  x                   : R² (all) = 0.9481, R² (last) = 0.9835
  y                   : R² (all) = 0.9492, R² (last) = 0.9837

block_0_after_attn_merge:
  F_magnitude         : R² (all) = 0.4150, R² (last) = 0.7461
  F_direction_x       : R² (all) = 0.9684, R² (last) = 0.9627
  F_direction_y       : R² (all) = 0.9676, R² (last) = 0.9782
  Fx                  : R² (all) = 0.1894, R² (last) = 0.0290
  Fy                  : R² (all) = 0.1936, R² (last) = 0.3039
  r                   : R² (all) = 0.7926, R² (last) = 0.8249
  inv_r               : R² (all) = 0.7405, R² (last) = 0.9595
  r_squared           : R² (all) = 0.6460, R² (last) = 0.8356
  inv_r_squared       : R² (all) = 0.4150, R² (last) = 0.7460
  inv_r_cubed         : R² (all) = 0.1818, R² (last) = 0.4853
  x                   : R² (all) = 0.9593, R² (last) = 0.9656
  y                   : R² (all) = 0.9593, R² (last) = 0.9919

block_0_mlp_hidden:
  F_magnitude         : R² (all) = 0.6469, R² (last) = 0.9616
  F_direction_x       : R² (all) = 0.9895, R² (last) = 0.9996
  F_direction_y       : R² (all) = 0.9889, R² (last) = 0.9995
  Fx                  : R² (all) = 0.4495, R² (last) = 0.9447
  Fy                  : R² (all) = 0.4399, R² (last) = 0.9348
  r                   : R² (all) = 0.9822, R² (last) = 0.9999
  inv_r               : R² (all) = 0.9079, R² (last) = 0.9928
  r_squared           : R² (all) = 0.9534, R² (last) = 0.9998
  inv_r_squared       : R² (all) = 0.6469, R² (last) = 0.9616
  inv_r_cubed         : R² (all) = 0.3813, R² (last) = 0.9063
  x                   : R² (all) = 0.9903, R² (last) = 1.0000
  y                   : R² (all) = 0.9909, R² (last) = 1.0000

block_0_mlp_output:
  F_magnitude         : R² (all) = 0.5122, R² (last) = 0.7884
  F_direction_x       : R² (all) = 0.9764, R² (last) = 0.9960
  F_direction_y       : R² (all) = 0.9729, R² (last) = 0.9955
  Fx                  : R² (all) = 0.2778, R² (last) = 0.6532
  Fy                  : R² (all) = 0.2515, R² (last) = 0.6089
  r                   : R² (all) = 0.8305, R² (last) = 0.9985
  inv_r               : R² (all) = 0.8129, R² (last) = 0.9516
  r_squared           : R² (all) = 0.7239, R² (last) = 0.9910
  inv_r_squared       : R² (all) = 0.5122, R² (last) = 0.7884
  inv_r_cubed         : R² (all) = 0.2464, R² (last) = 0.5805
  x                   : R² (all) = 0.9646, R² (last) = 0.9991
  y                   : R² (all) = 0.9640, R² (last) = 0.9990

block_0_after_mlp_merge:
  F_magnitude         : R² (all) = 0.3040, R² (last) = 0.8156
  F_direction_x       : R² (all) = 0.9863, R² (last) = 0.9959
  F_direction_y       : R² (all) = 0.9842, R² (last) = 0.9955
  Fx                  : R² (all) = 0.3477, R² (last) = 0.6694
  Fy                  : R² (all) = 0.3471, R² (last) = 0.6856
  r                   : R² (all) = 0.7280, R² (last) = 0.9997
  inv_r               : R² (all) = 0.5776, R² (last) = 0.9604
  r_squared           : R² (all) = 0.6462, R² (last) = 0.9983
  inv_r_squared       : R² (all) = 0.3040, R² (last) = 0.8156
  inv_r_cubed         : R² (all) = 0.1298, R² (last) = 0.6231
  x                   : R² (all) = 0.9998, R² (last) = 1.0000
  y                   : R² (all) = 0.9996, R² (last) = 1.0000

block_1_attn_output:
  F_magnitude         : R² (all) = 0.3867, R² (last) = 0.6291
  F_direction_x       : R² (all) = 0.8859, R² (last) = 0.9781
  F_direction_y       : R² (all) = 0.8813, R² (last) = 0.9704
  Fx                  : R² (all) = 0.3022, R² (last) = 0.5394
  Fy                  : R² (all) = 0.2889, R² (last) = 0.4502
  r                   : R² (all) = 0.8227, R² (last) = 0.9265
  inv_r               : R² (all) = 0.6741, R² (last) = 0.8641
  r_squared           : R² (all) = 0.7335, R² (last) = 0.8780
  inv_r_squared       : R² (all) = 0.3867, R² (last) = 0.6292
  inv_r_cubed         : R² (all) = 0.1886, R² (last) = 0.3798
  x                   : R² (all) = 0.9145, R² (last) = 0.9696
  y                   : R² (all) = 0.9091, R² (last) = 0.9729

block_1_after_attn_merge:
  F_magnitude         : R² (all) = 0.4240, R² (last) = 0.8042
  F_direction_x       : R² (all) = 0.9867, R² (last) = 0.9975
  F_direction_y       : R² (all) = 0.9869, R² (last) = 0.9972
  Fx                  : R² (all) = 0.4504, R² (last) = 0.7466
  Fy                  : R² (all) = 0.4797, R² (last) = 0.7831
  r                   : R² (all) = 0.6689, R² (last) = 0.9912
  inv_r               : R² (all) = 0.6940, R² (last) = 0.9579
  r_squared           : R² (all) = 0.5389, R² (last) = 0.9717
  inv_r_squared       : R² (all) = 0.4240, R² (last) = 0.8042
  inv_r_cubed         : R² (all) = 0.1909, R² (last) = 0.5868
  x                   : R² (all) = 0.9950, R² (last) = 0.9996
  y                   : R² (all) = 0.9958, R² (last) = 0.9997

block_1_mlp_hidden:
  F_magnitude         : R² (all) = 0.7078, R² (last) = 0.9865
  F_direction_x       : R² (all) = 0.9943, R² (last) = 0.9996
  F_direction_y       : R² (all) = 0.9941, R² (last) = 0.9996
  Fx                  : R² (all) = 0.5870, R² (last) = 0.9586
  Fy                  : R² (all) = 0.5997, R² (last) = 0.9671
  r                   : R² (all) = 0.9856, R² (last) = 0.9998
  inv_r               : R² (all) = 0.9164, R² (last) = 0.9977
  r_squared           : R² (all) = 0.9810, R² (last) = 0.9995
  inv_r_squared       : R² (all) = 0.7078, R² (last) = 0.9865
  inv_r_cubed         : R² (all) = 0.4467, R² (last) = 0.9658
  x                   : R² (all) = 0.9976, R² (last) = 0.9999
  y                   : R² (all) = 0.9980, R² (last) = 0.9999

block_1_mlp_output:
  F_magnitude         : R² (all) = 0.4724, R² (last) = 0.7662
  F_direction_x       : R² (all) = 0.9842, R² (last) = 0.9963
  F_direction_y       : R² (all) = 0.9779, R² (last) = 0.9954
  Fx                  : R² (all) = 0.4612, R² (last) = 0.7015
  Fy                  : R² (all) = 0.4502, R² (last) = 0.7239
  r                   : R² (all) = 0.8178, R² (last) = 0.9351
  inv_r               : R² (all) = 0.7513, R² (last) = 0.9458
  r_squared           : R² (all) = 0.7384, R² (last) = 0.9023
  inv_r_squared       : R² (all) = 0.4724, R² (last) = 0.7662
  inv_r_cubed         : R² (all) = 0.2198, R² (last) = 0.5258
  x                   : R² (all) = 0.9879, R² (last) = 0.9978
  y                   : R² (all) = 0.9878, R² (last) = 0.9981

block_1_after_mlp_merge:
  F_magnitude         : R² (all) = 0.3475, R² (last) = 0.7291
  F_direction_x       : R² (all) = 0.9860, R² (last) = 0.9972
  F_direction_y       : R² (all) = 0.9841, R² (last) = 0.9965
  Fx                  : R² (all) = 0.4252, R² (last) = 0.7759
  Fy                  : R² (all) = 0.4071, R² (last) = 0.7489
  r                   : R² (all) = 0.6857, R² (last) = 0.9840
  inv_r               : R² (all) = 0.5900, R² (last) = 0.9222
  r_squared           : R² (all) = 0.6042, R² (last) = 0.9714
  inv_r_squared       : R² (all) = 0.3475, R² (last) = 0.7291
  inv_r_cubed         : R² (all) = 0.1635, R² (last) = 0.4986
  x                   : R² (all) = 0.9978, R² (last) = 0.9998
  y                   : R² (all) = 0.9968, R² (last) = 0.9999

after_ln_f:
  F_magnitude         : R² (all) = 0.3258, R² (last) = 0.6861
  F_direction_x       : R² (all) = 0.9787, R² (last) = 0.9947
  F_direction_y       : R² (all) = 0.9783, R² (last) = 0.9944
  Fx                  : R² (all) = 0.3935, R² (last) = 0.7301
  Fy                  : R² (all) = 0.3815, R² (last) = 0.7102
  r                   : R² (all) = 0.6993, R² (last) = 0.9782
  inv_r               : R² (all) = 0.5583, R² (last) = 0.9009
  r_squared           : R² (all) = 0.6365, R² (last) = 0.9613
  inv_r_squared       : R² (all) = 0.3258, R² (last) = 0.6861
  inv_r_cubed         : R² (all) = 0.1606, R² (last) = 0.4462
  x                   : R² (all) = 0.9990, R² (last) = 0.9997
  y                   : R² (all) = 0.9988, R² (last) = 0.9997
Evaluating on 500 trajectories...
Conditioning length: 50, Generating 50 more steps per trajectory...

Error Statistics (aggregated across all 500 trajectories):
Mean position error: 0.150351 ± 0.168695
Max position error: 1.545735
R² scores:
  X coordinate: 0.950135 ± 0.083287
  Y coordinate: 0.951398 ± 0.085825
Evaluating on 500 trajectories...
Conditioning length: 50, Generating 50 more steps per trajectory...

Error Statistics (aggregated across all 500 trajectories):
Mean position error: 0.160575 ± 0.179527
Max position error: 1.401341
R² scores:
  X coordinate: 0.942537 ± 0.103575
  Y coordinate: 0.945542 ± 0.108525
Evaluation at step 8001 completed.

Step 8100, Total Train Loss: 0.003702, Prediction Loss: 0.002960, Test Loss: 0.000958, Attention Entropy: 0.7424, Entropy Reg Loss: 0.000742, Entropy Reg Active: True, GPU Memory: 0.000 GB
Step 8200, Total Train Loss: 0.003923, Prediction Loss: 0.003181, Test Loss: 0.000737, Attention Entropy: 0.7426, Entropy Reg Loss: 0.000743, Entropy Reg Active: True, GPU Memory: 0.000 GB
Step 8300, Total Train Loss: 0.004397, Prediction Loss: 0.003657, Test Loss: 0.000985, Attention Entropy: 0.7408, Entropy Reg Loss: 0.000741, Entropy Reg Active: True, GPU Memory: 0.000 GB
Step 8400, Total Train Loss: 0.003789, Prediction Loss: 0.003046, Test Loss: 0.000932, Attention Entropy: 0.7433, Entropy Reg Loss: 0.000743, Entropy Reg Active: True, GPU Memory: 0.000 GB
Step 8500, Total Train Loss: 0.003926, Prediction Loss: 0.003181, Test Loss: 0.000683, Attention Entropy: 0.7451, Entropy Reg Loss: 0.000745, Entropy Reg Active: True, GPU Memory: 0.000 GB
Step 8600, Total Train Loss: 0.003720, Prediction Loss: 0.002976, Test Loss: 0.000729, Attention Entropy: 0.7444, Entropy Reg Loss: 0.000744, Entropy Reg Active: True, GPU Memory: 0.000 GB
Step 8700, Total Train Loss: 0.004397, Prediction Loss: 0.003651, Test Loss: 0.001167, Attention Entropy: 0.7454, Entropy Reg Loss: 0.000745, Entropy Reg Active: True, GPU Memory: 0.000 GB
Step 8800, Total Train Loss: 0.003637, Prediction Loss: 0.002891, Test Loss: 0.000623, Attention Entropy: 0.7462, Entropy Reg Loss: 0.000746, Entropy Reg Active: True, GPU Memory: 0.000 GB
Step 8900, Total Train Loss: 0.003837, Prediction Loss: 0.003093, Test Loss: 0.000665, Attention Entropy: 0.7441, Entropy Reg Loss: 0.000744, Entropy Reg Active: True, GPU Memory: 0.000 GB
Step 9000, Total Train Loss: 0.003772, Prediction Loss: 0.003024, Test Loss: 0.000776, Attention Entropy: 0.7475, Entropy Reg Loss: 0.000747, Entropy Reg Active: True, GPU Memory: 0.000 GB

Evaluating at step 9001...
Activations collected:
  input_embed: torch.Size([1000, 99, 32])
  after_pos_emb: torch.Size([1000, 99, 32])
  block_0_attn_output: torch.Size([1000, 99, 32])
  block_0_after_attn_merge: torch.Size([1000, 99, 32])
  block_0_mlp_hidden: torch.Size([1000, 99, 128])
  block_0_mlp_output: torch.Size([1000, 99, 32])
  block_0_after_mlp_merge: torch.Size([1000, 99, 32])
  block_1_attn_output: torch.Size([1000, 99, 32])
  block_1_after_attn_merge: torch.Size([1000, 99, 32])
  block_1_mlp_hidden: torch.Size([1000, 99, 128])
  block_1_mlp_output: torch.Size([1000, 99, 32])
  block_1_after_mlp_merge: torch.Size([1000, 99, 32])
  after_ln_f: torch.Size([1000, 99, 32])

Linear Probe Results (R² scores):
================================================================================

input_embed:
  F_magnitude         : R² (all) = 0.0000, R² (last) = 0.0018
  F_direction_x       : R² (all) = 0.8243, R² (last) = 0.8296
  F_direction_y       : R² (all) = 0.8277, R² (last) = 0.8297
  Fx                  : R² (all) = 0.0634, R² (last) = 0.1245
  Fy                  : R² (all) = 0.0635, R² (last) = 0.0881
  r                   : R² (all) = 0.0002, R² (last) = 0.0042
  inv_r               : R² (all) = 0.0001, R² (last) = 0.0030
  r_squared           : R² (all) = 0.0002, R² (last) = 0.0041
  inv_r_squared       : R² (all) = 0.0000, R² (last) = 0.0018
  inv_r_cubed         : R² (all) = 0.0000, R² (last) = 0.0010
  x                   : R² (all) = 1.0000, R² (last) = 1.0000
  y                   : R² (all) = 1.0000, R² (last) = 1.0000

after_pos_emb:
  F_magnitude         : R² (all) = 0.0418, R² (last) = 0.0018
  F_direction_x       : R² (all) = 0.8244, R² (last) = 0.8296
  F_direction_y       : R² (all) = 0.8277, R² (last) = 0.8297
  Fx                  : R² (all) = 0.0638, R² (last) = 0.1245
  Fy                  : R² (all) = 0.0638, R² (last) = 0.0881
  r                   : R² (all) = 0.0674, R² (last) = 0.0043
  inv_r               : R² (all) = 0.0523, R² (last) = 0.0030
  r_squared           : R² (all) = 0.0760, R² (last) = 0.0041
  inv_r_squared       : R² (all) = 0.0418, R² (last) = 0.0018
  inv_r_cubed         : R² (all) = 0.0252, R² (last) = 0.0010
  x                   : R² (all) = 1.0000, R² (last) = 1.0000
  y                   : R² (all) = 1.0000, R² (last) = 1.0000

block_0_attn_output:
  F_magnitude         : R² (all) = 0.2852, R² (last) = 0.8558
  F_direction_x       : R² (all) = 0.8702, R² (last) = 0.9079
  F_direction_y       : R² (all) = 0.8668, R² (last) = 0.9298
  Fx                  : R² (all) = 0.0781, R² (last) = 0.2605
  Fy                  : R² (all) = 0.0760, R² (last) = 0.2725
  r                   : R² (all) = 0.9205, R² (last) = 0.9942
  inv_r               : R² (all) = 0.6232, R² (last) = 0.9591
  r_squared           : R² (all) = 0.8406, R² (last) = 0.9915
  inv_r_squared       : R² (all) = 0.2852, R² (last) = 0.8560
  inv_r_cubed         : R² (all) = 0.0893, R² (last) = 0.7023
  x                   : R² (all) = 0.9489, R² (last) = 0.9843
  y                   : R² (all) = 0.9479, R² (last) = 0.9828

block_0_after_attn_merge:
  F_magnitude         : R² (all) = 0.4214, R² (last) = 0.9111
  F_direction_x       : R² (all) = 0.9681, R² (last) = 0.9396
  F_direction_y       : R² (all) = 0.9670, R² (last) = 0.7159
  Fx                  : R² (all) = 0.1917, R² (last) = 0.4530
  Fy                  : R² (all) = 0.1909, R² (last) = -3.7094
  r                   : R² (all) = 0.7953, R² (last) = 0.7873
  inv_r               : R² (all) = 0.7502, R² (last) = 0.9828
  r_squared           : R² (all) = 0.6444, R² (last) = 0.6666
  inv_r_squared       : R² (all) = 0.4214, R² (last) = 0.9113
  inv_r_cubed         : R² (all) = 0.1613, R² (last) = 0.7800
  x                   : R² (all) = 0.9587, R² (last) = 0.7493
  y                   : R² (all) = 0.9578, R² (last) = 0.8466

block_0_mlp_hidden:
  F_magnitude         : R² (all) = 0.6456, R² (last) = 0.8853
  F_direction_x       : R² (all) = 0.9889, R² (last) = 0.9988
  F_direction_y       : R² (all) = 0.9883, R² (last) = 0.9996
  Fx                  : R² (all) = 0.4525, R² (last) = 0.8488
  Fy                  : R² (all) = 0.4402, R² (last) = 0.9580
  r                   : R² (all) = 0.9820, R² (last) = 0.9997
  inv_r               : R² (all) = 0.9146, R² (last) = 0.9775
  r_squared           : R² (all) = 0.9514, R² (last) = 0.9994
  inv_r_squared       : R² (all) = 0.6456, R² (last) = 0.8853
  inv_r_cubed         : R² (all) = 0.3311, R² (last) = 0.6887
  x                   : R² (all) = 0.9897, R² (last) = 1.0000
  y                   : R² (all) = 0.9894, R² (last) = 0.9999

block_0_mlp_output:
  F_magnitude         : R² (all) = 0.5114, R² (last) = 0.8983
  F_direction_x       : R² (all) = 0.9768, R² (last) = 0.9972
  F_direction_y       : R² (all) = 0.9734, R² (last) = 0.9958
  Fx                  : R² (all) = 0.2884, R² (last) = 0.8110
  Fy                  : R² (all) = 0.2636, R² (last) = 0.7409
  r                   : R² (all) = 0.8079, R² (last) = 0.9988
  inv_r               : R² (all) = 0.8164, R² (last) = 0.9722
  r_squared           : R² (all) = 0.6940, R² (last) = 0.9923
  inv_r_squared       : R² (all) = 0.5114, R² (last) = 0.8983
  inv_r_cubed         : R² (all) = 0.2122, R² (last) = 0.7819
  x                   : R² (all) = 0.9635, R² (last) = 0.9992
  y                   : R² (all) = 0.9626, R² (last) = 0.9991

block_0_after_mlp_merge:
  F_magnitude         : R² (all) = 0.3122, R² (last) = 0.9215
  F_direction_x       : R² (all) = 0.9862, R² (last) = 0.9963
  F_direction_y       : R² (all) = 0.9842, R² (last) = 0.9958
  Fx                  : R² (all) = 0.3625, R² (last) = 0.8080
  Fy                  : R² (all) = 0.3583, R² (last) = 0.7873
  r                   : R² (all) = 0.7526, R² (last) = 0.9997
  inv_r               : R² (all) = 0.5906, R² (last) = 0.9797
  r_squared           : R² (all) = 0.6741, R² (last) = 0.9981
  inv_r_squared       : R² (all) = 0.3122, R² (last) = 0.9215
  inv_r_cubed         : R² (all) = 0.1163, R² (last) = 0.8211
  x                   : R² (all) = 0.9998, R² (last) = 1.0000
  y                   : R² (all) = 0.9996, R² (last) = 1.0000

block_1_attn_output:
  F_magnitude         : R² (all) = 0.3982, R² (last) = 0.8242
  F_direction_x       : R² (all) = 0.8804, R² (last) = 0.9809
  F_direction_y       : R² (all) = 0.8847, R² (last) = 0.9748
  Fx                  : R² (all) = 0.3152, R² (last) = 0.7000
  Fy                  : R² (all) = 0.2945, R² (last) = 0.5938
  r                   : R² (all) = 0.8183, R² (last) = 0.9216
  inv_r               : R² (all) = 0.6871, R² (last) = 0.9151
  r_squared           : R² (all) = 0.7353, R² (last) = 0.8699
  inv_r_squared       : R² (all) = 0.3982, R² (last) = 0.8242
  inv_r_cubed         : R² (all) = 0.1632, R² (last) = 0.6878
  x                   : R² (all) = 0.9123, R² (last) = 0.9715
  y                   : R² (all) = 0.9150, R² (last) = 0.9734

block_1_after_attn_merge:
  F_magnitude         : R² (all) = 0.4217, R² (last) = 0.9266
  F_direction_x       : R² (all) = 0.9864, R² (last) = 0.9979
  F_direction_y       : R² (all) = 0.9871, R² (last) = 0.9974
  Fx                  : R² (all) = 0.4585, R² (last) = 0.8413
  Fy                  : R² (all) = 0.4897, R² (last) = 0.8385
  r                   : R² (all) = 0.6858, R² (last) = 0.9933
  inv_r               : R² (all) = 0.6963, R² (last) = 0.9819
  r_squared           : R² (all) = 0.5568, R² (last) = 0.9740
  inv_r_squared       : R² (all) = 0.4217, R² (last) = 0.9266
  inv_r_cubed         : R² (all) = 0.1630, R² (last) = 0.8227
  x                   : R² (all) = 0.9951, R² (last) = 0.9996
  y                   : R² (all) = 0.9958, R² (last) = 0.9996

block_1_mlp_hidden:
  F_magnitude         : R² (all) = 0.6988, R² (last) = 0.9944
  F_direction_x       : R² (all) = 0.9943, R² (last) = 0.9997
  F_direction_y       : R² (all) = 0.9942, R² (last) = 0.9996
  Fx                  : R² (all) = 0.6085, R² (last) = 0.9763
  Fy                  : R² (all) = 0.6132, R² (last) = 0.9800
  r                   : R² (all) = 0.9837, R² (last) = 0.9998
  inv_r               : R² (all) = 0.9247, R² (last) = 0.9987
  r_squared           : R² (all) = 0.9772, R² (last) = 0.9995
  inv_r_squared       : R² (all) = 0.6988, R² (last) = 0.9944
  inv_r_cubed         : R² (all) = 0.3776, R² (last) = 0.9833
  x                   : R² (all) = 0.9973, R² (last) = 0.9999
  y                   : R² (all) = 0.9980, R² (last) = 0.9999

block_1_mlp_output:
  F_magnitude         : R² (all) = 0.4737, R² (last) = 0.9125
  F_direction_x       : R² (all) = 0.9832, R² (last) = 0.9967
  F_direction_y       : R² (all) = 0.9767, R² (last) = 0.9959
  Fx                  : R² (all) = 0.4732, R² (last) = 0.8520
  Fy                  : R² (all) = 0.4617, R² (last) = 0.7890
  r                   : R² (all) = 0.8247, R² (last) = 0.9375
  inv_r               : R² (all) = 0.7671, R² (last) = 0.9668
  r_squared           : R² (all) = 0.7426, R² (last) = 0.9079
  inv_r_squared       : R² (all) = 0.4737, R² (last) = 0.9125
  inv_r_cubed         : R² (all) = 0.1825, R² (last) = 0.7991
  x                   : R² (all) = 0.9870, R² (last) = 0.9976
  y                   : R² (all) = 0.9868, R² (last) = 0.9979

block_1_after_mlp_merge:
  F_magnitude         : R² (all) = 0.3487, R² (last) = 0.8604
  F_direction_x       : R² (all) = 0.9857, R² (last) = 0.9973
  F_direction_y       : R² (all) = 0.9843, R² (last) = 0.9965
  Fx                  : R² (all) = 0.4463, R² (last) = 0.8507
  Fy                  : R² (all) = 0.4191, R² (last) = 0.8313
  r                   : R² (all) = 0.7039, R² (last) = 0.9784
  inv_r               : R² (all) = 0.6067, R² (last) = 0.9436
  r_squared           : R² (all) = 0.6192, R² (last) = 0.9657
  inv_r_squared       : R² (all) = 0.3487, R² (last) = 0.8604
  inv_r_cubed         : R² (all) = 0.1369, R² (last) = 0.7380
  x                   : R² (all) = 0.9977, R² (last) = 0.9998
  y                   : R² (all) = 0.9969, R² (last) = 0.9999

after_ln_f:
  F_magnitude         : R² (all) = 0.3240, R² (last) = 0.8389
  F_direction_x       : R² (all) = 0.9778, R² (last) = 0.9945
  F_direction_y       : R² (all) = 0.9778, R² (last) = 0.9946
  Fx                  : R² (all) = 0.4054, R² (last) = 0.7971
  Fy                  : R² (all) = 0.3897, R² (last) = 0.7961
  r                   : R² (all) = 0.7230, R² (last) = 0.9800
  inv_r               : R² (all) = 0.5786, R² (last) = 0.9343
  r_squared           : R² (all) = 0.6541, R² (last) = 0.9633
  inv_r_squared       : R² (all) = 0.3240, R² (last) = 0.8389
  inv_r_cubed         : R² (all) = 0.1308, R² (last) = 0.7041
  x                   : R² (all) = 0.9991, R² (last) = 0.9998
  y                   : R² (all) = 0.9989, R² (last) = 0.9998
Evaluating on 500 trajectories...
Conditioning length: 50, Generating 50 more steps per trajectory...

Error Statistics (aggregated across all 500 trajectories):
Mean position error: 0.169690 ± 0.145458
Max position error: 1.493086
R² scores:
  X coordinate: 0.932010 ± 0.098657
  Y coordinate: 0.925481 ± 0.104873
Evaluating on 500 trajectories...
Conditioning length: 50, Generating 50 more steps per trajectory...

Error Statistics (aggregated across all 500 trajectories):
Mean position error: 0.158796 ± 0.136762
Max position error: 0.992835
R² scores:
  X coordinate: 0.939616 ± 0.091663
  Y coordinate: 0.935815 ± 0.091612
Evaluation at step 9001 completed.

Step 9100, Total Train Loss: 0.003781, Prediction Loss: 0.003037, Test Loss: 0.000772, Attention Entropy: 0.7437, Entropy Reg Loss: 0.000744, Entropy Reg Active: True, GPU Memory: 0.000 GB
Step 9200, Total Train Loss: 0.003773, Prediction Loss: 0.003029, Test Loss: 0.000679, Attention Entropy: 0.7436, Entropy Reg Loss: 0.000744, Entropy Reg Active: True, GPU Memory: 0.000 GB
Step 9300, Total Train Loss: 0.003669, Prediction Loss: 0.002923, Test Loss: 0.000697, Attention Entropy: 0.7458, Entropy Reg Loss: 0.000746, Entropy Reg Active: True, GPU Memory: 0.000 GB
Step 9400, Total Train Loss: 0.003627, Prediction Loss: 0.002884, Test Loss: 0.001098, Attention Entropy: 0.7428, Entropy Reg Loss: 0.000743, Entropy Reg Active: True, GPU Memory: 0.000 GB
Step 9500, Total Train Loss: 0.003906, Prediction Loss: 0.003167, Test Loss: 0.000667, Attention Entropy: 0.7388, Entropy Reg Loss: 0.000739, Entropy Reg Active: True, GPU Memory: 0.000 GB
Step 9600, Total Train Loss: 0.003641, Prediction Loss: 0.002897, Test Loss: 0.000790, Attention Entropy: 0.7448, Entropy Reg Loss: 0.000745, Entropy Reg Active: True, GPU Memory: 0.000 GB
Step 9700, Total Train Loss: 0.003693, Prediction Loss: 0.002944, Test Loss: 0.000740, Attention Entropy: 0.7491, Entropy Reg Loss: 0.000749, Entropy Reg Active: True, GPU Memory: 0.000 GB
Step 9800, Total Train Loss: 0.003812, Prediction Loss: 0.003065, Test Loss: 0.000619, Attention Entropy: 0.7470, Entropy Reg Loss: 0.000747, Entropy Reg Active: True, GPU Memory: 0.000 GB
Step 9900, Total Train Loss: 0.003825, Prediction Loss: 0.003078, Test Loss: 0.000754, Attention Entropy: 0.7466, Entropy Reg Loss: 0.000747, Entropy Reg Active: True, GPU Memory: 0.000 GB
Step 10000, Total Train Loss: 0.003491, Prediction Loss: 0.002743, Test Loss: 0.000539, Attention Entropy: 0.7486, Entropy Reg Loss: 0.000749, Entropy Reg Active: True, GPU Memory: 0.000 GB

Evaluating at step 10001...
Activations collected:
  input_embed: torch.Size([1000, 99, 32])
  after_pos_emb: torch.Size([1000, 99, 32])
  block_0_attn_output: torch.Size([1000, 99, 32])
  block_0_after_attn_merge: torch.Size([1000, 99, 32])
  block_0_mlp_hidden: torch.Size([1000, 99, 128])
  block_0_mlp_output: torch.Size([1000, 99, 32])
  block_0_after_mlp_merge: torch.Size([1000, 99, 32])
  block_1_attn_output: torch.Size([1000, 99, 32])
  block_1_after_attn_merge: torch.Size([1000, 99, 32])
  block_1_mlp_hidden: torch.Size([1000, 99, 128])
  block_1_mlp_output: torch.Size([1000, 99, 32])
  block_1_after_mlp_merge: torch.Size([1000, 99, 32])
  after_ln_f: torch.Size([1000, 99, 32])

Linear Probe Results (R² scores):
================================================================================

input_embed:
  F_magnitude         : R² (all) = 0.0001, R² (last) = 0.0001
  F_direction_x       : R² (all) = 0.8314, R² (last) = 0.8381
  F_direction_y       : R² (all) = 0.8341, R² (last) = 0.8374
  Fx                  : R² (all) = 0.0521, R² (last) = 0.0252
  Fy                  : R² (all) = 0.0562, R² (last) = 0.0816
  r                   : R² (all) = 0.0003, R² (last) = 0.0005
  inv_r               : R² (all) = 0.0002, R² (last) = 0.0001
  r_squared           : R² (all) = 0.0006, R² (last) = 0.0007
  inv_r_squared       : R² (all) = 0.0001, R² (last) = 0.0001
  inv_r_cubed         : R² (all) = 0.0000, R² (last) = 0.0000
  x                   : R² (all) = 1.0000, R² (last) = 1.0000
  y                   : R² (all) = 1.0000, R² (last) = 1.0000

after_pos_emb:
  F_magnitude         : R² (all) = 0.0385, R² (last) = 0.0001
  F_direction_x       : R² (all) = 0.8315, R² (last) = 0.8381
  F_direction_y       : R² (all) = 0.8342, R² (last) = 0.8374
  Fx                  : R² (all) = 0.0526, R² (last) = 0.0252
  Fy                  : R² (all) = 0.0565, R² (last) = 0.0817
  r                   : R² (all) = 0.0692, R² (last) = 0.0005
  inv_r               : R² (all) = 0.0525, R² (last) = 0.0002
  r_squared           : R² (all) = 0.0757, R² (last) = 0.0007
  inv_r_squared       : R² (all) = 0.0385, R² (last) = 0.0001
  inv_r_cubed         : R² (all) = 0.0238, R² (last) = 0.0000
  x                   : R² (all) = 1.0000, R² (last) = 1.0000
  y                   : R² (all) = 1.0000, R² (last) = 1.0000

block_0_attn_output:
  F_magnitude         : R² (all) = 0.2403, R² (last) = 0.4409
  F_direction_x       : R² (all) = 0.8706, R² (last) = 0.9004
  F_direction_y       : R² (all) = 0.8720, R² (last) = 0.9300
  Fx                  : R² (all) = 0.0620, R² (last) = 0.1016
  Fy                  : R² (all) = 0.0673, R² (last) = 0.2385
  r                   : R² (all) = 0.9177, R² (last) = 0.9930
  inv_r               : R² (all) = 0.5953, R² (last) = 0.8666
  r_squared           : R² (all) = 0.8411, R² (last) = 0.9896
  inv_r_squared       : R² (all) = 0.2403, R² (last) = 0.4408
  inv_r_cubed         : R² (all) = 0.0747, R² (last) = 0.1611
  x                   : R² (all) = 0.9483, R² (last) = 0.9808
  y                   : R² (all) = 0.9498, R² (last) = 0.9816

block_0_after_attn_merge:
  F_magnitude         : R² (all) = 0.3719, R² (last) = 0.5419
  F_direction_x       : R² (all) = 0.9675, R² (last) = 0.9780
  F_direction_y       : R² (all) = 0.9679, R² (last) = 0.8501
  Fx                  : R² (all) = 0.1502, R² (last) = 0.2139
  Fy                  : R² (all) = 0.1617, R² (last) = -0.6823
  r                   : R² (all) = 0.8074, R² (last) = 0.9740
  inv_r               : R² (all) = 0.7339, R² (last) = 0.9205
  r_squared           : R² (all) = 0.6574, R² (last) = 0.9765
  inv_r_squared       : R² (all) = 0.3719, R² (last) = 0.5419
  inv_r_cubed         : R² (all) = 0.1442, R² (last) = 0.2438
  x                   : R² (all) = 0.9592, R² (last) = 0.9724
  y                   : R² (all) = 0.9597, R² (last) = 0.7459

block_0_mlp_hidden:
  F_magnitude         : R² (all) = 0.6059, R² (last) = 0.8876
  F_direction_x       : R² (all) = 0.9877, R² (last) = 0.9995
  F_direction_y       : R² (all) = 0.9877, R² (last) = 0.9996
  Fx                  : R² (all) = 0.3547, R² (last) = 0.8450
  Fy                  : R² (all) = 0.3892, R² (last) = 0.8080
  r                   : R² (all) = 0.9826, R² (last) = 1.0000
  inv_r               : R² (all) = 0.8983, R² (last) = 0.9906
  r_squared           : R² (all) = 0.9503, R² (last) = 0.9998
  inv_r_squared       : R² (all) = 0.6059, R² (last) = 0.8874
  inv_r_cubed         : R² (all) = 0.3296, R² (last) = 0.7151
  x                   : R² (all) = 0.9886, R² (last) = 1.0000
  y                   : R² (all) = 0.9885, R² (last) = 1.0000

block_0_mlp_output:
  F_magnitude         : R² (all) = 0.4561, R² (last) = 0.5429
  F_direction_x       : R² (all) = 0.9768, R² (last) = 0.9960
  F_direction_y       : R² (all) = 0.9745, R² (last) = 0.9963
  Fx                  : R² (all) = 0.2292, R² (last) = 0.3890
  Fy                  : R² (all) = 0.2289, R² (last) = 0.6326
  r                   : R² (all) = 0.8037, R² (last) = 0.9989
  inv_r               : R² (all) = 0.7959, R² (last) = 0.8958
  r_squared           : R² (all) = 0.6865, R² (last) = 0.9947
  inv_r_squared       : R² (all) = 0.4561, R² (last) = 0.5429
  inv_r_cubed         : R² (all) = 0.1916, R² (last) = 0.2932
  x                   : R² (all) = 0.9631, R² (last) = 0.9988
  y                   : R² (all) = 0.9638, R² (last) = 0.9991

block_0_after_mlp_merge:
  F_magnitude         : R² (all) = 0.2668, R² (last) = 0.5809
  F_direction_x       : R² (all) = 0.9857, R² (last) = 0.9954
  F_direction_y       : R² (all) = 0.9842, R² (last) = 0.9953
  Fx                  : R² (all) = 0.2888, R² (last) = 0.4176
  Fy                  : R² (all) = 0.3124, R² (last) = 0.6406
  r                   : R² (all) = 0.7484, R² (last) = 0.9996
  inv_r               : R² (all) = 0.5642, R² (last) = 0.9132
  r_squared           : R² (all) = 0.6730, R² (last) = 0.9979
  inv_r_squared       : R² (all) = 0.2668, R² (last) = 0.5809
  inv_r_cubed         : R² (all) = 0.1005, R² (last) = 0.3225
  x                   : R² (all) = 0.9998, R² (last) = 1.0000
  y                   : R² (all) = 0.9997, R² (last) = 1.0000

block_1_attn_output:
  F_magnitude         : R² (all) = 0.3512, R² (last) = 0.4118
  F_direction_x       : R² (all) = 0.8751, R² (last) = 0.9725
  F_direction_y       : R² (all) = 0.8776, R² (last) = 0.9761
  Fx                  : R² (all) = 0.2421, R² (last) = 0.2294
  Fy                  : R² (all) = 0.2508, R² (last) = 0.5481
  r                   : R² (all) = 0.8107, R² (last) = 0.9206
  inv_r               : R² (all) = 0.6600, R² (last) = 0.8120
  r_squared           : R² (all) = 0.7330, R² (last) = 0.8678
  inv_r_squared       : R² (all) = 0.3512, R² (last) = 0.4118
  inv_r_cubed         : R² (all) = 0.1506, R² (last) = 0.1661
  x                   : R² (all) = 0.9100, R² (last) = 0.9652
  y                   : R² (all) = 0.9102, R² (last) = 0.9725

block_1_after_attn_merge:
  F_magnitude         : R² (all) = 0.3586, R² (last) = 0.5560
  F_direction_x       : R² (all) = 0.9858, R² (last) = 0.9962
  F_direction_y       : R² (all) = 0.9868, R² (last) = 0.9971
  Fx                  : R² (all) = 0.3710, R² (last) = 0.4864
  Fy                  : R² (all) = 0.4322, R² (last) = 0.7119
  r                   : R² (all) = 0.6911, R² (last) = 0.9921
  inv_r               : R² (all) = 0.6578, R² (last) = 0.8959
  r_squared           : R² (all) = 0.5717, R² (last) = 0.9700
  inv_r_squared       : R² (all) = 0.3586, R² (last) = 0.5560
  inv_r_cubed         : R² (all) = 0.1408, R² (last) = 0.3276
  x                   : R² (all) = 0.9949, R² (last) = 0.9996
  y                   : R² (all) = 0.9960, R² (last) = 0.9996

block_1_mlp_hidden:
  F_magnitude         : R² (all) = 0.6715, R² (last) = 0.9608
  F_direction_x       : R² (all) = 0.9941, R² (last) = 0.9997
  F_direction_y       : R² (all) = 0.9943, R² (last) = 0.9996
  Fx                  : R² (all) = 0.5379, R² (last) = 0.9308
  Fy                  : R² (all) = 0.5633, R² (last) = 0.9585
  r                   : R² (all) = 0.9808, R² (last) = 0.9998
  inv_r               : R² (all) = 0.9139, R² (last) = 0.9945
  r_squared           : R² (all) = 0.9721, R² (last) = 0.9994
  inv_r_squared       : R² (all) = 0.6715, R² (last) = 0.9608
  inv_r_cubed         : R² (all) = 0.3885, R² (last) = 0.9196
  x                   : R² (all) = 0.9972, R² (last) = 0.9999
  y                   : R² (all) = 0.9981, R² (last) = 0.9999

block_1_mlp_output:
  F_magnitude         : R² (all) = 0.3962, R² (last) = 0.5351
  F_direction_x       : R² (all) = 0.9822, R² (last) = 0.9938
  F_direction_y       : R² (all) = 0.9759, R² (last) = 0.9959
  Fx                  : R² (all) = 0.3667, R² (last) = 0.4153
  Fy                  : R² (all) = 0.3985, R² (last) = 0.6886
  r                   : R² (all) = 0.8166, R² (last) = 0.9319
  inv_r               : R² (all) = 0.7297, R² (last) = 0.8661
  r_squared           : R² (all) = 0.7388, R² (last) = 0.8994
  inv_r_squared       : R² (all) = 0.3962, R² (last) = 0.5351
  inv_r_cubed         : R² (all) = 0.1440, R² (last) = 0.3200
  x                   : R² (all) = 0.9859, R² (last) = 0.9973
  y                   : R² (all) = 0.9859, R² (last) = 0.9974

block_1_after_mlp_merge:
  F_magnitude         : R² (all) = 0.3236, R² (last) = 0.5456
  F_direction_x       : R² (all) = 0.9847, R² (last) = 0.9951
  F_direction_y       : R² (all) = 0.9846, R² (last) = 0.9963
  Fx                  : R² (all) = 0.3664, R² (last) = 0.4504
  Fy                  : R² (all) = 0.3749, R² (last) = 0.7105
  r                   : R² (all) = 0.6907, R² (last) = 0.9663
  inv_r               : R² (all) = 0.6014, R² (last) = 0.8608
  r_squared           : R² (all) = 0.6064, R² (last) = 0.9466
  inv_r_squared       : R² (all) = 0.3236, R² (last) = 0.5456
  inv_r_cubed         : R² (all) = 0.1315, R² (last) = 0.3391
  x                   : R² (all) = 0.9974, R² (last) = 0.9997
  y                   : R² (all) = 0.9971, R² (last) = 0.9999

after_ln_f:
  F_magnitude         : R² (all) = 0.3070, R² (last) = 0.5619
  F_direction_x       : R² (all) = 0.9774, R² (last) = 0.9931
  F_direction_y       : R² (all) = 0.9793, R² (last) = 0.9940
  Fx                  : R² (all) = 0.3388, R² (last) = 0.4644
  Fy                  : R² (all) = 0.3529, R² (last) = 0.6666
  r                   : R² (all) = 0.7155, R² (last) = 0.9765
  inv_r               : R² (all) = 0.5836, R² (last) = 0.8617
  r_squared           : R² (all) = 0.6402, R² (last) = 0.9628
  inv_r_squared       : R² (all) = 0.3070, R² (last) = 0.5618
  inv_r_cubed         : R² (all) = 0.1302, R² (last) = 0.3599
  x                   : R² (all) = 0.9990, R² (last) = 0.9997
  y                   : R² (all) = 0.9990, R² (last) = 0.9998
Evaluating on 500 trajectories...
Conditioning length: 50, Generating 50 more steps per trajectory...

Error Statistics (aggregated across all 500 trajectories):
Mean position error: 0.128020 ± 0.138491
Max position error: 1.273572
R² scores:
  X coordinate: 0.952126 ± 0.100508
  Y coordinate: 0.954507 ± 0.095050
Evaluating on 500 trajectories...
Conditioning length: 50, Generating 50 more steps per trajectory...

Error Statistics (aggregated across all 500 trajectories):
Mean position error: 0.124503 ± 0.129071
Max position error: 1.060779
R² scores:
  X coordinate: 0.951862 ± 0.096317
  Y coordinate: 0.951070 ± 0.097639
Evaluation at step 10001 completed.

Step 10100, Total Train Loss: 0.003327, Prediction Loss: 0.002578, Test Loss: 0.000395, Attention Entropy: 0.7484, Entropy Reg Loss: 0.000748, Entropy Reg Active: True, GPU Memory: 0.000 GB
Step 10200, Total Train Loss: 0.003337, Prediction Loss: 0.002594, Test Loss: 0.000454, Attention Entropy: 0.7435, Entropy Reg Loss: 0.000743, Entropy Reg Active: True, GPU Memory: 0.000 GB
Step 10300, Total Train Loss: 0.003279, Prediction Loss: 0.002527, Test Loss: 0.000523, Attention Entropy: 0.7519, Entropy Reg Loss: 0.000752, Entropy Reg Active: True, GPU Memory: 0.000 GB
Step 10400, Total Train Loss: 0.003447, Prediction Loss: 0.002700, Test Loss: 0.000371, Attention Entropy: 0.7472, Entropy Reg Loss: 0.000747, Entropy Reg Active: True, GPU Memory: 0.000 GB
Step 10500, Total Train Loss: 0.003366, Prediction Loss: 0.002617, Test Loss: 0.000367, Attention Entropy: 0.7484, Entropy Reg Loss: 0.000748, Entropy Reg Active: True, GPU Memory: 0.000 GB
Step 10600, Total Train Loss: 0.003380, Prediction Loss: 0.002631, Test Loss: 0.000401, Attention Entropy: 0.7485, Entropy Reg Loss: 0.000748, Entropy Reg Active: True, GPU Memory: 0.000 GB
Step 10700, Total Train Loss: 0.003414, Prediction Loss: 0.002669, Test Loss: 0.000410, Attention Entropy: 0.7450, Entropy Reg Loss: 0.000745, Entropy Reg Active: True, GPU Memory: 0.000 GB
Step 10800, Total Train Loss: 0.003437, Prediction Loss: 0.002688, Test Loss: 0.000430, Attention Entropy: 0.7486, Entropy Reg Loss: 0.000749, Entropy Reg Active: True, GPU Memory: 0.000 GB
Step 10900, Total Train Loss: 0.003318, Prediction Loss: 0.002566, Test Loss: 0.000397, Attention Entropy: 0.7518, Entropy Reg Loss: 0.000752, Entropy Reg Active: True, GPU Memory: 0.000 GB
Step 11000, Total Train Loss: 0.003221, Prediction Loss: 0.002475, Test Loss: 0.000544, Attention Entropy: 0.7466, Entropy Reg Loss: 0.000747, Entropy Reg Active: True, GPU Memory: 0.000 GB

Evaluating at step 11001...
Activations collected:
  input_embed: torch.Size([1000, 99, 32])
  after_pos_emb: torch.Size([1000, 99, 32])
  block_0_attn_output: torch.Size([1000, 99, 32])
  block_0_after_attn_merge: torch.Size([1000, 99, 32])
  block_0_mlp_hidden: torch.Size([1000, 99, 128])
  block_0_mlp_output: torch.Size([1000, 99, 32])
  block_0_after_mlp_merge: torch.Size([1000, 99, 32])
  block_1_attn_output: torch.Size([1000, 99, 32])
  block_1_after_attn_merge: torch.Size([1000, 99, 32])
  block_1_mlp_hidden: torch.Size([1000, 99, 128])
  block_1_mlp_output: torch.Size([1000, 99, 32])
  block_1_after_mlp_merge: torch.Size([1000, 99, 32])
  after_ln_f: torch.Size([1000, 99, 32])

Linear Probe Results (R² scores):
================================================================================

input_embed:
  F_magnitude         : R² (all) = 0.0001, R² (last) = 0.0009
  F_direction_x       : R² (all) = 0.8299, R² (last) = 0.8263
  F_direction_y       : R² (all) = 0.8241, R² (last) = 0.8276
  Fx                  : R² (all) = 0.0629, R² (last) = 0.0749
  Fy                  : R² (all) = 0.0633, R² (last) = 0.0942
  r                   : R² (all) = 0.0008, R² (last) = 0.0055
  inv_r               : R² (all) = 0.0003, R² (last) = 0.0025
  r_squared           : R² (all) = 0.0010, R² (last) = 0.0056
  inv_r_squared       : R² (all) = 0.0001, R² (last) = 0.0009
  inv_r_cubed         : R² (all) = 0.0000, R² (last) = 0.0001
  x                   : R² (all) = 1.0000, R² (last) = 1.0000
  y                   : R² (all) = 1.0000, R² (last) = 1.0000

after_pos_emb:
  F_magnitude         : R² (all) = 0.0424, R² (last) = 0.0011
  F_direction_x       : R² (all) = 0.8299, R² (last) = 0.8263
  F_direction_y       : R² (all) = 0.8241, R² (last) = 0.8276
  Fx                  : R² (all) = 0.0631, R² (last) = 0.0749
  Fy                  : R² (all) = 0.0634, R² (last) = 0.0943
  r                   : R² (all) = 0.0729, R² (last) = 0.0055
  inv_r               : R² (all) = 0.0551, R² (last) = 0.0026
  r_squared           : R² (all) = 0.0814, R² (last) = 0.0056
  inv_r_squared       : R² (all) = 0.0424, R² (last) = 0.0011
  inv_r_cubed         : R² (all) = 0.0251, R² (last) = 0.0003
  x                   : R² (all) = 1.0000, R² (last) = 1.0000
  y                   : R² (all) = 1.0000, R² (last) = 1.0000

block_0_attn_output:
  F_magnitude         : R² (all) = 0.2725, R² (last) = 0.7970
  F_direction_x       : R² (all) = 0.8697, R² (last) = 0.8936
  F_direction_y       : R² (all) = 0.8637, R² (last) = 0.9228
  Fx                  : R² (all) = 0.0760, R² (last) = 0.1593
  Fy                  : R² (all) = 0.0752, R² (last) = 0.2649
  r                   : R² (all) = 0.9187, R² (last) = 0.9921
  inv_r               : R² (all) = 0.6197, R² (last) = 0.9429
  r_squared           : R² (all) = 0.8412, R² (last) = 0.9893
  inv_r_squared       : R² (all) = 0.2725, R² (last) = 0.7971
  inv_r_cubed         : R² (all) = 0.0817, R² (last) = 0.6058
  x                   : R² (all) = 0.9474, R² (last) = 0.9822
  y                   : R² (all) = 0.9466, R² (last) = 0.9805

block_0_after_attn_merge:
  F_magnitude         : R² (all) = 0.4117, R² (last) = 0.8407
  F_direction_x       : R² (all) = 0.9674, R² (last) = 0.9711
  F_direction_y       : R² (all) = 0.9666, R² (last) = 0.7549
  Fx                  : R² (all) = 0.1818, R² (last) = 0.2501
  Fy                  : R² (all) = 0.1887, R² (last) = -2.3053
  r                   : R² (all) = 0.8191, R² (last) = 0.9249
  inv_r               : R² (all) = 0.7609, R² (last) = 0.9686
  r_squared           : R² (all) = 0.6664, R² (last) = 0.9093
  inv_r_squared       : R² (all) = 0.4117, R² (last) = 0.8407
  inv_r_cubed         : R² (all) = 0.1542, R² (last) = 0.6637
  x                   : R² (all) = 0.9598, R² (last) = 0.8938
  y                   : R² (all) = 0.9585, R² (last) = 0.6633

block_0_mlp_hidden:
  F_magnitude         : R² (all) = 0.6401, R² (last) = 0.9172
  F_direction_x       : R² (all) = 0.9880, R² (last) = 0.9988
  F_direction_y       : R² (all) = 0.9875, R² (last) = 0.9996
  Fx                  : R² (all) = 0.4172, R² (last) = 0.7522
  Fy                  : R² (all) = 0.4240, R² (last) = 0.9286
  r                   : R² (all) = 0.9850, R² (last) = 1.0000
  inv_r               : R² (all) = 0.9116, R² (last) = 0.9749
  r_squared           : R² (all) = 0.9538, R² (last) = 0.9999
  inv_r_squared       : R² (all) = 0.6401, R² (last) = 0.9173
  inv_r_cubed         : R² (all) = 0.3373, R² (last) = 0.8673
  x                   : R² (all) = 0.9892, R² (last) = 1.0000
  y                   : R² (all) = 0.9888, R² (last) = 1.0000

block_0_mlp_output:
  F_magnitude         : R² (all) = 0.4923, R² (last) = 0.8269
  F_direction_x       : R² (all) = 0.9768, R² (last) = 0.9961
  F_direction_y       : R² (all) = 0.9735, R² (last) = 0.9957
  Fx                  : R² (all) = 0.2742, R² (last) = 0.7009
  Fy                  : R² (all) = 0.2586, R² (last) = 0.7131
  r                   : R² (all) = 0.8128, R² (last) = 0.9989
  inv_r               : R² (all) = 0.8179, R² (last) = 0.9543
  r_squared           : R² (all) = 0.6919, R² (last) = 0.9941
  inv_r_squared       : R² (all) = 0.4923, R² (last) = 0.8269
  inv_r_cubed         : R² (all) = 0.1975, R² (last) = 0.6533
  x                   : R² (all) = 0.9634, R² (last) = 0.9988
  y                   : R² (all) = 0.9621, R² (last) = 0.9990

block_0_after_mlp_merge:
  F_magnitude         : R² (all) = 0.3030, R² (last) = 0.8584
  F_direction_x       : R² (all) = 0.9857, R² (last) = 0.9951
  F_direction_y       : R² (all) = 0.9837, R² (last) = 0.9955
  Fx                  : R² (all) = 0.3449, R² (last) = 0.6877
  Fy                  : R² (all) = 0.3515, R² (last) = 0.7534
  r                   : R² (all) = 0.7584, R² (last) = 0.9996
  inv_r               : R² (all) = 0.5898, R² (last) = 0.9617
  r_squared           : R² (all) = 0.6844, R² (last) = 0.9981
  inv_r_squared       : R² (all) = 0.3030, R² (last) = 0.8584
  inv_r_cubed         : R² (all) = 0.1123, R² (last) = 0.7089
  x                   : R² (all) = 0.9999, R² (last) = 1.0000
  y                   : R² (all) = 0.9997, R² (last) = 1.0000

block_1_attn_output:
  F_magnitude         : R² (all) = 0.3872, R² (last) = 0.7548
  F_direction_x       : R² (all) = 0.8812, R² (last) = 0.9772
  F_direction_y       : R² (all) = 0.8809, R² (last) = 0.9779
  Fx                  : R² (all) = 0.2982, R² (last) = 0.5967
  Fy                  : R² (all) = 0.2899, R² (last) = 0.5950
  r                   : R² (all) = 0.8150, R² (last) = 0.9223
  inv_r               : R² (all) = 0.6832, R² (last) = 0.8975
  r_squared           : R² (all) = 0.7390, R² (last) = 0.8721
  inv_r_squared       : R² (all) = 0.3872, R² (last) = 0.7547
  inv_r_cubed         : R² (all) = 0.1593, R² (last) = 0.5712
  x                   : R² (all) = 0.9149, R² (last) = 0.9655
  y                   : R² (all) = 0.9122, R² (last) = 0.9745

block_1_after_attn_merge:
  F_magnitude         : R² (all) = 0.3865, R² (last) = 0.8809
  F_direction_x       : R² (all) = 0.9855, R² (last) = 0.9967
  F_direction_y       : R² (all) = 0.9863, R² (last) = 0.9970
  Fx                  : R² (all) = 0.4180, R² (last) = 0.7379
  Fy                  : R² (all) = 0.4741, R² (last) = 0.8066
  r                   : R² (all) = 0.6938, R² (last) = 0.9927
  inv_r               : R² (all) = 0.6682, R² (last) = 0.9706
  r_squared           : R² (all) = 0.5778, R² (last) = 0.9706
  inv_r_squared       : R² (all) = 0.3865, R² (last) = 0.8809
  inv_r_cubed         : R² (all) = 0.1455, R² (last) = 0.7357
  x                   : R² (all) = 0.9951, R² (last) = 0.9996
  y                   : R² (all) = 0.9955, R² (last) = 0.9996

block_1_mlp_hidden:
  F_magnitude         : R² (all) = 0.6974, R² (last) = 0.9887
  F_direction_x       : R² (all) = 0.9943, R² (last) = 0.9997
  F_direction_y       : R² (all) = 0.9942, R² (last) = 0.9996
  Fx                  : R² (all) = 0.5836, R² (last) = 0.9592
  Fy                  : R² (all) = 0.6012, R² (last) = 0.9574
  r                   : R² (all) = 0.9809, R² (last) = 0.9998
  inv_r               : R² (all) = 0.9249, R² (last) = 0.9977
  r_squared           : R² (all) = 0.9724, R² (last) = 0.9993
  inv_r_squared       : R² (all) = 0.6974, R² (last) = 0.9887
  inv_r_cubed         : R² (all) = 0.3837, R² (last) = 0.9692
  x                   : R² (all) = 0.9973, R² (last) = 0.9999
  y                   : R² (all) = 0.9978, R² (last) = 0.9999

block_1_mlp_output:
  F_magnitude         : R² (all) = 0.4349, R² (last) = 0.8323
  F_direction_x       : R² (all) = 0.9818, R² (last) = 0.9950
  F_direction_y       : R² (all) = 0.9738, R² (last) = 0.9960
  Fx                  : R² (all) = 0.4238, R² (last) = 0.6954
  Fy                  : R² (all) = 0.4375, R² (last) = 0.7825
  r                   : R² (all) = 0.8274, R² (last) = 0.9439
  inv_r               : R² (all) = 0.7445, R² (last) = 0.9486
  r_squared           : R² (all) = 0.7541, R² (last) = 0.9120
  inv_r_squared       : R² (all) = 0.4349, R² (last) = 0.8323
  inv_r_cubed         : R² (all) = 0.1572, R² (last) = 0.6631
  x                   : R² (all) = 0.9859, R² (last) = 0.9972
  y                   : R² (all) = 0.9843, R² (last) = 0.9975

block_1_after_mlp_merge:
  F_magnitude         : R² (all) = 0.3462, R² (last) = 0.7780
  F_direction_x       : R² (all) = 0.9845, R² (last) = 0.9954
  F_direction_y       : R² (all) = 0.9841, R² (last) = 0.9960
  Fx                  : R² (all) = 0.4266, R² (last) = 0.7071
  Fy                  : R² (all) = 0.4115, R² (last) = 0.7612
  r                   : R² (all) = 0.6916, R² (last) = 0.9649
  inv_r               : R² (all) = 0.6107, R² (last) = 0.9124
  r_squared           : R² (all) = 0.6117, R² (last) = 0.9443
  inv_r_squared       : R² (all) = 0.3462, R² (last) = 0.7780
  inv_r_cubed         : R² (all) = 0.1332, R² (last) = 0.6078
  x                   : R² (all) = 0.9973, R² (last) = 0.9996
  y                   : R² (all) = 0.9969, R² (last) = 0.9999

after_ln_f:
  F_magnitude         : R² (all) = 0.3241, R² (last) = 0.7582
  F_direction_x       : R² (all) = 0.9763, R² (last) = 0.9925
  F_direction_y       : R² (all) = 0.9779, R² (last) = 0.9942
  Fx                  : R² (all) = 0.3865, R² (last) = 0.6670
  Fy                  : R² (all) = 0.3841, R² (last) = 0.7237
  r                   : R² (all) = 0.7218, R² (last) = 0.9753
  inv_r               : R² (all) = 0.5931, R² (last) = 0.9005
  r_squared           : R² (all) = 0.6508, R² (last) = 0.9625
  inv_r_squared       : R² (all) = 0.3241, R² (last) = 0.7582
  inv_r_cubed         : R² (all) = 0.1279, R² (last) = 0.5831
  x                   : R² (all) = 0.9990, R² (last) = 0.9998
  y                   : R² (all) = 0.9989, R² (last) = 0.9998
Evaluating on 500 trajectories...
Conditioning length: 50, Generating 50 more steps per trajectory...

Error Statistics (aggregated across all 500 trajectories):
Mean position error: 0.114524 ± 0.116942
Max position error: 0.952703
R² scores:
  X coordinate: 0.960111 ± 0.067239
  Y coordinate: 0.959371 ± 0.067567
Evaluating on 500 trajectories...
Conditioning length: 50, Generating 50 more steps per trajectory...

Error Statistics (aggregated across all 500 trajectories):
Mean position error: 0.114448 ± 0.112393
Max position error: 0.753684
R² scores:
  X coordinate: 0.961124 ± 0.065261
  Y coordinate: 0.962073 ± 0.064268
Evaluation at step 11001 completed.

Step 11100, Total Train Loss: 0.003336, Prediction Loss: 0.002587, Test Loss: 0.000361, Attention Entropy: 0.7487, Entropy Reg Loss: 0.000749, Entropy Reg Active: True, GPU Memory: 0.000 GB
Step 11200, Total Train Loss: 0.003486, Prediction Loss: 0.002740, Test Loss: 0.000450, Attention Entropy: 0.7452, Entropy Reg Loss: 0.000745, Entropy Reg Active: True, GPU Memory: 0.000 GB
Step 11300, Total Train Loss: 0.003384, Prediction Loss: 0.002634, Test Loss: 0.000340, Attention Entropy: 0.7494, Entropy Reg Loss: 0.000749, Entropy Reg Active: True, GPU Memory: 0.000 GB
Step 11400, Total Train Loss: 0.003229, Prediction Loss: 0.002481, Test Loss: 0.000381, Attention Entropy: 0.7482, Entropy Reg Loss: 0.000748, Entropy Reg Active: True, GPU Memory: 0.000 GB
Step 11500, Total Train Loss: 0.003403, Prediction Loss: 0.002659, Test Loss: 0.000372, Attention Entropy: 0.7442, Entropy Reg Loss: 0.000744, Entropy Reg Active: True, GPU Memory: 0.000 GB
Step 11600, Total Train Loss: 0.003268, Prediction Loss: 0.002523, Test Loss: 0.000359, Attention Entropy: 0.7452, Entropy Reg Loss: 0.000745, Entropy Reg Active: True, GPU Memory: 0.000 GB
Step 11700, Total Train Loss: 0.003375, Prediction Loss: 0.002632, Test Loss: 0.000380, Attention Entropy: 0.7431, Entropy Reg Loss: 0.000743, Entropy Reg Active: True, GPU Memory: 0.000 GB
Step 11800, Total Train Loss: 0.003328, Prediction Loss: 0.002576, Test Loss: 0.000482, Attention Entropy: 0.7518, Entropy Reg Loss: 0.000752, Entropy Reg Active: True, GPU Memory: 0.000 GB
Step 11900, Total Train Loss: 0.003364, Prediction Loss: 0.002616, Test Loss: 0.000330, Attention Entropy: 0.7476, Entropy Reg Loss: 0.000748, Entropy Reg Active: True, GPU Memory: 0.000 GB
Step 12000, Total Train Loss: 0.003571, Prediction Loss: 0.002822, Test Loss: 0.000483, Attention Entropy: 0.7484, Entropy Reg Loss: 0.000748, Entropy Reg Active: True, GPU Memory: 0.000 GB

Evaluating at step 12001...
Activations collected:
  input_embed: torch.Size([1000, 99, 32])
  after_pos_emb: torch.Size([1000, 99, 32])
  block_0_attn_output: torch.Size([1000, 99, 32])
  block_0_after_attn_merge: torch.Size([1000, 99, 32])
  block_0_mlp_hidden: torch.Size([1000, 99, 128])
  block_0_mlp_output: torch.Size([1000, 99, 32])
  block_0_after_mlp_merge: torch.Size([1000, 99, 32])
  block_1_attn_output: torch.Size([1000, 99, 32])
  block_1_after_attn_merge: torch.Size([1000, 99, 32])
  block_1_mlp_hidden: torch.Size([1000, 99, 128])
  block_1_mlp_output: torch.Size([1000, 99, 32])
  block_1_after_mlp_merge: torch.Size([1000, 99, 32])
  after_ln_f: torch.Size([1000, 99, 32])

Linear Probe Results (R² scores):
================================================================================

input_embed:
  F_magnitude         : R² (all) = 0.0002, R² (last) = 0.0002
  F_direction_x       : R² (all) = 0.8272, R² (last) = 0.8248
  F_direction_y       : R² (all) = 0.8274, R² (last) = 0.8326
  Fx                  : R² (all) = 0.0513, R² (last) = 0.0209
  Fy                  : R² (all) = 0.0596, R² (last) = 0.0545
  r                   : R² (all) = 0.0014, R² (last) = 0.0023
  inv_r               : R² (all) = 0.0005, R² (last) = 0.0008
  r_squared           : R² (all) = 0.0021, R² (last) = 0.0029
  inv_r_squared       : R² (all) = 0.0002, R² (last) = 0.0002
  inv_r_cubed         : R² (all) = 0.0001, R² (last) = 0.0001
  x                   : R² (all) = 1.0000, R² (last) = 1.0000
  y                   : R² (all) = 1.0000, R² (last) = 1.0000

after_pos_emb:
  F_magnitude         : R² (all) = 0.0371, R² (last) = 0.0002
  F_direction_x       : R² (all) = 0.8273, R² (last) = 0.8248
  F_direction_y       : R² (all) = 0.8276, R² (last) = 0.8326
  Fx                  : R² (all) = 0.0522, R² (last) = 0.0209
  Fy                  : R² (all) = 0.0600, R² (last) = 0.0545
  r                   : R² (all) = 0.0655, R² (last) = 0.0023
  inv_r               : R² (all) = 0.0497, R² (last) = 0.0008
  r_squared           : R² (all) = 0.0731, R² (last) = 0.0029
  inv_r_squared       : R² (all) = 0.0371, R² (last) = 0.0002
  inv_r_cubed         : R² (all) = 0.0219, R² (last) = 0.0001
  x                   : R² (all) = 1.0000, R² (last) = 1.0000
  y                   : R² (all) = 1.0000, R² (last) = 1.0000

block_0_attn_output:
  F_magnitude         : R² (all) = 0.2370, R² (last) = 0.4636
  F_direction_x       : R² (all) = 0.8649, R² (last) = 0.8889
  F_direction_y       : R² (all) = 0.8600, R² (last) = 0.9211
  Fx                  : R² (all) = 0.0616, R² (last) = 0.1049
  Fy                  : R² (all) = 0.0676, R² (last) = 0.1493
  r                   : R² (all) = 0.9181, R² (last) = 0.9925
  inv_r               : R² (all) = 0.5871, R² (last) = 0.8420
  r_squared           : R² (all) = 0.8417, R² (last) = 0.9897
  inv_r_squared       : R² (all) = 0.2370, R² (last) = 0.4636
  inv_r_cubed         : R² (all) = 0.0702, R² (last) = 0.2335
  x                   : R² (all) = 0.9449, R² (last) = 0.9805
  y                   : R² (all) = 0.9494, R² (last) = 0.9781

block_0_after_attn_merge:
  F_magnitude         : R² (all) = 0.3718, R² (last) = -0.1909
  F_direction_x       : R² (all) = 0.9645, R² (last) = 0.8748
  F_direction_y       : R² (all) = 0.9648, R² (last) = 0.1695
  Fx                  : R² (all) = 0.1520, R² (last) = -2.2797
  Fy                  : R² (all) = 0.1682, R² (last) = -3.0592
  r                   : R² (all) = 0.8211, R² (last) = 0.9005
  inv_r               : R² (all) = 0.7366, R² (last) = 0.4561
  r_squared           : R² (all) = 0.6658, R² (last) = 0.9726
  inv_r_squared       : R² (all) = 0.3718, R² (last) = -0.1912
  inv_r_cubed         : R² (all) = 0.1382, R² (last) = -0.5621
  x                   : R² (all) = 0.9578, R² (last) = 0.8124
  y                   : R² (all) = 0.9574, R² (last) = -0.3327

block_0_mlp_hidden:
  F_magnitude         : R² (all) = 0.5945, R² (last) = 0.8350
  F_direction_x       : R² (all) = 0.9868, R² (last) = 0.9992
  F_direction_y       : R² (all) = 0.9865, R² (last) = 0.9994
  Fx                  : R² (all) = 0.3590, R² (last) = 0.7603
  Fy                  : R² (all) = 0.3942, R² (last) = 0.8209
  r                   : R² (all) = 0.9851, R² (last) = 0.9998
  inv_r               : R² (all) = 0.8937, R² (last) = 0.9626
  r_squared           : R² (all) = 0.9521, R² (last) = 0.9995
  inv_r_squared       : R² (all) = 0.5945, R² (last) = 0.8351
  inv_r_cubed         : R² (all) = 0.3042, R² (last) = 0.7180
  x                   : R² (all) = 0.9894, R² (last) = 1.0000
  y                   : R² (all) = 0.9889, R² (last) = 1.0000

block_0_mlp_output:
  F_magnitude         : R² (all) = 0.4519, R² (last) = 0.5332
  F_direction_x       : R² (all) = 0.9746, R² (last) = 0.9953
  F_direction_y       : R² (all) = 0.9718, R² (last) = 0.9945
  Fx                  : R² (all) = 0.2291, R² (last) = 0.4028
  Fy                  : R² (all) = 0.2317, R² (last) = 0.5032
  r                   : R² (all) = 0.8193, R² (last) = 0.9986
  inv_r               : R² (all) = 0.7990, R² (last) = 0.8682
  r_squared           : R² (all) = 0.6947, R² (last) = 0.9927
  inv_r_squared       : R² (all) = 0.4519, R² (last) = 0.5332
  inv_r_cubed         : R² (all) = 0.1819, R² (last) = 0.3088
  x                   : R² (all) = 0.9628, R² (last) = 0.9987
  y                   : R² (all) = 0.9607, R² (last) = 0.9990

block_0_after_mlp_merge:
  F_magnitude         : R² (all) = 0.2682, R² (last) = 0.5766
  F_direction_x       : R² (all) = 0.9843, R² (last) = 0.9941
  F_direction_y       : R² (all) = 0.9825, R² (last) = 0.9946
  Fx                  : R² (all) = 0.2895, R² (last) = 0.3941
  Fy                  : R² (all) = 0.3213, R² (last) = 0.5188
  r                   : R² (all) = 0.7547, R² (last) = 0.9996
  inv_r               : R² (all) = 0.5641, R² (last) = 0.8857
  r_squared           : R² (all) = 0.6829, R² (last) = 0.9980
  inv_r_squared       : R² (all) = 0.2682, R² (last) = 0.5766
  inv_r_cubed         : R² (all) = 0.0956, R² (last) = 0.3479
  x                   : R² (all) = 0.9998, R² (last) = 1.0000
  y                   : R² (all) = 0.9997, R² (last) = 1.0000

block_1_attn_output:
  F_magnitude         : R² (all) = 0.3551, R² (last) = 0.4151
  F_direction_x       : R² (all) = 0.8786, R² (last) = 0.9729
  F_direction_y       : R² (all) = 0.8804, R² (last) = 0.9753
  Fx                  : R² (all) = 0.2526, R² (last) = 0.2659
  Fy                  : R² (all) = 0.2610, R² (last) = 0.3409
  r                   : R² (all) = 0.8202, R² (last) = 0.9270
  inv_r               : R² (all) = 0.6651, R² (last) = 0.7702
  r_squared           : R² (all) = 0.7481, R² (last) = 0.8828
  inv_r_squared       : R² (all) = 0.3551, R² (last) = 0.4150
  inv_r_cubed         : R² (all) = 0.1446, R² (last) = 0.2179
  x                   : R² (all) = 0.9149, R² (last) = 0.9713
  y                   : R² (all) = 0.9114, R² (last) = 0.9723

block_1_after_attn_merge:
  F_magnitude         : R² (all) = 0.3570, R² (last) = 0.6023
  F_direction_x       : R² (all) = 0.9848, R² (last) = 0.9963
  F_direction_y       : R² (all) = 0.9857, R² (last) = 0.9961
  Fx                  : R² (all) = 0.3704, R² (last) = 0.5293
  Fy                  : R² (all) = 0.4503, R² (last) = 0.6190
  r                   : R² (all) = 0.6924, R² (last) = 0.9918
  inv_r               : R² (all) = 0.6507, R² (last) = 0.8976
  r_squared           : R² (all) = 0.5752, R² (last) = 0.9672
  inv_r_squared       : R² (all) = 0.3570, R² (last) = 0.6023
  inv_r_cubed         : R² (all) = 0.1381, R² (last) = 0.3872
  x                   : R² (all) = 0.9946, R² (last) = 0.9996
  y                   : R² (all) = 0.9950, R² (last) = 0.9996

block_1_mlp_hidden:
  F_magnitude         : R² (all) = 0.6805, R² (last) = 0.9623
  F_direction_x       : R² (all) = 0.9941, R² (last) = 0.9996
  F_direction_y       : R² (all) = 0.9939, R² (last) = 0.9995
  Fx                  : R² (all) = 0.5392, R² (last) = 0.9176
  Fy                  : R² (all) = 0.5861, R² (last) = 0.9107
  r                   : R² (all) = 0.9793, R² (last) = 0.9998
  inv_r               : R² (all) = 0.9160, R² (last) = 0.9933
  r_squared           : R² (all) = 0.9697, R² (last) = 0.9994
  inv_r_squared       : R² (all) = 0.6805, R² (last) = 0.9623
  inv_r_cubed         : R² (all) = 0.3975, R² (last) = 0.9209
  x                   : R² (all) = 0.9972, R² (last) = 0.9999
  y                   : R² (all) = 0.9975, R² (last) = 0.9999

block_1_mlp_output:
  F_magnitude         : R² (all) = 0.3883, R² (last) = 0.5823
  F_direction_x       : R² (all) = 0.9813, R² (last) = 0.9936
  F_direction_y       : R² (all) = 0.9731, R² (last) = 0.9943
  Fx                  : R² (all) = 0.3632, R² (last) = 0.4794
  Fy                  : R² (all) = 0.4176, R² (last) = 0.5538
  r                   : R² (all) = 0.8058, R² (last) = 0.9346
  inv_r               : R² (all) = 0.7127, R² (last) = 0.8623
  r_squared           : R² (all) = 0.7279, R² (last) = 0.8984
  inv_r_squared       : R² (all) = 0.3883, R² (last) = 0.5823
  inv_r_cubed         : R² (all) = 0.1382, R² (last) = 0.3959
  x                   : R² (all) = 0.9850, R² (last) = 0.9970
  y                   : R² (all) = 0.9825, R² (last) = 0.9973

block_1_after_mlp_merge:
  F_magnitude         : R² (all) = 0.3212, R² (last) = 0.5980
  F_direction_x       : R² (all) = 0.9835, R² (last) = 0.9953
  F_direction_y       : R² (all) = 0.9832, R² (last) = 0.9953
  Fx                  : R² (all) = 0.3674, R² (last) = 0.5323
  Fy                  : R² (all) = 0.3902, R² (last) = 0.5986
  r                   : R² (all) = 0.6854, R² (last) = 0.9645
  inv_r               : R² (all) = 0.5913, R² (last) = 0.8578
  r_squared           : R² (all) = 0.6068, R² (last) = 0.9424
  inv_r_squared       : R² (all) = 0.3212, R² (last) = 0.5980
  inv_r_cubed         : R² (all) = 0.1284, R² (last) = 0.4271
  x                   : R² (all) = 0.9971, R² (last) = 0.9996
  y                   : R² (all) = 0.9966, R² (last) = 0.9999

after_ln_f:
  F_magnitude         : R² (all) = 0.3057, R² (last) = 0.6187
  F_direction_x       : R² (all) = 0.9751, R² (last) = 0.9923
  F_direction_y       : R² (all) = 0.9772, R² (last) = 0.9933
  Fx                  : R² (all) = 0.3355, R² (last) = 0.5468
  Fy                  : R² (all) = 0.3630, R² (last) = 0.5629
  r                   : R² (all) = 0.7166, R² (last) = 0.9715
  inv_r               : R² (all) = 0.5780, R² (last) = 0.8546
  r_squared           : R² (all) = 0.6454, R² (last) = 0.9577
  inv_r_squared       : R² (all) = 0.3057, R² (last) = 0.6187
  inv_r_cubed         : R² (all) = 0.1267, R² (last) = 0.4634
  x                   : R² (all) = 0.9989, R² (last) = 0.9997
  y                   : R² (all) = 0.9989, R² (last) = 0.9998
Evaluating on 500 trajectories...
Conditioning length: 50, Generating 50 more steps per trajectory...

Error Statistics (aggregated across all 500 trajectories):
Mean position error: 0.110983 ± 0.106710
Max position error: 0.695428
R² scores:
  X coordinate: 0.961637 ± 0.072850
  Y coordinate: 0.959655 ± 0.074803
Evaluating on 500 trajectories...
Conditioning length: 50, Generating 50 more steps per trajectory...

Error Statistics (aggregated across all 500 trajectories):
Mean position error: 0.115633 ± 0.110304
Max position error: 0.798105
R² scores:
  X coordinate: 0.958992 ± 0.075145
  Y coordinate: 0.955694 ± 0.077661
Evaluation at step 12001 completed.

Step 12100, Total Train Loss: 0.003375, Prediction Loss: 0.002627, Test Loss: 0.000358, Attention Entropy: 0.7479, Entropy Reg Loss: 0.000748, Entropy Reg Active: True, GPU Memory: 0.000 GB
Step 12200, Total Train Loss: 0.003398, Prediction Loss: 0.002645, Test Loss: 0.000376, Attention Entropy: 0.7522, Entropy Reg Loss: 0.000752, Entropy Reg Active: True, GPU Memory: 0.000 GB
Step 12300, Total Train Loss: 0.003419, Prediction Loss: 0.002667, Test Loss: 0.000401, Attention Entropy: 0.7516, Entropy Reg Loss: 0.000752, Entropy Reg Active: True, GPU Memory: 0.000 GB
Step 12400, Total Train Loss: 0.003398, Prediction Loss: 0.002646, Test Loss: 0.000381, Attention Entropy: 0.7527, Entropy Reg Loss: 0.000753, Entropy Reg Active: True, GPU Memory: 0.000 GB
Step 12500, Total Train Loss: 0.003227, Prediction Loss: 0.002479, Test Loss: 0.000423, Attention Entropy: 0.7475, Entropy Reg Loss: 0.000747, Entropy Reg Active: True, GPU Memory: 0.000 GB
Step 12600, Total Train Loss: 0.003416, Prediction Loss: 0.002666, Test Loss: 0.000495, Attention Entropy: 0.7503, Entropy Reg Loss: 0.000750, Entropy Reg Active: True, GPU Memory: 0.000 GB
Step 12700, Total Train Loss: 0.003122, Prediction Loss: 0.002370, Test Loss: 0.000392, Attention Entropy: 0.7520, Entropy Reg Loss: 0.000752, Entropy Reg Active: True, GPU Memory: 0.000 GB
Step 12800, Total Train Loss: 0.003345, Prediction Loss: 0.002595, Test Loss: 0.000409, Attention Entropy: 0.7497, Entropy Reg Loss: 0.000750, Entropy Reg Active: True, GPU Memory: 0.000 GB
Step 12900, Total Train Loss: 0.003272, Prediction Loss: 0.002520, Test Loss: 0.000464, Attention Entropy: 0.7515, Entropy Reg Loss: 0.000752, Entropy Reg Active: True, GPU Memory: 0.000 GB
Step 13000, Total Train Loss: 0.003274, Prediction Loss: 0.002528, Test Loss: 0.000376, Attention Entropy: 0.7459, Entropy Reg Loss: 0.000746, Entropy Reg Active: True, GPU Memory: 0.000 GB

Evaluating at step 13001...
Activations collected:
  input_embed: torch.Size([1000, 99, 32])
  after_pos_emb: torch.Size([1000, 99, 32])
  block_0_attn_output: torch.Size([1000, 99, 32])
  block_0_after_attn_merge: torch.Size([1000, 99, 32])
  block_0_mlp_hidden: torch.Size([1000, 99, 128])
  block_0_mlp_output: torch.Size([1000, 99, 32])
  block_0_after_mlp_merge: torch.Size([1000, 99, 32])
  block_1_attn_output: torch.Size([1000, 99, 32])
  block_1_after_attn_merge: torch.Size([1000, 99, 32])
  block_1_mlp_hidden: torch.Size([1000, 99, 128])
  block_1_mlp_output: torch.Size([1000, 99, 32])
  block_1_after_mlp_merge: torch.Size([1000, 99, 32])
  after_ln_f: torch.Size([1000, 99, 32])

Linear Probe Results (R² scores):
================================================================================

input_embed:
  F_magnitude         : R² (all) = 0.0000, R² (last) = 0.0001
  F_direction_x       : R² (all) = 0.8342, R² (last) = 0.8405
  F_direction_y       : R² (all) = 0.8316, R² (last) = 0.8206
  Fx                  : R² (all) = 0.0608, R² (last) = 0.0386
  Fy                  : R² (all) = 0.0573, R² (last) = 0.0676
  r                   : R² (all) = 0.0008, R² (last) = 0.0011
  inv_r               : R² (all) = 0.0000, R² (last) = 0.0007
  r_squared           : R² (all) = 0.0018, R² (last) = 0.0009
  inv_r_squared       : R² (all) = 0.0000, R² (last) = 0.0001
  inv_r_cubed         : R² (all) = 0.0000, R² (last) = -0.0000
  x                   : R² (all) = 1.0000, R² (last) = 1.0000
  y                   : R² (all) = 1.0000, R² (last) = 1.0000

after_pos_emb:
  F_magnitude         : R² (all) = 0.0394, R² (last) = 0.0001
  F_direction_x       : R² (all) = 0.8343, R² (last) = 0.8405
  F_direction_y       : R² (all) = 0.8316, R² (last) = 0.8206
  Fx                  : R² (all) = 0.0612, R² (last) = 0.0386
  Fy                  : R² (all) = 0.0575, R² (last) = 0.0676
  r                   : R² (all) = 0.0703, R² (last) = 0.0011
  inv_r               : R² (all) = 0.0521, R² (last) = 0.0007
  r_squared           : R² (all) = 0.0783, R² (last) = 0.0009
  inv_r_squared       : R² (all) = 0.0394, R² (last) = 0.0001
  inv_r_cubed         : R² (all) = 0.0255, R² (last) = 0.0000
  x                   : R² (all) = 1.0000, R² (last) = 1.0000
  y                   : R² (all) = 1.0000, R² (last) = 1.0000

block_0_attn_output:
  F_magnitude         : R² (all) = 0.2520, R² (last) = 0.6289
  F_direction_x       : R² (all) = 0.8669, R² (last) = 0.9026
  F_direction_y       : R² (all) = 0.8666, R² (last) = 0.9111
  Fx                  : R² (all) = 0.0706, R² (last) = 0.1002
  Fy                  : R² (all) = 0.0668, R² (last) = 0.2215
  r                   : R² (all) = 0.9168, R² (last) = 0.9931
  inv_r               : R² (all) = 0.5956, R² (last) = 0.8975
  r_squared           : R² (all) = 0.8421, R² (last) = 0.9910
  inv_r_squared       : R² (all) = 0.2520, R² (last) = 0.6289
  inv_r_cubed         : R² (all) = 0.0821, R² (last) = 0.3603
  x                   : R² (all) = 0.9488, R² (last) = 0.9836
  y                   : R² (all) = 0.9467, R² (last) = 0.9800

block_0_after_attn_merge:
  F_magnitude         : R² (all) = 0.3917, R² (last) = 0.7127
  F_direction_x       : R² (all) = 0.9660, R² (last) = 0.9682
  F_direction_y       : R² (all) = 0.9653, R² (last) = 0.9425
  Fx                  : R² (all) = 0.1706, R² (last) = 0.1669
  Fy                  : R² (all) = 0.1582, R² (last) = 0.2120
  r                   : R² (all) = 0.8265, R² (last) = 0.9693
  inv_r               : R² (all) = 0.7459, R² (last) = 0.9351
  r_squared           : R² (all) = 0.6734, R² (last) = 0.9570
  inv_r_squared       : R² (all) = 0.3917, R² (last) = 0.7125
  inv_r_cubed         : R² (all) = 0.1593, R² (last) = 0.4446
  x                   : R² (all) = 0.9605, R² (last) = 0.9702
  y                   : R² (all) = 0.9593, R² (last) = 0.9180

block_0_mlp_hidden:
  F_magnitude         : R² (all) = 0.6204, R² (last) = 0.5645
  F_direction_x       : R² (all) = 0.9873, R² (last) = 0.9992
  F_direction_y       : R² (all) = 0.9870, R² (last) = 0.9961
  Fx                  : R² (all) = 0.3876, R² (last) = 0.2938
  Fy                  : R² (all) = 0.3766, R² (last) = -0.0696
  r                   : R² (all) = 0.9868, R² (last) = 1.0000
  inv_r               : R² (all) = 0.8985, R² (last) = 0.9304
  r_squared           : R² (all) = 0.9554, R² (last) = 0.9998
  inv_r_squared       : R² (all) = 0.6204, R² (last) = 0.5644
  inv_r_cubed         : R² (all) = 0.3493, R² (last) = -0.0445
  x                   : R² (all) = 0.9900, R² (last) = 1.0000
  y                   : R² (all) = 0.9898, R² (last) = 1.0000

block_0_mlp_output:
  F_magnitude         : R² (all) = 0.4648, R² (last) = 0.7088
  F_direction_x       : R² (all) = 0.9754, R² (last) = 0.9958
  F_direction_y       : R² (all) = 0.9725, R² (last) = 0.9952
  Fx                  : R² (all) = 0.2509, R² (last) = 0.5705
  Fy                  : R² (all) = 0.2196, R² (last) = 0.7044
  r                   : R² (all) = 0.8277, R² (last) = 0.9988
  inv_r               : R² (all) = 0.8003, R² (last) = 0.9250
  r_squared           : R² (all) = 0.7142, R² (last) = 0.9934
  inv_r_squared       : R² (all) = 0.4648, R² (last) = 0.7088
  inv_r_cubed         : R² (all) = 0.1998, R² (last) = 0.4742
  x                   : R² (all) = 0.9643, R² (last) = 0.9988
  y                   : R² (all) = 0.9620, R² (last) = 0.9990

block_0_after_mlp_merge:
  F_magnitude         : R² (all) = 0.2818, R² (last) = 0.7363
  F_direction_x       : R² (all) = 0.9847, R² (last) = 0.9941
  F_direction_y       : R² (all) = 0.9827, R² (last) = 0.9953
  Fx                  : R² (all) = 0.3238, R² (last) = 0.4752
  Fy                  : R² (all) = 0.3037, R² (last) = 0.7486
  r                   : R² (all) = 0.7479, R² (last) = 0.9996
  inv_r               : R² (all) = 0.5677, R² (last) = 0.9328
  r_squared           : R² (all) = 0.6763, R² (last) = 0.9979
  inv_r_squared       : R² (all) = 0.2818, R² (last) = 0.7363
  inv_r_cubed         : R² (all) = 0.1106, R² (last) = 0.5011
  x                   : R² (all) = 0.9999, R² (last) = 1.0000
  y                   : R² (all) = 0.9997, R² (last) = 1.0000

block_1_attn_output:
  F_magnitude         : R² (all) = 0.3709, R² (last) = 0.5957
  F_direction_x       : R² (all) = 0.8814, R² (last) = 0.9773
  F_direction_y       : R² (all) = 0.8841, R² (last) = 0.9776
  Fx                  : R² (all) = 0.2862, R² (last) = 0.3547
  Fy                  : R² (all) = 0.2516, R² (last) = 0.5521
  r                   : R² (all) = 0.8203, R² (last) = 0.9271
  inv_r               : R² (all) = 0.6678, R² (last) = 0.8478
  r_squared           : R² (all) = 0.7514, R² (last) = 0.8844
  inv_r_squared       : R² (all) = 0.3709, R² (last) = 0.5957
  inv_r_cubed         : R² (all) = 0.1658, R² (last) = 0.3584
  x                   : R² (all) = 0.9138, R² (last) = 0.9696
  y                   : R² (all) = 0.9156, R² (last) = 0.9782

block_1_after_attn_merge:
  F_magnitude         : R² (all) = 0.3656, R² (last) = 0.7515
  F_direction_x       : R² (all) = 0.9851, R² (last) = 0.9967
  F_direction_y       : R² (all) = 0.9862, R² (last) = 0.9966
  Fx                  : R² (all) = 0.4071, R² (last) = 0.5985
  Fy                  : R² (all) = 0.4331, R² (last) = 0.8345
  r                   : R² (all) = 0.6866, R² (last) = 0.9913
  inv_r               : R² (all) = 0.6470, R² (last) = 0.9435
  r_squared           : R² (all) = 0.5729, R² (last) = 0.9660
  inv_r_squared       : R² (all) = 0.3656, R² (last) = 0.7515
  inv_r_cubed         : R² (all) = 0.1484, R² (last) = 0.5244
  x                   : R² (all) = 0.9946, R² (last) = 0.9996
  y                   : R² (all) = 0.9951, R² (last) = 0.9996

block_1_mlp_hidden:
  F_magnitude         : R² (all) = 0.6985, R² (last) = 0.9773
  F_direction_x       : R² (all) = 0.9945, R² (last) = 0.9996
  F_direction_y       : R² (all) = 0.9944, R² (last) = 0.9996
  Fx                  : R² (all) = 0.5913, R² (last) = 0.9370
  Fy                  : R² (all) = 0.5699, R² (last) = 0.9706
  r                   : R² (all) = 0.9802, R² (last) = 0.9998
  inv_r               : R² (all) = 0.9195, R² (last) = 0.9961
  r_squared           : R² (all) = 0.9723, R² (last) = 0.9994
  inv_r_squared       : R² (all) = 0.6985, R² (last) = 0.9773
  inv_r_cubed         : R² (all) = 0.4205, R² (last) = 0.9415
  x                   : R² (all) = 0.9974, R² (last) = 0.9999
  y                   : R² (all) = 0.9976, R² (last) = 0.9999

block_1_mlp_output:
  F_magnitude         : R² (all) = 0.4043, R² (last) = 0.6953
  F_direction_x       : R² (all) = 0.9822, R² (last) = 0.9950
  F_direction_y       : R² (all) = 0.9733, R² (last) = 0.9951
  Fx                  : R² (all) = 0.3999, R² (last) = 0.5202
  Fy                  : R² (all) = 0.4031, R² (last) = 0.7808
  r                   : R² (all) = 0.8054, R² (last) = 0.9372
  inv_r               : R² (all) = 0.7069, R² (last) = 0.9143
  r_squared           : R² (all) = 0.7402, R² (last) = 0.9075
  inv_r_squared       : R² (all) = 0.4043, R² (last) = 0.6953
  inv_r_cubed         : R² (all) = 0.1610, R² (last) = 0.4544
  x                   : R² (all) = 0.9854, R² (last) = 0.9969
  y                   : R² (all) = 0.9824, R² (last) = 0.9970

block_1_after_mlp_merge:
  F_magnitude         : R² (all) = 0.3227, R² (last) = 0.6657
  F_direction_x       : R² (all) = 0.9833, R² (last) = 0.9953
  F_direction_y       : R² (all) = 0.9836, R² (last) = 0.9960
  Fx                  : R² (all) = 0.4026, R² (last) = 0.5881
  Fy                  : R² (all) = 0.3682, R² (last) = 0.8276
  r                   : R² (all) = 0.6703, R² (last) = 0.9624
  inv_r               : R² (all) = 0.5840, R² (last) = 0.8787
  r_squared           : R² (all) = 0.5916, R² (last) = 0.9388
  inv_r_squared       : R² (all) = 0.3227, R² (last) = 0.6657
  inv_r_cubed         : R² (all) = 0.1314, R² (last) = 0.4593
  x                   : R² (all) = 0.9970, R² (last) = 0.9995
  y                   : R² (all) = 0.9967, R² (last) = 0.9999

after_ln_f:
  F_magnitude         : R² (all) = 0.3042, R² (last) = 0.6627
  F_direction_x       : R² (all) = 0.9751, R² (last) = 0.9923
  F_direction_y       : R² (all) = 0.9774, R² (last) = 0.9942
  Fx                  : R² (all) = 0.3633, R² (last) = 0.5577
  Fy                  : R² (all) = 0.3416, R² (last) = 0.7937
  r                   : R² (all) = 0.7041, R² (last) = 0.9707
  inv_r               : R² (all) = 0.5715, R² (last) = 0.8694
  r_squared           : R² (all) = 0.6313, R² (last) = 0.9560
  inv_r_squared       : R² (all) = 0.3042, R² (last) = 0.6627
  inv_r_cubed         : R² (all) = 0.1265, R² (last) = 0.4680
  x                   : R² (all) = 0.9990, R² (last) = 0.9998
  y                   : R² (all) = 0.9989, R² (last) = 0.9998
Evaluating on 500 trajectories...
Conditioning length: 50, Generating 50 more steps per trajectory...

Error Statistics (aggregated across all 500 trajectories):
Mean position error: 0.126397 ± 0.134714
Max position error: 1.028078
R² scores:
  X coordinate: 0.939327 ± 0.109174
  Y coordinate: 0.937703 ± 0.111724
Evaluating on 500 trajectories...
Conditioning length: 50, Generating 50 more steps per trajectory...

Error Statistics (aggregated across all 500 trajectories):
Mean position error: 0.123162 ± 0.125972
Max position error: 0.791792
R² scores:
  X coordinate: 0.946599 ± 0.103868
  Y coordinate: 0.945860 ± 0.105150
Evaluation at step 13001 completed.

Step 13100, Total Train Loss: 0.003270, Prediction Loss: 0.002516, Test Loss: 0.000490, Attention Entropy: 0.7534, Entropy Reg Loss: 0.000753, Entropy Reg Active: True, GPU Memory: 0.000 GB
Step 13200, Total Train Loss: 0.003247, Prediction Loss: 0.002493, Test Loss: 0.000449, Attention Entropy: 0.7536, Entropy Reg Loss: 0.000754, Entropy Reg Active: True, GPU Memory: 0.000 GB
Step 13300, Total Train Loss: 0.003326, Prediction Loss: 0.002572, Test Loss: 0.000364, Attention Entropy: 0.7546, Entropy Reg Loss: 0.000755, Entropy Reg Active: True, GPU Memory: 0.000 GB
Step 13400, Total Train Loss: 0.003540, Prediction Loss: 0.002787, Test Loss: 0.000374, Attention Entropy: 0.7526, Entropy Reg Loss: 0.000753, Entropy Reg Active: True, GPU Memory: 0.000 GB
Step 13500, Total Train Loss: 0.003423, Prediction Loss: 0.002673, Test Loss: 0.000343, Attention Entropy: 0.7496, Entropy Reg Loss: 0.000750, Entropy Reg Active: True, GPU Memory: 0.000 GB
Step 13600, Total Train Loss: 0.003275, Prediction Loss: 0.002523, Test Loss: 0.000355, Attention Entropy: 0.7522, Entropy Reg Loss: 0.000752, Entropy Reg Active: True, GPU Memory: 0.000 GB
Step 13700, Total Train Loss: 0.003398, Prediction Loss: 0.002649, Test Loss: 0.000421, Attention Entropy: 0.7486, Entropy Reg Loss: 0.000749, Entropy Reg Active: True, GPU Memory: 0.000 GB
Step 13800, Total Train Loss: 0.003436, Prediction Loss: 0.002687, Test Loss: 0.000371, Attention Entropy: 0.7492, Entropy Reg Loss: 0.000749, Entropy Reg Active: True, GPU Memory: 0.000 GB
Step 13900, Total Train Loss: 0.003542, Prediction Loss: 0.002792, Test Loss: 0.000343, Attention Entropy: 0.7497, Entropy Reg Loss: 0.000750, Entropy Reg Active: True, GPU Memory: 0.000 GB
Step 14000, Total Train Loss: 0.003530, Prediction Loss: 0.002775, Test Loss: 0.000333, Attention Entropy: 0.7549, Entropy Reg Loss: 0.000755, Entropy Reg Active: True, GPU Memory: 0.000 GB

Evaluating at step 14001...
Activations collected:
  input_embed: torch.Size([1000, 99, 32])
  after_pos_emb: torch.Size([1000, 99, 32])
  block_0_attn_output: torch.Size([1000, 99, 32])
  block_0_after_attn_merge: torch.Size([1000, 99, 32])
  block_0_mlp_hidden: torch.Size([1000, 99, 128])
  block_0_mlp_output: torch.Size([1000, 99, 32])
  block_0_after_mlp_merge: torch.Size([1000, 99, 32])
  block_1_attn_output: torch.Size([1000, 99, 32])
  block_1_after_attn_merge: torch.Size([1000, 99, 32])
  block_1_mlp_hidden: torch.Size([1000, 99, 128])
  block_1_mlp_output: torch.Size([1000, 99, 32])
  block_1_after_mlp_merge: torch.Size([1000, 99, 32])
  after_ln_f: torch.Size([1000, 99, 32])

Linear Probe Results (R² scores):
================================================================================

input_embed:
  F_magnitude         : R² (all) = 0.0000, R² (last) = 0.0002
  F_direction_x       : R² (all) = 0.8326, R² (last) = 0.8367
  F_direction_y       : R² (all) = 0.8321, R² (last) = 0.8415
  Fx                  : R² (all) = 0.0517, R² (last) = 0.0765
  Fy                  : R² (all) = 0.0568, R² (last) = 0.1194
  r                   : R² (all) = 0.0004, R² (last) = 0.0024
  inv_r               : R² (all) = 0.0001, R² (last) = 0.0010
  r_squared           : R² (all) = 0.0005, R² (last) = 0.0025
  inv_r_squared       : R² (all) = 0.0000, R² (last) = 0.0002
  inv_r_cubed         : R² (all) = 0.0000, R² (last) = 0.0001
  x                   : R² (all) = 1.0000, R² (last) = 1.0000
  y                   : R² (all) = 1.0000, R² (last) = 1.0000

after_pos_emb:
  F_magnitude         : R² (all) = 0.0353, R² (last) = 0.0004
  F_direction_x       : R² (all) = 0.8327, R² (last) = 0.8368
  F_direction_y       : R² (all) = 0.8321, R² (last) = 0.8415
  Fx                  : R² (all) = 0.0520, R² (last) = 0.0768
  Fy                  : R² (all) = 0.0570, R² (last) = 0.1194
  r                   : R² (all) = 0.0666, R² (last) = 0.0024
  inv_r               : R² (all) = 0.0499, R² (last) = 0.0010
  r_squared           : R² (all) = 0.0739, R² (last) = 0.0025
  inv_r_squared       : R² (all) = 0.0353, R² (last) = 0.0004
  inv_r_cubed         : R² (all) = 0.0184, R² (last) = 0.0001
  x                   : R² (all) = 1.0000, R² (last) = 1.0000
  y                   : R² (all) = 1.0000, R² (last) = 1.0000

block_0_attn_output:
  F_magnitude         : R² (all) = 0.2317, R² (last) = 0.8299
  F_direction_x       : R² (all) = 0.8646, R² (last) = 0.8964
  F_direction_y       : R² (all) = 0.8619, R² (last) = 0.9223
  Fx                  : R² (all) = 0.0591, R² (last) = 0.2066
  Fy                  : R² (all) = 0.0649, R² (last) = 0.3108
  r                   : R² (all) = 0.9163, R² (last) = 0.9915
  inv_r               : R² (all) = 0.5971, R² (last) = 0.9510
  r_squared           : R² (all) = 0.8388, R² (last) = 0.9887
  inv_r_squared       : R² (all) = 0.2317, R² (last) = 0.8300
  inv_r_cubed         : R² (all) = 0.0598, R² (last) = 0.6647
  x                   : R² (all) = 0.9470, R² (last) = 0.9843
  y                   : R² (all) = 0.9487, R² (last) = 0.9787

block_0_after_attn_merge:
  F_magnitude         : R² (all) = 0.3552, R² (last) = 0.8861
  F_direction_x       : R² (all) = 0.9641, R² (last) = 0.8121
  F_direction_y       : R² (all) = 0.9655, R² (last) = 0.1280
  Fx                  : R² (all) = 0.1488, R² (last) = 0.1900
  Fy                  : R² (all) = 0.1653, R² (last) = -8.8305
  r                   : R² (all) = 0.8281, R² (last) = 0.9851
  inv_r               : R² (all) = 0.7408, R² (last) = 0.9772
  r_squared           : R² (all) = 0.6718, R² (last) = 0.9714
  inv_r_squared       : R² (all) = 0.3552, R² (last) = 0.8861
  inv_r_cubed         : R² (all) = 0.1170, R² (last) = 0.6851
  x                   : R² (all) = 0.9596, R² (last) = 0.4942
  y                   : R² (all) = 0.9595, R² (last) = -0.3275

block_0_mlp_hidden:
  F_magnitude         : R² (all) = 0.5632, R² (last) = 0.9784
  F_direction_x       : R² (all) = 0.9869, R² (last) = 0.9994
  F_direction_y       : R² (all) = 0.9872, R² (last) = 0.9945
  Fx                  : R² (all) = 0.3488, R² (last) = 0.5359
  Fy                  : R² (all) = 0.3833, R² (last) = 0.0621
  r                   : R² (all) = 0.9863, R² (last) = 0.9998
  inv_r               : R² (all) = 0.8910, R² (last) = 0.9954
  r_squared           : R² (all) = 0.9525, R² (last) = 0.9996
  inv_r_squared       : R² (all) = 0.5632, R² (last) = 0.9784
  inv_r_cubed         : R² (all) = 0.2627, R² (last) = 0.9467
  x                   : R² (all) = 0.9903, R² (last) = 0.9999
  y                   : R² (all) = 0.9901, R² (last) = 1.0000

block_0_mlp_output:
  F_magnitude         : R² (all) = 0.4282, R² (last) = 0.8766
  F_direction_x       : R² (all) = 0.9738, R² (last) = 0.9960
  F_direction_y       : R² (all) = 0.9727, R² (last) = 0.9960
  Fx                  : R² (all) = 0.2220, R² (last) = 0.6695
  Fy                  : R² (all) = 0.2293, R² (last) = 0.7413
  r                   : R² (all) = 0.8299, R² (last) = 0.9986
  inv_r               : R² (all) = 0.7996, R² (last) = 0.9695
  r_squared           : R² (all) = 0.7089, R² (last) = 0.9925
  inv_r_squared       : R² (all) = 0.4282, R² (last) = 0.8766
  inv_r_cubed         : R² (all) = 0.1511, R² (last) = 0.7328
  x                   : R² (all) = 0.9637, R² (last) = 0.9987
  y                   : R² (all) = 0.9622, R² (last) = 0.9991

block_0_after_mlp_merge:
  F_magnitude         : R² (all) = 0.2630, R² (last) = 0.8930
  F_direction_x       : R² (all) = 0.9841, R² (last) = 0.9954
  F_direction_y       : R² (all) = 0.9828, R² (last) = 0.9959
  Fx                  : R² (all) = 0.2903, R² (last) = 0.6839
  Fy                  : R² (all) = 0.3097, R² (last) = 0.7689
  r                   : R² (all) = 0.7618, R² (last) = 0.9996
  inv_r               : R² (all) = 0.5734, R² (last) = 0.9711
  r_squared           : R² (all) = 0.6924, R² (last) = 0.9978
  inv_r_squared       : R² (all) = 0.2630, R² (last) = 0.8930
  inv_r_cubed         : R² (all) = 0.0855, R² (last) = 0.7735
  x                   : R² (all) = 0.9998, R² (last) = 1.0000
  y                   : R² (all) = 0.9997, R² (last) = 1.0000

block_1_attn_output:
  F_magnitude         : R² (all) = 0.3396, R² (last) = 0.7530
  F_direction_x       : R² (all) = 0.8795, R² (last) = 0.9789
  F_direction_y       : R² (all) = 0.8799, R² (last) = 0.9825
  Fx                  : R² (all) = 0.2487, R² (last) = 0.5632
  Fy                  : R² (all) = 0.2516, R² (last) = 0.6105
  r                   : R² (all) = 0.8221, R² (last) = 0.9252
  inv_r               : R² (all) = 0.6671, R² (last) = 0.8923
  r_squared           : R² (all) = 0.7535, R² (last) = 0.8801
  inv_r_squared       : R² (all) = 0.3396, R² (last) = 0.7531
  inv_r_cubed         : R² (all) = 0.1228, R² (last) = 0.5695
  x                   : R² (all) = 0.9170, R² (last) = 0.9738
  y                   : R² (all) = 0.9139, R² (last) = 0.9740

block_1_after_attn_merge:
  F_magnitude         : R² (all) = 0.3236, R² (last) = 0.9311
  F_direction_x       : R² (all) = 0.9848, R² (last) = 0.9974
  F_direction_y       : R² (all) = 0.9863, R² (last) = 0.9970
  Fx                  : R² (all) = 0.3616, R² (last) = 0.7786
  Fy                  : R² (all) = 0.4251, R² (last) = 0.8024
  r                   : R² (all) = 0.6953, R² (last) = 0.9908
  inv_r               : R² (all) = 0.6426, R² (last) = 0.9867
  r_squared           : R² (all) = 0.5791, R² (last) = 0.9646
  inv_r_squared       : R² (all) = 0.3236, R² (last) = 0.9311
  inv_r_cubed         : R² (all) = 0.1020, R² (last) = 0.8225
  x                   : R² (all) = 0.9945, R² (last) = 0.9996
  y                   : R² (all) = 0.9949, R² (last) = 0.9996

block_1_mlp_hidden:
  F_magnitude         : R² (all) = 0.6409, R² (last) = 0.9946
  F_direction_x       : R² (all) = 0.9942, R² (last) = 0.9997
  F_direction_y       : R² (all) = 0.9946, R² (last) = 0.9997
  Fx                  : R² (all) = 0.5436, R² (last) = 0.9730
  Fy                  : R² (all) = 0.5585, R² (last) = 0.9701
  r                   : R² (all) = 0.9796, R² (last) = 0.9998
  inv_r               : R² (all) = 0.9124, R² (last) = 0.9988
  r_squared           : R² (all) = 0.9710, R² (last) = 0.9994
  inv_r_squared       : R² (all) = 0.6409, R² (last) = 0.9946
  inv_r_cubed         : R² (all) = 0.3329, R² (last) = 0.9847
  x                   : R² (all) = 0.9974, R² (last) = 0.9999
  y                   : R² (all) = 0.9974, R² (last) = 0.9999

block_1_mlp_output:
  F_magnitude         : R² (all) = 0.3750, R² (last) = 0.8591
  F_direction_x       : R² (all) = 0.9822, R² (last) = 0.9960
  F_direction_y       : R² (all) = 0.9731, R² (last) = 0.9963
  Fx                  : R² (all) = 0.3653, R² (last) = 0.7405
  Fy                  : R² (all) = 0.3959, R² (last) = 0.8209
  r                   : R² (all) = 0.8010, R² (last) = 0.9388
  inv_r               : R² (all) = 0.7089, R² (last) = 0.9525
  r_squared           : R² (all) = 0.7319, R² (last) = 0.9081
  inv_r_squared       : R² (all) = 0.3750, R² (last) = 0.8591
  inv_r_cubed         : R² (all) = 0.1208, R² (last) = 0.7180
  x                   : R² (all) = 0.9855, R² (last) = 0.9968
  y                   : R² (all) = 0.9794, R² (last) = 0.9966

block_1_after_mlp_merge:
  F_magnitude         : R² (all) = 0.2857, R² (last) = 0.8498
  F_direction_x       : R² (all) = 0.9831, R² (last) = 0.9963
  F_direction_y       : R² (all) = 0.9837, R² (last) = 0.9958
  Fx                  : R² (all) = 0.3704, R² (last) = 0.7549
  Fy                  : R² (all) = 0.3671, R² (last) = 0.7812
  r                   : R² (all) = 0.6686, R² (last) = 0.9666
  inv_r               : R² (all) = 0.5774, R² (last) = 0.9355
  r_squared           : R² (all) = 0.5897, R² (last) = 0.9465
  inv_r_squared       : R² (all) = 0.2857, R² (last) = 0.8498
  inv_r_cubed         : R² (all) = 0.0903, R² (last) = 0.7396
  x                   : R² (all) = 0.9969, R² (last) = 0.9996
  y                   : R² (all) = 0.9966, R² (last) = 0.9999

after_ln_f:
  F_magnitude         : R² (all) = 0.2722, R² (last) = 0.8278
  F_direction_x       : R² (all) = 0.9750, R² (last) = 0.9944
  F_direction_y       : R² (all) = 0.9777, R² (last) = 0.9938
  Fx                  : R² (all) = 0.3412, R² (last) = 0.7188
  Fy                  : R² (all) = 0.3431, R² (last) = 0.7361
  r                   : R² (all) = 0.7031, R² (last) = 0.9745
  inv_r               : R² (all) = 0.5680, R² (last) = 0.9196
  r_squared           : R² (all) = 0.6292, R² (last) = 0.9639
  inv_r_squared       : R² (all) = 0.2722, R² (last) = 0.8278
  inv_r_cubed         : R² (all) = 0.0896, R² (last) = 0.7163
  x                   : R² (all) = 0.9990, R² (last) = 0.9998
  y                   : R² (all) = 0.9989, R² (last) = 0.9998
Evaluating on 500 trajectories...
Conditioning length: 50, Generating 50 more steps per trajectory...

Error Statistics (aggregated across all 500 trajectories):
Mean position error: 0.113298 ± 0.112881
Max position error: 1.030124
R² scores:
  X coordinate: 0.960594 ± 0.067704
  Y coordinate: 0.962255 ± 0.067040
Evaluating on 500 trajectories...
Conditioning length: 50, Generating 50 more steps per trajectory...

Error Statistics (aggregated across all 500 trajectories):
Mean position error: 0.114568 ± 0.111936
Max position error: 0.871104
R² scores:
  X coordinate: 0.954945 ± 0.083388
  Y coordinate: 0.954519 ± 0.084975
Evaluation at step 14001 completed.

Step 14100, Total Train Loss: 0.003388, Prediction Loss: 0.002637, Test Loss: 0.000515, Attention Entropy: 0.7512, Entropy Reg Loss: 0.000751, Entropy Reg Active: True, GPU Memory: 0.000 GB
Step 14200, Total Train Loss: 0.003370, Prediction Loss: 0.002622, Test Loss: 0.000457, Attention Entropy: 0.7473, Entropy Reg Loss: 0.000747, Entropy Reg Active: True, GPU Memory: 0.000 GB
Step 14300, Total Train Loss: 0.003161, Prediction Loss: 0.002410, Test Loss: 0.000347, Attention Entropy: 0.7515, Entropy Reg Loss: 0.000752, Entropy Reg Active: True, GPU Memory: 0.000 GB
Step 14400, Total Train Loss: 0.003283, Prediction Loss: 0.002536, Test Loss: 0.000394, Attention Entropy: 0.7468, Entropy Reg Loss: 0.000747, Entropy Reg Active: True, GPU Memory: 0.000 GB
Step 14500, Total Train Loss: 0.003325, Prediction Loss: 0.002570, Test Loss: 0.000393, Attention Entropy: 0.7542, Entropy Reg Loss: 0.000754, Entropy Reg Active: True, GPU Memory: 0.000 GB
Step 14600, Total Train Loss: 0.003446, Prediction Loss: 0.002694, Test Loss: 0.000446, Attention Entropy: 0.7525, Entropy Reg Loss: 0.000752, Entropy Reg Active: True, GPU Memory: 0.000 GB
Step 14700, Total Train Loss: 0.003497, Prediction Loss: 0.002749, Test Loss: 0.000355, Attention Entropy: 0.7481, Entropy Reg Loss: 0.000748, Entropy Reg Active: True, GPU Memory: 0.000 GB
Step 14800, Total Train Loss: 0.003460, Prediction Loss: 0.002706, Test Loss: 0.000415, Attention Entropy: 0.7546, Entropy Reg Loss: 0.000755, Entropy Reg Active: True, GPU Memory: 0.000 GB
Step 14900, Total Train Loss: 0.003276, Prediction Loss: 0.002515, Test Loss: 0.000543, Attention Entropy: 0.7605, Entropy Reg Loss: 0.000760, Entropy Reg Active: True, GPU Memory: 0.000 GB
Step 15000, Total Train Loss: 0.003453, Prediction Loss: 0.002707, Test Loss: 0.000355, Attention Entropy: 0.7458, Entropy Reg Loss: 0.000746, Entropy Reg Active: True, GPU Memory: 0.000 GB

Evaluating at step 15001...
Activations collected:
  input_embed: torch.Size([1000, 99, 32])
  after_pos_emb: torch.Size([1000, 99, 32])
  block_0_attn_output: torch.Size([1000, 99, 32])
  block_0_after_attn_merge: torch.Size([1000, 99, 32])
  block_0_mlp_hidden: torch.Size([1000, 99, 128])
  block_0_mlp_output: torch.Size([1000, 99, 32])
  block_0_after_mlp_merge: torch.Size([1000, 99, 32])
  block_1_attn_output: torch.Size([1000, 99, 32])
  block_1_after_attn_merge: torch.Size([1000, 99, 32])
  block_1_mlp_hidden: torch.Size([1000, 99, 128])
  block_1_mlp_output: torch.Size([1000, 99, 32])
  block_1_after_mlp_merge: torch.Size([1000, 99, 32])
  after_ln_f: torch.Size([1000, 99, 32])

Linear Probe Results (R² scores):
================================================================================

input_embed:
  F_magnitude         : R² (all) = 0.0002, R² (last) = 0.0008
  F_direction_x       : R² (all) = 0.8259, R² (last) = 0.8148
  F_direction_y       : R² (all) = 0.8298, R² (last) = 0.8376
  Fx                  : R² (all) = 0.0670, R² (last) = 0.0724
  Fy                  : R² (all) = 0.0646, R² (last) = 0.0934
  r                   : R² (all) = 0.0045, R² (last) = 0.0103
  inv_r               : R² (all) = 0.0009, R² (last) = 0.0023
  r_squared           : R² (all) = 0.0067, R² (last) = 0.0138
  inv_r_squared       : R² (all) = 0.0002, R² (last) = 0.0008
  inv_r_cubed         : R² (all) = 0.0000, R² (last) = 0.0003
  x                   : R² (all) = 1.0000, R² (last) = 1.0000
  y                   : R² (all) = 1.0000, R² (last) = 1.0000

after_pos_emb:
  F_magnitude         : R² (all) = 0.0388, R² (last) = 0.0008
  F_direction_x       : R² (all) = 0.8261, R² (last) = 0.8148
  F_direction_y       : R² (all) = 0.8299, R² (last) = 0.8376
  Fx                  : R² (all) = 0.0672, R² (last) = 0.0724
  Fy                  : R² (all) = 0.0648, R² (last) = 0.0934
  r                   : R² (all) = 0.0644, R² (last) = 0.0103
  inv_r               : R² (all) = 0.0484, R² (last) = 0.0023
  r_squared           : R² (all) = 0.0731, R² (last) = 0.0138
  inv_r_squared       : R² (all) = 0.0388, R² (last) = 0.0008
  inv_r_cubed         : R² (all) = 0.0267, R² (last) = 0.0003
  x                   : R² (all) = 1.0000, R² (last) = 1.0000
  y                   : R² (all) = 1.0000, R² (last) = 1.0000

block_0_attn_output:
  F_magnitude         : R² (all) = 0.2728, R² (last) = 0.7705
  F_direction_x       : R² (all) = 0.8566, R² (last) = 0.8789
  F_direction_y       : R² (all) = 0.8575, R² (last) = 0.9248
  Fx                  : R² (all) = 0.0773, R² (last) = 0.1728
  Fy                  : R² (all) = 0.0730, R² (last) = 0.2565
  r                   : R² (all) = 0.9179, R² (last) = 0.9931
  inv_r               : R² (all) = 0.6099, R² (last) = 0.9355
  r_squared           : R² (all) = 0.8430, R² (last) = 0.9900
  inv_r_squared       : R² (all) = 0.2728, R² (last) = 0.7707
  inv_r_cubed         : R² (all) = 0.0919, R² (last) = 0.5518
  x                   : R² (all) = 0.9464, R² (last) = 0.9830
  y                   : R² (all) = 0.9487, R² (last) = 0.9821

block_0_after_attn_merge:
  F_magnitude         : R² (all) = 0.4117, R² (last) = 0.8285
  F_direction_x       : R² (all) = 0.9633, R² (last) = 0.1162
  F_direction_y       : R² (all) = 0.9634, R² (last) = 0.3794
  Fx                  : R² (all) = 0.1933, R² (last) = -1.4376
  Fy                  : R² (all) = 0.1801, R² (last) = -10.9973
  r                   : R² (all) = 0.8336, R² (last) = 0.9563
  inv_r               : R² (all) = 0.7543, R² (last) = 0.9633
  r_squared           : R² (all) = 0.6802, R² (last) = 0.9797
  inv_r_squared       : R² (all) = 0.4117, R² (last) = 0.8285
  inv_r_cubed         : R² (all) = 0.1730, R² (last) = 0.5773
  x                   : R² (all) = 0.9594, R² (last) = -1.7191
  y                   : R² (all) = 0.9578, R² (last) = 0.4540

block_0_mlp_hidden:
  F_magnitude         : R² (all) = 0.6347, R² (last) = 0.9017
  F_direction_x       : R² (all) = 0.9868, R² (last) = 0.9982
  F_direction_y       : R² (all) = 0.9869, R² (last) = 0.9982
  Fx                  : R² (all) = 0.4112, R² (last) = 0.8759
  Fy                  : R² (all) = 0.4203, R² (last) = 0.5152
  r                   : R² (all) = 0.9861, R² (last) = 0.9999
  inv_r               : R² (all) = 0.9018, R² (last) = 0.9864
  r_squared           : R² (all) = 0.9517, R² (last) = 0.9996
  inv_r_squared       : R² (all) = 0.6347, R² (last) = 0.9019
  inv_r_cubed         : R² (all) = 0.3648, R² (last) = 0.6781
  x                   : R² (all) = 0.9906, R² (last) = 1.0000
  y                   : R² (all) = 0.9902, R² (last) = 1.0000

block_0_mlp_output:
  F_magnitude         : R² (all) = 0.4809, R² (last) = 0.8422
  F_direction_x       : R² (all) = 0.9738, R² (last) = 0.9943
  F_direction_y       : R² (all) = 0.9713, R² (last) = 0.9955
  Fx                  : R² (all) = 0.2757, R² (last) = 0.6149
  Fy                  : R² (all) = 0.2482, R² (last) = 0.6966
  r                   : R² (all) = 0.8364, R² (last) = 0.9985
  inv_r               : R² (all) = 0.8053, R² (last) = 0.9602
  r_squared           : R² (all) = 0.7193, R² (last) = 0.9921
  inv_r_squared       : R² (all) = 0.4809, R² (last) = 0.8422
  inv_r_cubed         : R² (all) = 0.2126, R² (last) = 0.6670
  x                   : R² (all) = 0.9638, R² (last) = 0.9985
  y                   : R² (all) = 0.9610, R² (last) = 0.9990

block_0_after_mlp_merge:
  F_magnitude         : R² (all) = 0.3010, R² (last) = 0.8516
  F_direction_x       : R² (all) = 0.9838, R² (last) = 0.9944
  F_direction_y       : R² (all) = 0.9822, R² (last) = 0.9954
  Fx                  : R² (all) = 0.3578, R² (last) = 0.6260
  Fy                  : R² (all) = 0.3411, R² (last) = 0.7246
  r                   : R² (all) = 0.7635, R² (last) = 0.9995
  inv_r               : R² (all) = 0.5840, R² (last) = 0.9605
  r_squared           : R² (all) = 0.6971, R² (last) = 0.9975
  inv_r_squared       : R² (all) = 0.3010, R² (last) = 0.8516
  inv_r_cubed         : R² (all) = 0.1192, R² (last) = 0.6884
  x                   : R² (all) = 0.9998, R² (last) = 1.0000
  y                   : R² (all) = 0.9997, R² (last) = 1.0000

block_1_attn_output:
  F_magnitude         : R² (all) = 0.3880, R² (last) = 0.7003
  F_direction_x       : R² (all) = 0.8753, R² (last) = 0.9812
  F_direction_y       : R² (all) = 0.8809, R² (last) = 0.9790
  Fx                  : R² (all) = 0.3190, R² (last) = 0.5752
  Fy                  : R² (all) = 0.2806, R² (last) = 0.5366
  r                   : R² (all) = 0.8242, R² (last) = 0.9263
  inv_r               : R² (all) = 0.6805, R² (last) = 0.8728
  r_squared           : R² (all) = 0.7553, R² (last) = 0.8799
  inv_r_squared       : R² (all) = 0.3880, R² (last) = 0.7003
  inv_r_cubed         : R² (all) = 0.1742, R² (last) = 0.4910
  x                   : R² (all) = 0.9129, R² (last) = 0.9751
  y                   : R² (all) = 0.9148, R² (last) = 0.9754

block_1_after_attn_merge:
  F_magnitude         : R² (all) = 0.3868, R² (last) = 0.8810
  F_direction_x       : R² (all) = 0.9846, R² (last) = 0.9967
  F_direction_y       : R² (all) = 0.9861, R² (last) = 0.9967
  Fx                  : R² (all) = 0.4482, R² (last) = 0.7198
  Fy                  : R² (all) = 0.4664, R² (last) = 0.7788
  r                   : R² (all) = 0.6955, R² (last) = 0.9894
  inv_r               : R² (all) = 0.6601, R² (last) = 0.9758
  r_squared           : R² (all) = 0.5809, R² (last) = 0.9607
  inv_r_squared       : R² (all) = 0.3868, R² (last) = 0.8810
  inv_r_cubed         : R² (all) = 0.1631, R² (last) = 0.7177
  x                   : R² (all) = 0.9938, R² (last) = 0.9995
  y                   : R² (all) = 0.9944, R² (last) = 0.9996

block_1_mlp_hidden:
  F_magnitude         : R² (all) = 0.7286, R² (last) = 0.9904
  F_direction_x       : R² (all) = 0.9943, R² (last) = 0.9997
  F_direction_y       : R² (all) = 0.9946, R² (last) = 0.9997
  Fx                  : R² (all) = 0.6306, R² (last) = 0.9590
  Fy                  : R² (all) = 0.6047, R² (last) = 0.9762
  r                   : R² (all) = 0.9791, R² (last) = 0.9998
  inv_r               : R² (all) = 0.9274, R² (last) = 0.9982
  r_squared           : R² (all) = 0.9703, R² (last) = 0.9994
  inv_r_squared       : R² (all) = 0.7286, R² (last) = 0.9904
  inv_r_cubed         : R² (all) = 0.4587, R² (last) = 0.9714
  x                   : R² (all) = 0.9973, R² (last) = 0.9999
  y                   : R² (all) = 0.9972, R² (last) = 0.9999

block_1_mlp_output:
  F_magnitude         : R² (all) = 0.4378, R² (last) = 0.8680
  F_direction_x       : R² (all) = 0.9824, R² (last) = 0.9948
  F_direction_y       : R² (all) = 0.9725, R² (last) = 0.9956
  Fx                  : R² (all) = 0.4524, R² (last) = 0.6629
  Fy                  : R² (all) = 0.4383, R² (last) = 0.7839
  r                   : R² (all) = 0.7932, R² (last) = 0.9416
  inv_r               : R² (all) = 0.7165, R² (last) = 0.9526
  r_squared           : R² (all) = 0.7302, R² (last) = 0.9125
  inv_r_squared       : R² (all) = 0.4378, R² (last) = 0.8680
  inv_r_cubed         : R² (all) = 0.1878, R² (last) = 0.7287
  x                   : R² (all) = 0.9842, R² (last) = 0.9967
  y                   : R² (all) = 0.9771, R² (last) = 0.9960

block_1_after_mlp_merge:
  F_magnitude         : R² (all) = 0.3412, R² (last) = 0.7764
  F_direction_x       : R² (all) = 0.9825, R² (last) = 0.9953
  F_direction_y       : R² (all) = 0.9837, R² (last) = 0.9957
  Fx                  : R² (all) = 0.4457, R² (last) = 0.6951
  Fy                  : R² (all) = 0.4030, R² (last) = 0.7927
  r                   : R² (all) = 0.6673, R² (last) = 0.9642
  inv_r               : R² (all) = 0.5955, R² (last) = 0.9151
  r_squared           : R² (all) = 0.5849, R² (last) = 0.9372
  inv_r_squared       : R² (all) = 0.3412, R² (last) = 0.7764
  inv_r_cubed         : R² (all) = 0.1424, R² (last) = 0.5964
  x                   : R² (all) = 0.9968, R² (last) = 0.9995
  y                   : R² (all) = 0.9964, R² (last) = 0.9999

after_ln_f:
  F_magnitude         : R² (all) = 0.3261, R² (last) = 0.7667
  F_direction_x       : R² (all) = 0.9743, R² (last) = 0.9920
  F_direction_y       : R² (all) = 0.9780, R² (last) = 0.9944
  Fx                  : R² (all) = 0.4044, R² (last) = 0.6537
  Fy                  : R² (all) = 0.3799, R² (last) = 0.7464
  r                   : R² (all) = 0.6996, R² (last) = 0.9691
  inv_r               : R² (all) = 0.5870, R² (last) = 0.9032
  r_squared           : R² (all) = 0.6211, R² (last) = 0.9519
  inv_r_squared       : R² (all) = 0.3261, R² (last) = 0.7667
  inv_r_cubed         : R² (all) = 0.1394, R² (last) = 0.5914
  x                   : R² (all) = 0.9989, R² (last) = 0.9998
  y                   : R² (all) = 0.9988, R² (last) = 0.9997
Evaluating on 500 trajectories...
Conditioning length: 50, Generating 50 more steps per trajectory...

Error Statistics (aggregated across all 500 trajectories):
Mean position error: 0.112005 ± 0.124300
Max position error: 1.042223
R² scores:
  X coordinate: 0.963793 ± 0.063028
  Y coordinate: 0.963211 ± 0.064339
Evaluating on 500 trajectories...
Conditioning length: 50, Generating 50 more steps per trajectory...

Error Statistics (aggregated across all 500 trajectories):
Mean position error: 0.109860 ± 0.118534
Max position error: 1.064792
R² scores:
  X coordinate: 0.964570 ± 0.062108
  Y coordinate: 0.964245 ± 0.062925
Evaluation at step 15001 completed.

Step 15100, Total Train Loss: 0.003291, Prediction Loss: 0.002537, Test Loss: 0.000465, Attention Entropy: 0.7538, Entropy Reg Loss: 0.000754, Entropy Reg Active: True, GPU Memory: 0.000 GB
Step 15200, Total Train Loss: 0.003344, Prediction Loss: 0.002587, Test Loss: 0.000370, Attention Entropy: 0.7561, Entropy Reg Loss: 0.000756, Entropy Reg Active: True, GPU Memory: 0.000 GB
Step 15300, Total Train Loss: 0.003425, Prediction Loss: 0.002674, Test Loss: 0.000364, Attention Entropy: 0.7509, Entropy Reg Loss: 0.000751, Entropy Reg Active: True, GPU Memory: 0.000 GB
Step 15400, Total Train Loss: 0.003415, Prediction Loss: 0.002662, Test Loss: 0.000320, Attention Entropy: 0.7529, Entropy Reg Loss: 0.000753, Entropy Reg Active: True, GPU Memory: 0.000 GB
Step 15500, Total Train Loss: 0.003442, Prediction Loss: 0.002694, Test Loss: 0.000364, Attention Entropy: 0.7486, Entropy Reg Loss: 0.000749, Entropy Reg Active: True, GPU Memory: 0.000 GB
Step 15600, Total Train Loss: 0.003427, Prediction Loss: 0.002674, Test Loss: 0.000357, Attention Entropy: 0.7532, Entropy Reg Loss: 0.000753, Entropy Reg Active: True, GPU Memory: 0.000 GB
Step 15700, Total Train Loss: 0.003301, Prediction Loss: 0.002551, Test Loss: 0.000376, Attention Entropy: 0.7498, Entropy Reg Loss: 0.000750, Entropy Reg Active: True, GPU Memory: 0.000 GB
Step 15800, Total Train Loss: 0.003355, Prediction Loss: 0.002597, Test Loss: 0.000384, Attention Entropy: 0.7587, Entropy Reg Loss: 0.000759, Entropy Reg Active: True, GPU Memory: 0.000 GB
Step 15900, Total Train Loss: 0.003394, Prediction Loss: 0.002643, Test Loss: 0.000468, Attention Entropy: 0.7513, Entropy Reg Loss: 0.000751, Entropy Reg Active: True, GPU Memory: 0.000 GB
Step 16000, Total Train Loss: 0.003249, Prediction Loss: 0.002489, Test Loss: 0.000432, Attention Entropy: 0.7601, Entropy Reg Loss: 0.000760, Entropy Reg Active: True, GPU Memory: 0.000 GB

Evaluating at step 16001...
Activations collected:
  input_embed: torch.Size([1000, 99, 32])
  after_pos_emb: torch.Size([1000, 99, 32])
  block_0_attn_output: torch.Size([1000, 99, 32])
  block_0_after_attn_merge: torch.Size([1000, 99, 32])
  block_0_mlp_hidden: torch.Size([1000, 99, 128])
  block_0_mlp_output: torch.Size([1000, 99, 32])
  block_0_after_mlp_merge: torch.Size([1000, 99, 32])
  block_1_attn_output: torch.Size([1000, 99, 32])
  block_1_after_attn_merge: torch.Size([1000, 99, 32])
  block_1_mlp_hidden: torch.Size([1000, 99, 128])
  block_1_mlp_output: torch.Size([1000, 99, 32])
  block_1_after_mlp_merge: torch.Size([1000, 99, 32])
  after_ln_f: torch.Size([1000, 99, 32])

Linear Probe Results (R² scores):
================================================================================

input_embed:
  F_magnitude         : R² (all) = 0.0002, R² (last) = 0.0000
  F_direction_x       : R² (all) = 0.8290, R² (last) = 0.8323
  F_direction_y       : R² (all) = 0.8297, R² (last) = 0.8379
  Fx                  : R² (all) = 0.0694, R² (last) = 0.0626
  Fy                  : R² (all) = 0.0712, R² (last) = 0.0727
  r                   : R² (all) = 0.0029, R² (last) = 0.0004
  inv_r               : R² (all) = 0.0008, R² (last) = -0.0000
  r_squared           : R² (all) = 0.0037, R² (last) = 0.0009
  inv_r_squared       : R² (all) = 0.0002, R² (last) = 0.0000
  inv_r_cubed         : R² (all) = 0.0000, R² (last) = 0.0000
  x                   : R² (all) = 1.0000, R² (last) = 1.0000
  y                   : R² (all) = 1.0000, R² (last) = 1.0000

after_pos_emb:
  F_magnitude         : R² (all) = 0.0399, R² (last) = 0.0000
  F_direction_x       : R² (all) = 0.8291, R² (last) = 0.8323
  F_direction_y       : R² (all) = 0.8298, R² (last) = 0.8379
  Fx                  : R² (all) = 0.0702, R² (last) = 0.0625
  Fy                  : R² (all) = 0.0715, R² (last) = 0.0727
  r                   : R² (all) = 0.0741, R² (last) = 0.0004
  inv_r               : R² (all) = 0.0521, R² (last) = 0.0000
  r_squared           : R² (all) = 0.0825, R² (last) = 0.0009
  inv_r_squared       : R² (all) = 0.0399, R² (last) = 0.0000
  inv_r_cubed         : R² (all) = 0.0262, R² (last) = 0.0000
  x                   : R² (all) = 1.0000, R² (last) = 1.0000
  y                   : R² (all) = 1.0000, R² (last) = 1.0000

block_0_attn_output:
  F_magnitude         : R² (all) = 0.2968, R² (last) = 0.6980
  F_direction_x       : R² (all) = 0.8598, R² (last) = 0.8778
  F_direction_y       : R² (all) = 0.8650, R² (last) = 0.9106
  Fx                  : R² (all) = 0.0799, R² (last) = 0.1167
  Fy                  : R² (all) = 0.0839, R² (last) = 0.1916
  r                   : R² (all) = 0.9168, R² (last) = 0.9936
  inv_r               : R² (all) = 0.6235, R² (last) = 0.9210
  r_squared           : R² (all) = 0.8389, R² (last) = 0.9908
  inv_r_squared       : R² (all) = 0.2968, R² (last) = 0.6981
  inv_r_cubed         : R² (all) = 0.1035, R² (last) = 0.4455
  x                   : R² (all) = 0.9478, R² (last) = 0.9831
  y                   : R² (all) = 0.9461, R² (last) = 0.9820

block_0_after_attn_merge:
  F_magnitude         : R² (all) = 0.4465, R² (last) = 0.7434
  F_direction_x       : R² (all) = 0.9651, R² (last) = 0.8472
  F_direction_y       : R² (all) = 0.9649, R² (last) = 0.7403
  Fx                  : R² (all) = 0.2054, R² (last) = -1.3995
  Fy                  : R² (all) = 0.2038, R² (last) = -0.7821
  r                   : R² (all) = 0.8307, R² (last) = 0.9624
  inv_r               : R² (all) = 0.7711, R² (last) = 0.9504
  r_squared           : R² (all) = 0.6760, R² (last) = 0.9606
  inv_r_squared       : R² (all) = 0.4465, R² (last) = 0.7431
  inv_r_cubed         : R² (all) = 0.1931, R² (last) = 0.4945
  x                   : R² (all) = 0.9601, R² (last) = 0.7432
  y                   : R² (all) = 0.9602, R² (last) = 0.5515

block_0_mlp_hidden:
  F_magnitude         : R² (all) = 0.6644, R² (last) = 0.9216
  F_direction_x       : R² (all) = 0.9879, R² (last) = 0.9992
  F_direction_y       : R² (all) = 0.9879, R² (last) = 0.9971
  Fx                  : R² (all) = 0.4478, R² (last) = 0.8759
  Fy                  : R² (all) = 0.4694, R² (last) = 0.5199
  r                   : R² (all) = 0.9868, R² (last) = 1.0000
  inv_r               : R² (all) = 0.9108, R² (last) = 0.9845
  r_squared           : R² (all) = 0.9537, R² (last) = 0.9996
  inv_r_squared       : R² (all) = 0.6644, R² (last) = 0.9216
  inv_r_cubed         : R² (all) = 0.3847, R² (last) = 0.8230
  x                   : R² (all) = 0.9910, R² (last) = 1.0000
  y                   : R² (all) = 0.9911, R² (last) = 1.0000

block_0_mlp_output:
  F_magnitude         : R² (all) = 0.5243, R² (last) = 0.7585
  F_direction_x       : R² (all) = 0.9750, R² (last) = 0.9950
  F_direction_y       : R² (all) = 0.9729, R² (last) = 0.9953
  Fx                  : R² (all) = 0.2948, R² (last) = 0.5837
  Fy                  : R² (all) = 0.2830, R² (last) = 0.6919
  r                   : R² (all) = 0.8354, R² (last) = 0.9981
  inv_r               : R² (all) = 0.8189, R² (last) = 0.9433
  r_squared           : R² (all) = 0.7233, R² (last) = 0.9905
  inv_r_squared       : R² (all) = 0.5243, R² (last) = 0.7585
  inv_r_cubed         : R² (all) = 0.2476, R² (last) = 0.5279
  x                   : R² (all) = 0.9644, R² (last) = 0.9986
  y                   : R² (all) = 0.9631, R² (last) = 0.9990

block_0_after_mlp_merge:
  F_magnitude         : R² (all) = 0.3423, R² (last) = 0.7812
  F_direction_x       : R² (all) = 0.9846, R² (last) = 0.9951
  F_direction_y       : R² (all) = 0.9827, R² (last) = 0.9947
  Fx                  : R² (all) = 0.3815, R² (last) = 0.5999
  Fy                  : R² (all) = 0.3837, R² (last) = 0.6758
  r                   : R² (all) = 0.7649, R² (last) = 0.9995
  inv_r               : R² (all) = 0.6045, R² (last) = 0.9480
  r_squared           : R² (all) = 0.7009, R² (last) = 0.9973
  inv_r_squared       : R² (all) = 0.3423, R² (last) = 0.7812
  inv_r_cubed         : R² (all) = 0.1486, R² (last) = 0.5651
  x                   : R² (all) = 0.9998, R² (last) = 1.0000
  y                   : R² (all) = 0.9997, R² (last) = 1.0000

block_1_attn_output:
  F_magnitude         : R² (all) = 0.4278, R² (last) = 0.6275
  F_direction_x       : R² (all) = 0.8792, R² (last) = 0.9773
  F_direction_y       : R² (all) = 0.8832, R² (last) = 0.9781
  Fx                  : R² (all) = 0.3321, R² (last) = 0.5012
  Fy                  : R² (all) = 0.3235, R² (last) = 0.4933
  r                   : R² (all) = 0.8208, R² (last) = 0.9294
  inv_r               : R² (all) = 0.6979, R² (last) = 0.8576
  r_squared           : R² (all) = 0.7502, R² (last) = 0.8873
  inv_r_squared       : R² (all) = 0.4278, R² (last) = 0.6275
  inv_r_cubed         : R² (all) = 0.1999, R² (last) = 0.3878
  x                   : R² (all) = 0.9135, R² (last) = 0.9659
  y                   : R² (all) = 0.9177, R² (last) = 0.9738

block_1_after_attn_merge:
  F_magnitude         : R² (all) = 0.4199, R² (last) = 0.8431
  F_direction_x       : R² (all) = 0.9854, R² (last) = 0.9973
  F_direction_y       : R² (all) = 0.9861, R² (last) = 0.9970
  Fx                  : R² (all) = 0.4605, R² (last) = 0.6816
  Fy                  : R² (all) = 0.5292, R² (last) = 0.8039
  r                   : R² (all) = 0.6984, R² (last) = 0.9890
  inv_r               : R² (all) = 0.6738, R² (last) = 0.9719
  r_squared           : R² (all) = 0.5853, R² (last) = 0.9632
  inv_r_squared       : R² (all) = 0.4199, R² (last) = 0.8431
  inv_r_cubed         : R² (all) = 0.1870, R² (last) = 0.6530
  x                   : R² (all) = 0.9938, R² (last) = 0.9995
  y                   : R² (all) = 0.9945, R² (last) = 0.9995

block_1_mlp_hidden:
  F_magnitude         : R² (all) = 0.7640, R² (last) = 0.9882
  F_direction_x       : R² (all) = 0.9947, R² (last) = 0.9997
  F_direction_y       : R² (all) = 0.9951, R² (last) = 0.9997
  Fx                  : R² (all) = 0.6583, R² (last) = 0.9631
  Fy                  : R² (all) = 0.6875, R² (last) = 0.9712
  r                   : R² (all) = 0.9811, R² (last) = 0.9997
  inv_r               : R² (all) = 0.9373, R² (last) = 0.9977
  r_squared           : R² (all) = 0.9727, R² (last) = 0.9992
  inv_r_squared       : R² (all) = 0.7640, R² (last) = 0.9882
  inv_r_cubed         : R² (all) = 0.4952, R² (last) = 0.9700
  x                   : R² (all) = 0.9974, R² (last) = 0.9999
  y                   : R² (all) = 0.9973, R² (last) = 0.9999

block_1_mlp_output:
  F_magnitude         : R² (all) = 0.4887, R² (last) = 0.7981
  F_direction_x       : R² (all) = 0.9831, R² (last) = 0.9960
  F_direction_y       : R² (all) = 0.9730, R² (last) = 0.9955
  Fx                  : R² (all) = 0.4709, R² (last) = 0.6513
  Fy                  : R² (all) = 0.5086, R² (last) = 0.7597
  r                   : R² (all) = 0.7940, R² (last) = 0.9392
  inv_r               : R² (all) = 0.7282, R² (last) = 0.9425
  r_squared           : R² (all) = 0.7373, R² (last) = 0.9059
  inv_r_squared       : R² (all) = 0.4887, R² (last) = 0.7981
  inv_r_cubed         : R² (all) = 0.2398, R² (last) = 0.6001
  x                   : R² (all) = 0.9845, R² (last) = 0.9970
  y                   : R² (all) = 0.9770, R² (last) = 0.9958

block_1_after_mlp_merge:
  F_magnitude         : R² (all) = 0.3644, R² (last) = 0.7707
  F_direction_x       : R² (all) = 0.9831, R² (last) = 0.9959
  F_direction_y       : R² (all) = 0.9838, R² (last) = 0.9954
  Fx                  : R² (all) = 0.4654, R² (last) = 0.6393
  Fy                  : R² (all) = 0.4550, R² (last) = 0.7750
  r                   : R² (all) = 0.6608, R² (last) = 0.9654
  inv_r               : R² (all) = 0.5974, R² (last) = 0.9182
  r_squared           : R² (all) = 0.5804, R² (last) = 0.9380
  inv_r_squared       : R² (all) = 0.3644, R² (last) = 0.7707
  inv_r_cubed         : R² (all) = 0.1610, R² (last) = 0.6010
  x                   : R² (all) = 0.9968, R² (last) = 0.9995
  y                   : R² (all) = 0.9966, R² (last) = 0.9999

after_ln_f:
  F_magnitude         : R² (all) = 0.3420, R² (last) = 0.7267
  F_direction_x       : R² (all) = 0.9752, R² (last) = 0.9928
  F_direction_y       : R² (all) = 0.9782, R² (last) = 0.9936
  Fx                  : R² (all) = 0.4199, R² (last) = 0.5954
  Fy                  : R² (all) = 0.4216, R² (last) = 0.7075
  r                   : R² (all) = 0.6980, R² (last) = 0.9685
  inv_r               : R² (all) = 0.5891, R² (last) = 0.8929
  r_squared           : R² (all) = 0.6206, R² (last) = 0.9516
  inv_r_squared       : R² (all) = 0.3420, R² (last) = 0.7267
  inv_r_cubed         : R² (all) = 0.1484, R² (last) = 0.5455
  x                   : R² (all) = 0.9990, R² (last) = 0.9997
  y                   : R² (all) = 0.9990, R² (last) = 0.9998
Evaluating on 500 trajectories...
Conditioning length: 50, Generating 50 more steps per trajectory...

Error Statistics (aggregated across all 500 trajectories):
Mean position error: 0.142169 ± 0.121955
Max position error: 0.879827
R² scores:
  X coordinate: 0.942308 ± 0.089999
  Y coordinate: 0.943365 ± 0.090705
Evaluating on 500 trajectories...
Conditioning length: 50, Generating 50 more steps per trajectory...

Error Statistics (aggregated across all 500 trajectories):
Mean position error: 0.148295 ± 0.125409
Max position error: 0.786411
R² scores:
  X coordinate: 0.940904 ± 0.084125
  Y coordinate: 0.942673 ± 0.083877
Evaluation at step 16001 completed.

Step 16100, Total Train Loss: 0.003417, Prediction Loss: 0.002662, Test Loss: 0.000398, Attention Entropy: 0.7550, Entropy Reg Loss: 0.000755, Entropy Reg Active: True, GPU Memory: 0.000 GB
Step 16200, Total Train Loss: 0.003319, Prediction Loss: 0.002567, Test Loss: 0.000412, Attention Entropy: 0.7516, Entropy Reg Loss: 0.000752, Entropy Reg Active: True, GPU Memory: 0.000 GB
Step 16300, Total Train Loss: 0.003446, Prediction Loss: 0.002688, Test Loss: 0.000370, Attention Entropy: 0.7584, Entropy Reg Loss: 0.000758, Entropy Reg Active: True, GPU Memory: 0.000 GB
Step 16400, Total Train Loss: 0.003178, Prediction Loss: 0.002426, Test Loss: 0.000364, Attention Entropy: 0.7522, Entropy Reg Loss: 0.000752, Entropy Reg Active: True, GPU Memory: 0.000 GB
Step 16500, Total Train Loss: 0.003364, Prediction Loss: 0.002614, Test Loss: 0.000446, Attention Entropy: 0.7505, Entropy Reg Loss: 0.000751, Entropy Reg Active: True, GPU Memory: 0.000 GB
Step 16600, Total Train Loss: 0.003545, Prediction Loss: 0.002792, Test Loss: 0.000364, Attention Entropy: 0.7532, Entropy Reg Loss: 0.000753, Entropy Reg Active: True, GPU Memory: 0.000 GB
Step 16700, Total Train Loss: 0.003249, Prediction Loss: 0.002495, Test Loss: 0.000449, Attention Entropy: 0.7541, Entropy Reg Loss: 0.000754, Entropy Reg Active: True, GPU Memory: 0.000 GB
Step 16800, Total Train Loss: 0.003300, Prediction Loss: 0.002546, Test Loss: 0.000336, Attention Entropy: 0.7531, Entropy Reg Loss: 0.000753, Entropy Reg Active: True, GPU Memory: 0.000 GB
Step 16900, Total Train Loss: 0.003504, Prediction Loss: 0.002756, Test Loss: 0.000393, Attention Entropy: 0.7479, Entropy Reg Loss: 0.000748, Entropy Reg Active: True, GPU Memory: 0.000 GB
Step 17000, Total Train Loss: 0.003282, Prediction Loss: 0.002529, Test Loss: 0.000375, Attention Entropy: 0.7531, Entropy Reg Loss: 0.000753, Entropy Reg Active: True, GPU Memory: 0.000 GB

Evaluating at step 17001...
Activations collected:
  input_embed: torch.Size([1000, 99, 32])
  after_pos_emb: torch.Size([1000, 99, 32])
  block_0_attn_output: torch.Size([1000, 99, 32])
  block_0_after_attn_merge: torch.Size([1000, 99, 32])
  block_0_mlp_hidden: torch.Size([1000, 99, 128])
  block_0_mlp_output: torch.Size([1000, 99, 32])
  block_0_after_mlp_merge: torch.Size([1000, 99, 32])
  block_1_attn_output: torch.Size([1000, 99, 32])
  block_1_after_attn_merge: torch.Size([1000, 99, 32])
  block_1_mlp_hidden: torch.Size([1000, 99, 128])
  block_1_mlp_output: torch.Size([1000, 99, 32])
  block_1_after_mlp_merge: torch.Size([1000, 99, 32])
  after_ln_f: torch.Size([1000, 99, 32])

Linear Probe Results (R² scores):
================================================================================

input_embed:
  F_magnitude         : R² (all) = 0.0000, R² (last) = -0.0000
  F_direction_x       : R² (all) = 0.8278, R² (last) = 0.8280
  F_direction_y       : R² (all) = 0.8292, R² (last) = 0.8308
  Fx                  : R² (all) = 0.0716, R² (last) = 0.0934
  Fy                  : R² (all) = 0.0752, R² (last) = 0.0783
  r                   : R² (all) = 0.0008, R² (last) = 0.0002
  inv_r               : R² (all) = 0.0001, R² (last) = 0.0001
  r_squared           : R² (all) = 0.0010, R² (last) = 0.0003
  inv_r_squared       : R² (all) = 0.0000, R² (last) = -0.0000
  inv_r_cubed         : R² (all) = 0.0000, R² (last) = -0.0000
  x                   : R² (all) = 1.0000, R² (last) = 1.0000
  y                   : R² (all) = 1.0000, R² (last) = 1.0000

after_pos_emb:
  F_magnitude         : R² (all) = 0.0425, R² (last) = 0.0000
  F_direction_x       : R² (all) = 0.8279, R² (last) = 0.8280
  F_direction_y       : R² (all) = 0.8293, R² (last) = 0.8308
  Fx                  : R² (all) = 0.0719, R² (last) = 0.0934
  Fy                  : R² (all) = 0.0757, R² (last) = 0.0783
  r                   : R² (all) = 0.0657, R² (last) = 0.0003
  inv_r               : R² (all) = 0.0513, R² (last) = 0.0001
  r_squared           : R² (all) = 0.0730, R² (last) = 0.0004
  inv_r_squared       : R² (all) = 0.0425, R² (last) = 0.0000
  inv_r_cubed         : R² (all) = 0.0302, R² (last) = 0.0000
  x                   : R² (all) = 1.0000, R² (last) = 1.0000
  y                   : R² (all) = 1.0000, R² (last) = 1.0000

block_0_attn_output:
  F_magnitude         : R² (all) = 0.2889, R² (last) = 0.7430
  F_direction_x       : R² (all) = 0.8612, R² (last) = 0.8947
  F_direction_y       : R² (all) = 0.8549, R² (last) = 0.9220
  Fx                  : R² (all) = 0.0836, R² (last) = 0.1750
  Fy                  : R² (all) = 0.0839, R² (last) = 0.2139
  r                   : R² (all) = 0.9175, R² (last) = 0.9930
  inv_r               : R² (all) = 0.6120, R² (last) = 0.9326
  r_squared           : R² (all) = 0.8441, R² (last) = 0.9901
  inv_r_squared       : R² (all) = 0.2889, R² (last) = 0.7439
  inv_r_cubed         : R² (all) = 0.1055, R² (last) = 0.5061
  x                   : R² (all) = 0.9474, R² (last) = 0.9833
  y                   : R² (all) = 0.9456, R² (last) = 0.9762

block_0_after_attn_merge:
  F_magnitude         : R² (all) = 0.4403, R² (last) = 0.8105
  F_direction_x       : R² (all) = 0.9640, R² (last) = 0.9807
  F_direction_y       : R² (all) = 0.9638, R² (last) = 0.9798
  Fx                  : R² (all) = 0.2023, R² (last) = 0.3995
  Fy                  : R² (all) = 0.2054, R² (last) = 0.3622
  r                   : R² (all) = 0.8345, R² (last) = 0.9885
  inv_r               : R² (all) = 0.7613, R² (last) = 0.9626
  r_squared           : R² (all) = 0.6822, R² (last) = 0.9860
  inv_r_squared       : R² (all) = 0.4403, R² (last) = 0.8107
  inv_r_cubed         : R² (all) = 0.1998, R² (last) = 0.5834
  x                   : R² (all) = 0.9582, R² (last) = 0.9832
  y                   : R² (all) = 0.9594, R² (last) = 0.9779

block_0_mlp_hidden:
  F_magnitude         : R² (all) = 0.6659, R² (last) = 0.9605
  F_direction_x       : R² (all) = 0.9878, R² (last) = 0.9997
  F_direction_y       : R² (all) = 0.9873, R² (last) = 0.9994
  Fx                  : R² (all) = 0.4468, R² (last) = 0.9420
  Fy                  : R² (all) = 0.4534, R² (last) = 0.8610
  r                   : R² (all) = 0.9873, R² (last) = 0.9999
  inv_r               : R² (all) = 0.9080, R² (last) = 0.9927
  r_squared           : R² (all) = 0.9536, R² (last) = 0.9998
  inv_r_squared       : R² (all) = 0.6659, R² (last) = 0.9605
  inv_r_cubed         : R² (all) = 0.3965, R² (last) = 0.8910
  x                   : R² (all) = 0.9908, R² (last) = 1.0000
  y                   : R² (all) = 0.9914, R² (last) = 1.0000

block_0_mlp_output:
  F_magnitude         : R² (all) = 0.5155, R² (last) = 0.8010
  F_direction_x       : R² (all) = 0.9738, R² (last) = 0.9951
  F_direction_y       : R² (all) = 0.9718, R² (last) = 0.9957
  Fx                  : R² (all) = 0.2922, R² (last) = 0.6475
  Fy                  : R² (all) = 0.2759, R² (last) = 0.6579
  r                   : R² (all) = 0.8334, R² (last) = 0.9982
  inv_r               : R² (all) = 0.8103, R² (last) = 0.9537
  r_squared           : R² (all) = 0.7157, R² (last) = 0.9908
  inv_r_squared       : R² (all) = 0.5155, R² (last) = 0.8010
  inv_r_cubed         : R² (all) = 0.2500, R² (last) = 0.5923
  x                   : R² (all) = 0.9621, R² (last) = 0.9988
  y                   : R² (all) = 0.9623, R² (last) = 0.9990

block_0_after_mlp_merge:
  F_magnitude         : R² (all) = 0.3245, R² (last) = 0.8121
  F_direction_x       : R² (all) = 0.9845, R² (last) = 0.9952
  F_direction_y       : R² (all) = 0.9823, R² (last) = 0.9952
  Fx                  : R² (all) = 0.3784, R² (last) = 0.6716
  Fy                  : R² (all) = 0.3769, R² (last) = 0.6628
  r                   : R² (all) = 0.7719, R² (last) = 0.9996
  inv_r               : R² (all) = 0.5887, R² (last) = 0.9552
  r_squared           : R² (all) = 0.7140, R² (last) = 0.9978
  inv_r_squared       : R² (all) = 0.3245, R² (last) = 0.8121
  inv_r_cubed         : R² (all) = 0.1410, R² (last) = 0.6151
  x                   : R² (all) = 0.9999, R² (last) = 1.0000
  y                   : R² (all) = 0.9997, R² (last) = 1.0000

block_1_attn_output:
  F_magnitude         : R² (all) = 0.3718, R² (last) = 0.6364
  F_direction_x       : R² (all) = 0.8691, R² (last) = 0.9804
  F_direction_y       : R² (all) = 0.8622, R² (last) = 0.9790
  Fx                  : R² (all) = 0.3292, R² (last) = 0.5926
  Fy                  : R² (all) = 0.2812, R² (last) = 0.4833
  r                   : R² (all) = 0.8131, R² (last) = 0.9369
  inv_r               : R² (all) = 0.6610, R² (last) = 0.8605
  r_squared           : R² (all) = 0.7410, R² (last) = 0.9063
  inv_r_squared       : R² (all) = 0.3716, R² (last) = 0.6364
  inv_r_cubed         : R² (all) = 0.1557, R² (last) = 0.3826
  x                   : R² (all) = 0.9020, R² (last) = 0.9728
  y                   : R² (all) = 0.9111, R² (last) = 0.9750

block_1_after_attn_merge:
  F_magnitude         : R² (all) = 0.4292, R² (last) = 0.8645
  F_direction_x       : R² (all) = 0.9849, R² (last) = 0.9980
  F_direction_y       : R² (all) = 0.9860, R² (last) = 0.9972
  Fx                  : R² (all) = 0.4649, R² (last) = 0.7750
  Fy                  : R² (all) = 0.5221, R² (last) = 0.7930
  r                   : R² (all) = 0.7042, R² (last) = 0.9884
  inv_r               : R² (all) = 0.6747, R² (last) = 0.9790
  r_squared           : R² (all) = 0.5940, R² (last) = 0.9642
  inv_r_squared       : R² (all) = 0.4292, R² (last) = 0.8645
  inv_r_cubed         : R² (all) = 0.2054, R² (last) = 0.6726
  x                   : R² (all) = 0.9940, R² (last) = 0.9995
  y                   : R² (all) = 0.9938, R² (last) = 0.9996

block_1_mlp_hidden:
  F_magnitude         : R² (all) = 0.7737, R² (last) = 0.9920
  F_direction_x       : R² (all) = 0.9944, R² (last) = 0.9998
  F_direction_y       : R² (all) = 0.9949, R² (last) = 0.9998
  Fx                  : R² (all) = 0.6602, R² (last) = 0.9644
  Fy                  : R² (all) = 0.6796, R² (last) = 0.9817
  r                   : R² (all) = 0.9799, R² (last) = 0.9998
  inv_r               : R² (all) = 0.9369, R² (last) = 0.9986
  r_squared           : R² (all) = 0.9708, R² (last) = 0.9995
  inv_r_squared       : R² (all) = 0.7737, R² (last) = 0.9920
  inv_r_cubed         : R² (all) = 0.5233, R² (last) = 0.9776
  x                   : R² (all) = 0.9974, R² (last) = 0.9999
  y                   : R² (all) = 0.9970, R² (last) = 0.9999

block_1_mlp_output:
  F_magnitude         : R² (all) = 0.4805, R² (last) = 0.8277
  F_direction_x       : R² (all) = 0.9830, R² (last) = 0.9971
  F_direction_y       : R² (all) = 0.9727, R² (last) = 0.9959
  Fx                  : R² (all) = 0.4752, R² (last) = 0.7672
  Fy                  : R² (all) = 0.5062, R² (last) = 0.7460
  r                   : R² (all) = 0.7886, R² (last) = 0.9434
  inv_r               : R² (all) = 0.7156, R² (last) = 0.9500
  r_squared           : R² (all) = 0.7321, R² (last) = 0.9146
  inv_r_squared       : R² (all) = 0.4805, R² (last) = 0.8277
  inv_r_cubed         : R² (all) = 0.2419, R² (last) = 0.6433
  x                   : R² (all) = 0.9857, R² (last) = 0.9971
  y                   : R² (all) = 0.9735, R² (last) = 0.9962

block_1_after_mlp_merge:
  F_magnitude         : R² (all) = 0.3731, R² (last) = 0.7674
  F_direction_x       : R² (all) = 0.9827, R² (last) = 0.9971
  F_direction_y       : R² (all) = 0.9833, R² (last) = 0.9958
  Fx                  : R² (all) = 0.4686, R² (last) = 0.7824
  Fy                  : R² (all) = 0.4453, R² (last) = 0.7534
  r                   : R² (all) = 0.6637, R² (last) = 0.9697
  inv_r               : R² (all) = 0.5998, R² (last) = 0.9163
  r_squared           : R² (all) = 0.5868, R² (last) = 0.9468
  inv_r_squared       : R² (all) = 0.3731, R² (last) = 0.7674
  inv_r_cubed         : R² (all) = 0.1744, R² (last) = 0.5931
  x                   : R² (all) = 0.9968, R² (last) = 0.9995
  y                   : R² (all) = 0.9964, R² (last) = 0.9999

after_ln_f:
  F_magnitude         : R² (all) = 0.3552, R² (last) = 0.7446
  F_direction_x       : R² (all) = 0.9750, R² (last) = 0.9947
  F_direction_y       : R² (all) = 0.9780, R² (last) = 0.9939
  Fx                  : R² (all) = 0.4280, R² (last) = 0.7421
  Fy                  : R² (all) = 0.4131, R² (last) = 0.7114
  r                   : R² (all) = 0.6986, R² (last) = 0.9738
  inv_r               : R² (all) = 0.5940, R² (last) = 0.9023
  r_squared           : R² (all) = 0.6236, R² (last) = 0.9601
  inv_r_squared       : R² (all) = 0.3552, R² (last) = 0.7446
  inv_r_cubed         : R² (all) = 0.1672, R² (last) = 0.5639
  x                   : R² (all) = 0.9989, R² (last) = 0.9998
  y                   : R² (all) = 0.9989, R² (last) = 0.9998
Evaluating on 500 trajectories...
Conditioning length: 50, Generating 50 more steps per trajectory...

Error Statistics (aggregated across all 500 trajectories):
Mean position error: 0.099122 ± 0.109895
Max position error: 0.956895
R² scores:
  X coordinate: 0.972878 ± 0.048754
  Y coordinate: 0.972174 ± 0.050905
Evaluating on 500 trajectories...
Conditioning length: 50, Generating 50 more steps per trajectory...

Error Statistics (aggregated across all 500 trajectories):
Mean position error: 0.103107 ± 0.107072
Max position error: 0.900520
R² scores:
  X coordinate: 0.967799 ± 0.061149
  Y coordinate: 0.970006 ± 0.057285
Evaluation at step 17001 completed.

Step 17100, Total Train Loss: 0.003317, Prediction Loss: 0.002566, Test Loss: 0.000347, Attention Entropy: 0.7516, Entropy Reg Loss: 0.000752, Entropy Reg Active: True, GPU Memory: 0.000 GB
Step 17200, Total Train Loss: 0.003430, Prediction Loss: 0.002671, Test Loss: 0.000385, Attention Entropy: 0.7586, Entropy Reg Loss: 0.000759, Entropy Reg Active: True, GPU Memory: 0.000 GB
Step 17300, Total Train Loss: 0.003481, Prediction Loss: 0.002726, Test Loss: 0.000332, Attention Entropy: 0.7545, Entropy Reg Loss: 0.000755, Entropy Reg Active: True, GPU Memory: 0.000 GB
Step 17400, Total Train Loss: 0.003388, Prediction Loss: 0.002632, Test Loss: 0.000383, Attention Entropy: 0.7556, Entropy Reg Loss: 0.000756, Entropy Reg Active: True, GPU Memory: 0.000 GB
Step 17500, Total Train Loss: 0.003311, Prediction Loss: 0.002554, Test Loss: 0.000419, Attention Entropy: 0.7572, Entropy Reg Loss: 0.000757, Entropy Reg Active: True, GPU Memory: 0.000 GB
Step 17600, Total Train Loss: 0.003606, Prediction Loss: 0.002859, Test Loss: 0.000379, Attention Entropy: 0.7479, Entropy Reg Loss: 0.000748, Entropy Reg Active: True, GPU Memory: 0.000 GB
Step 17700, Total Train Loss: 0.003352, Prediction Loss: 0.002596, Test Loss: 0.000436, Attention Entropy: 0.7557, Entropy Reg Loss: 0.000756, Entropy Reg Active: True, GPU Memory: 0.000 GB
Step 17800, Total Train Loss: 0.003306, Prediction Loss: 0.002554, Test Loss: 0.000401, Attention Entropy: 0.7525, Entropy Reg Loss: 0.000752, Entropy Reg Active: True, GPU Memory: 0.000 GB
Step 17900, Total Train Loss: 0.003361, Prediction Loss: 0.002605, Test Loss: 0.000439, Attention Entropy: 0.7564, Entropy Reg Loss: 0.000756, Entropy Reg Active: True, GPU Memory: 0.000 GB
Step 18000, Total Train Loss: 0.003416, Prediction Loss: 0.002656, Test Loss: 0.000343, Attention Entropy: 0.7600, Entropy Reg Loss: 0.000760, Entropy Reg Active: True, GPU Memory: 0.000 GB

Evaluating at step 18001...
Activations collected:
  input_embed: torch.Size([1000, 99, 32])
  after_pos_emb: torch.Size([1000, 99, 32])
  block_0_attn_output: torch.Size([1000, 99, 32])
  block_0_after_attn_merge: torch.Size([1000, 99, 32])
  block_0_mlp_hidden: torch.Size([1000, 99, 128])
  block_0_mlp_output: torch.Size([1000, 99, 32])
  block_0_after_mlp_merge: torch.Size([1000, 99, 32])
  block_1_attn_output: torch.Size([1000, 99, 32])
  block_1_after_attn_merge: torch.Size([1000, 99, 32])
  block_1_mlp_hidden: torch.Size([1000, 99, 128])
  block_1_mlp_output: torch.Size([1000, 99, 32])
  block_1_after_mlp_merge: torch.Size([1000, 99, 32])
  after_ln_f: torch.Size([1000, 99, 32])

Linear Probe Results (R² scores):
================================================================================

input_embed:
  F_magnitude         : R² (all) = 0.0003, R² (last) = 0.0011
  F_direction_x       : R² (all) = 0.8318, R² (last) = 0.8330
  F_direction_y       : R² (all) = 0.8319, R² (last) = 0.8284
  Fx                  : R² (all) = 0.0656, R² (last) = 0.0826
  Fy                  : R² (all) = 0.0624, R² (last) = 0.0778
  r                   : R² (all) = 0.0034, R² (last) = 0.0072
  inv_r               : R² (all) = 0.0010, R² (last) = 0.0029
  r_squared           : R² (all) = 0.0050, R² (last) = 0.0093
  inv_r_squared       : R² (all) = 0.0003, R² (last) = 0.0011
  inv_r_cubed         : R² (all) = 0.0001, R² (last) = 0.0003
  x                   : R² (all) = 1.0000, R² (last) = 1.0000
  y                   : R² (all) = 1.0000, R² (last) = 1.0000

after_pos_emb:
  F_magnitude         : R² (all) = 0.0428, R² (last) = 0.0011
  F_direction_x       : R² (all) = 0.8319, R² (last) = 0.8330
  F_direction_y       : R² (all) = 0.8320, R² (last) = 0.8284
  Fx                  : R² (all) = 0.0658, R² (last) = 0.0826
  Fy                  : R² (all) = 0.0627, R² (last) = 0.0778
  r                   : R² (all) = 0.0658, R² (last) = 0.0073
  inv_r               : R² (all) = 0.0530, R² (last) = 0.0028
  r_squared           : R² (all) = 0.0729, R² (last) = 0.0093
  inv_r_squared       : R² (all) = 0.0428, R² (last) = 0.0011
  inv_r_cubed         : R² (all) = 0.0287, R² (last) = 0.0003
  x                   : R² (all) = 1.0000, R² (last) = 1.0000
  y                   : R² (all) = 1.0000, R² (last) = 1.0000

block_0_attn_output:
  F_magnitude         : R² (all) = 0.2627, R² (last) = 0.7644
  F_direction_x       : R² (all) = 0.8581, R² (last) = 0.8944
  F_direction_y       : R² (all) = 0.8575, R² (last) = 0.9025
  Fx                  : R² (all) = 0.0741, R² (last) = 0.1802
  Fy                  : R² (all) = 0.0700, R² (last) = 0.1841
  r                   : R² (all) = 0.9134, R² (last) = 0.9916
  inv_r               : R² (all) = 0.5958, R² (last) = 0.9319
  r_squared           : R² (all) = 0.8400, R² (last) = 0.9884
  inv_r_squared       : R² (all) = 0.2627, R² (last) = 0.7645
  inv_r_cubed         : R² (all) = 0.0874, R² (last) = 0.5502
  x                   : R² (all) = 0.9445, R² (last) = 0.9821
  y                   : R² (all) = 0.9483, R² (last) = 0.9817

block_0_after_attn_merge:
  F_magnitude         : R² (all) = 0.4036, R² (last) = 0.7990
  F_direction_x       : R² (all) = 0.9627, R² (last) = 0.7600
  F_direction_y       : R² (all) = 0.9635, R² (last) = 0.3755
  Fx                  : R² (all) = 0.1786, R² (last) = -0.0853
  Fy                  : R² (all) = 0.1745, R² (last) = -6.8756
  r                   : R² (all) = 0.8319, R² (last) = 0.9615
  inv_r               : R² (all) = 0.7448, R² (last) = 0.9073
  r_squared           : R² (all) = 0.6792, R² (last) = 0.9802
  inv_r_squared       : R² (all) = 0.4036, R² (last) = 0.7991
  inv_r_cubed         : R² (all) = 0.1687, R² (last) = 0.6039
  x                   : R² (all) = 0.9584, R² (last) = 0.4434
  y                   : R² (all) = 0.9590, R² (last) = 0.4049

block_0_mlp_hidden:
  F_magnitude         : R² (all) = 0.6255, R² (last) = 0.9493
  F_direction_x       : R² (all) = 0.9869, R² (last) = 0.9996
  F_direction_y       : R² (all) = 0.9872, R² (last) = 0.9990
  Fx                  : R² (all) = 0.4058, R² (last) = 0.8617
  Fy                  : R² (all) = 0.4101, R² (last) = 0.8842
  r                   : R² (all) = 0.9873, R² (last) = 0.9999
  inv_r               : R² (all) = 0.8978, R² (last) = 0.9871
  r_squared           : R² (all) = 0.9526, R² (last) = 0.9999
  inv_r_squared       : R² (all) = 0.6255, R² (last) = 0.9493
  inv_r_cubed         : R² (all) = 0.3503, R² (last) = 0.8930
  x                   : R² (all) = 0.9909, R² (last) = 1.0000
  y                   : R² (all) = 0.9918, R² (last) = 1.0000

block_0_mlp_output:
  F_magnitude         : R² (all) = 0.4750, R² (last) = 0.8367
  F_direction_x       : R² (all) = 0.9726, R² (last) = 0.9942
  F_direction_y       : R² (all) = 0.9712, R² (last) = 0.9954
  Fx                  : R² (all) = 0.2592, R² (last) = 0.5959
  Fy                  : R² (all) = 0.2396, R² (last) = 0.7401
  r                   : R² (all) = 0.8334, R² (last) = 0.9977
  inv_r               : R² (all) = 0.7976, R² (last) = 0.9591
  r_squared           : R² (all) = 0.7165, R² (last) = 0.9879
  inv_r_squared       : R² (all) = 0.4750, R² (last) = 0.8367
  inv_r_cubed         : R² (all) = 0.2077, R² (last) = 0.6542
  x                   : R² (all) = 0.9623, R² (last) = 0.9986
  y                   : R² (all) = 0.9615, R² (last) = 0.9989

block_0_after_mlp_merge:
  F_magnitude         : R² (all) = 0.3012, R² (last) = 0.8471
  F_direction_x       : R² (all) = 0.9833, R² (last) = 0.9945
  F_direction_y       : R² (all) = 0.9821, R² (last) = 0.9950
  Fx                  : R² (all) = 0.3415, R² (last) = 0.6251
  Fy                  : R² (all) = 0.3276, R² (last) = 0.7371
  r                   : R² (all) = 0.7615, R² (last) = 0.9995
  inv_r               : R² (all) = 0.5725, R² (last) = 0.9619
  r_squared           : R² (all) = 0.7083, R² (last) = 0.9975
  inv_r_squared       : R² (all) = 0.3012, R² (last) = 0.8471
  inv_r_cubed         : R² (all) = 0.1242, R² (last) = 0.6727
  x                   : R² (all) = 0.9998, R² (last) = 1.0000
  y                   : R² (all) = 0.9997, R² (last) = 1.0000

block_1_attn_output:
  F_magnitude         : R² (all) = 0.3849, R² (last) = 0.7005
  F_direction_x       : R² (all) = 0.8721, R² (last) = 0.9800
  F_direction_y       : R² (all) = 0.8796, R² (last) = 0.9777
  Fx                  : R² (all) = 0.2921, R² (last) = 0.5081
  Fy                  : R² (all) = 0.2704, R² (last) = 0.5353
  r                   : R² (all) = 0.8182, R² (last) = 0.9330
  inv_r               : R² (all) = 0.6689, R² (last) = 0.8701
  r_squared           : R² (all) = 0.7541, R² (last) = 0.8997
  inv_r_squared       : R² (all) = 0.3849, R² (last) = 0.7005
  inv_r_cubed         : R² (all) = 0.1750, R² (last) = 0.4947
  x                   : R² (all) = 0.9125, R² (last) = 0.9728
  y                   : R² (all) = 0.9149, R² (last) = 0.9769

block_1_after_attn_merge:
  F_magnitude         : R² (all) = 0.3834, R² (last) = 0.8927
  F_direction_x       : R² (all) = 0.9844, R² (last) = 0.9973
  F_direction_y       : R² (all) = 0.9856, R² (last) = 0.9964
  Fx                  : R² (all) = 0.4249, R² (last) = 0.7200
  Fy                  : R² (all) = 0.4561, R² (last) = 0.7929
  r                   : R² (all) = 0.6992, R² (last) = 0.9875
  inv_r               : R² (all) = 0.6547, R² (last) = 0.9802
  r_squared           : R² (all) = 0.5923, R² (last) = 0.9600
  inv_r_squared       : R² (all) = 0.3834, R² (last) = 0.8927
  inv_r_cubed         : R² (all) = 0.1584, R² (last) = 0.7308
  x                   : R² (all) = 0.9935, R² (last) = 0.9994
  y                   : R² (all) = 0.9938, R² (last) = 0.9995

block_1_mlp_hidden:
  F_magnitude         : R² (all) = 0.7221, R² (last) = 0.9903
  F_direction_x       : R² (all) = 0.9943, R² (last) = 0.9997
  F_direction_y       : R² (all) = 0.9948, R² (last) = 0.9997
  Fx                  : R² (all) = 0.6162, R² (last) = 0.9607
  Fy                  : R² (all) = 0.6037, R² (last) = 0.9626
  r                   : R² (all) = 0.9786, R² (last) = 0.9998
  inv_r               : R² (all) = 0.9267, R² (last) = 0.9981
  r_squared           : R² (all) = 0.9692, R² (last) = 0.9994
  inv_r_squared       : R² (all) = 0.7221, R² (last) = 0.9903
  inv_r_cubed         : R² (all) = 0.4410, R² (last) = 0.9726
  x                   : R² (all) = 0.9973, R² (last) = 0.9999
  y                   : R² (all) = 0.9970, R² (last) = 0.9999

block_1_mlp_output:
  F_magnitude         : R² (all) = 0.4292, R² (last) = 0.8409
  F_direction_x       : R² (all) = 0.9825, R² (last) = 0.9965
  F_direction_y       : R² (all) = 0.9733, R² (last) = 0.9959
  Fx                  : R² (all) = 0.4410, R² (last) = 0.6999
  Fy                  : R² (all) = 0.4379, R² (last) = 0.8084
  r                   : R² (all) = 0.7748, R² (last) = 0.9409
  inv_r               : R² (all) = 0.6927, R² (last) = 0.9537
  r_squared           : R² (all) = 0.7207, R² (last) = 0.9106
  inv_r_squared       : R² (all) = 0.4292, R² (last) = 0.8409
  inv_r_cubed         : R² (all) = 0.1850, R² (last) = 0.6561
  x                   : R² (all) = 0.9853, R² (last) = 0.9970
  y                   : R² (all) = 0.9763, R² (last) = 0.9961

block_1_after_mlp_merge:
  F_magnitude         : R² (all) = 0.3312, R² (last) = 0.7969
  F_direction_x       : R² (all) = 0.9817, R² (last) = 0.9962
  F_direction_y       : R² (all) = 0.9831, R² (last) = 0.9957
  Fx                  : R² (all) = 0.4222, R² (last) = 0.7120
  Fy                  : R² (all) = 0.3888, R² (last) = 0.7971
  r                   : R² (all) = 0.6638, R² (last) = 0.9669
  inv_r               : R² (all) = 0.5822, R² (last) = 0.9269
  r_squared           : R² (all) = 0.5934, R² (last) = 0.9403
  inv_r_squared       : R² (all) = 0.3312, R² (last) = 0.7969
  inv_r_cubed         : R² (all) = 0.1332, R² (last) = 0.6191
  x                   : R² (all) = 0.9966, R² (last) = 0.9995
  y                   : R² (all) = 0.9964, R² (last) = 0.9998

after_ln_f:
  F_magnitude         : R² (all) = 0.3179, R² (last) = 0.7754
  F_direction_x       : R² (all) = 0.9735, R² (last) = 0.9935
  F_direction_y       : R² (all) = 0.9779, R² (last) = 0.9941
  Fx                  : R² (all) = 0.3858, R² (last) = 0.6601
  Fy                  : R² (all) = 0.3635, R² (last) = 0.7543
  r                   : R² (all) = 0.6933, R² (last) = 0.9703
  inv_r               : R² (all) = 0.5756, R² (last) = 0.9092
  r_squared           : R² (all) = 0.6240, R² (last) = 0.9542
  inv_r_squared       : R² (all) = 0.3179, R² (last) = 0.7754
  inv_r_cubed         : R² (all) = 0.1324, R² (last) = 0.5977
  x                   : R² (all) = 0.9989, R² (last) = 0.9998
  y                   : R² (all) = 0.9989, R² (last) = 0.9998
Evaluating on 500 trajectories...
Conditioning length: 50, Generating 50 more steps per trajectory...

Error Statistics (aggregated across all 500 trajectories):
Mean position error: 0.116444 ± 0.112471
Max position error: 0.763233
R² scores:
  X coordinate: 0.952211 ± 0.090345
  Y coordinate: 0.950489 ± 0.092106
Evaluating on 500 trajectories...
Conditioning length: 50, Generating 50 more steps per trajectory...

Error Statistics (aggregated across all 500 trajectories):
Mean position error: 0.122952 ± 0.116667
Max position error: 0.813913
R² scores:
  X coordinate: 0.948863 ± 0.096943
  Y coordinate: 0.946868 ± 0.102040
Evaluation at step 18001 completed.

Step 18100, Total Train Loss: 0.003275, Prediction Loss: 0.002522, Test Loss: 0.000440, Attention Entropy: 0.7533, Entropy Reg Loss: 0.000753, Entropy Reg Active: True, GPU Memory: 0.000 GB
Step 18200, Total Train Loss: 0.003147, Prediction Loss: 0.002390, Test Loss: 0.000345, Attention Entropy: 0.7568, Entropy Reg Loss: 0.000757, Entropy Reg Active: True, GPU Memory: 0.000 GB
Step 18300, Total Train Loss: 0.003366, Prediction Loss: 0.002613, Test Loss: 0.000372, Attention Entropy: 0.7530, Entropy Reg Loss: 0.000753, Entropy Reg Active: True, GPU Memory: 0.000 GB
Step 18400, Total Train Loss: 0.003472, Prediction Loss: 0.002715, Test Loss: 0.000389, Attention Entropy: 0.7569, Entropy Reg Loss: 0.000757, Entropy Reg Active: True, GPU Memory: 0.000 GB
Step 18500, Total Train Loss: 0.003289, Prediction Loss: 0.002537, Test Loss: 0.000372, Attention Entropy: 0.7529, Entropy Reg Loss: 0.000753, Entropy Reg Active: True, GPU Memory: 0.000 GB
Step 18600, Total Train Loss: 0.003335, Prediction Loss: 0.002583, Test Loss: 0.000371, Attention Entropy: 0.7516, Entropy Reg Loss: 0.000752, Entropy Reg Active: True, GPU Memory: 0.000 GB
Step 18700, Total Train Loss: 0.003395, Prediction Loss: 0.002646, Test Loss: 0.000336, Attention Entropy: 0.7491, Entropy Reg Loss: 0.000749, Entropy Reg Active: True, GPU Memory: 0.000 GB
Step 18800, Total Train Loss: 0.003490, Prediction Loss: 0.002738, Test Loss: 0.000387, Attention Entropy: 0.7521, Entropy Reg Loss: 0.000752, Entropy Reg Active: True, GPU Memory: 0.000 GB
Step 18900, Total Train Loss: 0.003367, Prediction Loss: 0.002617, Test Loss: 0.000336, Attention Entropy: 0.7503, Entropy Reg Loss: 0.000750, Entropy Reg Active: True, GPU Memory: 0.000 GB
Step 19000, Total Train Loss: 0.003128, Prediction Loss: 0.002372, Test Loss: 0.000380, Attention Entropy: 0.7561, Entropy Reg Loss: 0.000756, Entropy Reg Active: True, GPU Memory: 0.000 GB

Evaluating at step 19001...
Activations collected:
  input_embed: torch.Size([1000, 99, 32])
  after_pos_emb: torch.Size([1000, 99, 32])
  block_0_attn_output: torch.Size([1000, 99, 32])
  block_0_after_attn_merge: torch.Size([1000, 99, 32])
  block_0_mlp_hidden: torch.Size([1000, 99, 128])
  block_0_mlp_output: torch.Size([1000, 99, 32])
  block_0_after_mlp_merge: torch.Size([1000, 99, 32])
  block_1_attn_output: torch.Size([1000, 99, 32])
  block_1_after_attn_merge: torch.Size([1000, 99, 32])
  block_1_mlp_hidden: torch.Size([1000, 99, 128])
  block_1_mlp_output: torch.Size([1000, 99, 32])
  block_1_after_mlp_merge: torch.Size([1000, 99, 32])
  after_ln_f: torch.Size([1000, 99, 32])

Linear Probe Results (R² scores):
================================================================================

input_embed:
  F_magnitude         : R² (all) = 0.0001, R² (last) = 0.0001
  F_direction_x       : R² (all) = 0.8289, R² (last) = 0.8184
  F_direction_y       : R² (all) = 0.8289, R² (last) = 0.8306
  Fx                  : R² (all) = 0.0684, R² (last) = 0.0805
  Fy                  : R² (all) = 0.0679, R² (last) = 0.0680
  r                   : R² (all) = 0.0011, R² (last) = 0.0010
  inv_r               : R² (all) = 0.0003, R² (last) = 0.0001
  r_squared           : R² (all) = 0.0015, R² (last) = 0.0014
  inv_r_squared       : R² (all) = 0.0001, R² (last) = 0.0001
  inv_r_cubed         : R² (all) = 0.0000, R² (last) = 0.0001
  x                   : R² (all) = 1.0000, R² (last) = 1.0000
  y                   : R² (all) = 1.0000, R² (last) = 1.0000

after_pos_emb:
  F_magnitude         : R² (all) = 0.0444, R² (last) = 0.0001
  F_direction_x       : R² (all) = 0.8290, R² (last) = 0.8185
  F_direction_y       : R² (all) = 0.8290, R² (last) = 0.8308
  Fx                  : R² (all) = 0.0689, R² (last) = 0.0806
  Fy                  : R² (all) = 0.0683, R² (last) = 0.0686
  r                   : R² (all) = 0.0689, R² (last) = 0.0016
  inv_r               : R² (all) = 0.0539, R² (last) = 0.0003
  r_squared           : R² (all) = 0.0766, R² (last) = 0.0021
  inv_r_squared       : R² (all) = 0.0444, R² (last) = 0.0001
  inv_r_cubed         : R² (all) = 0.0311, R² (last) = 0.0000
  x                   : R² (all) = 1.0000, R² (last) = 1.0000
  y                   : R² (all) = 1.0000, R² (last) = 1.0000

block_0_attn_output:
  F_magnitude         : R² (all) = 0.2852, R² (last) = 0.7219
  F_direction_x       : R² (all) = 0.8556, R² (last) = 0.8801
  F_direction_y       : R² (all) = 0.8563, R² (last) = 0.9029
  Fx                  : R² (all) = 0.0778, R² (last) = 0.1605
  Fy                  : R² (all) = 0.0771, R² (last) = 0.1830
  r                   : R² (all) = 0.9143, R² (last) = 0.9930
  inv_r               : R² (all) = 0.6092, R² (last) = 0.9244
  r_squared           : R² (all) = 0.8437, R² (last) = 0.9898
  inv_r_squared       : R² (all) = 0.2852, R² (last) = 0.7212
  inv_r_cubed         : R² (all) = 0.1028, R² (last) = 0.4730
  x                   : R² (all) = 0.9462, R² (last) = 0.9817
  y                   : R² (all) = 0.9459, R² (last) = 0.9820

block_0_after_attn_merge:
  F_magnitude         : R² (all) = 0.4290, R² (last) = 0.7999
  F_direction_x       : R² (all) = 0.9632, R² (last) = 0.8435
  F_direction_y       : R² (all) = 0.9629, R² (last) = 0.9529
  Fx                  : R² (all) = 0.1955, R² (last) = -0.3872
  Fy                  : R² (all) = 0.1950, R² (last) = 0.3390
  r                   : R² (all) = 0.8358, R² (last) = 0.9732
  inv_r               : R² (all) = 0.7554, R² (last) = 0.9577
  r_squared           : R² (all) = 0.6883, R² (last) = 0.9800
  inv_r_squared       : R² (all) = 0.4290, R² (last) = 0.7999
  inv_r_cubed         : R² (all) = 0.1898, R² (last) = 0.5696
  x                   : R² (all) = 0.9589, R² (last) = 0.7812
  y                   : R² (all) = 0.9591, R² (last) = 0.7531

block_0_mlp_hidden:
  F_magnitude         : R² (all) = 0.6549, R² (last) = 0.9720
  F_direction_x       : R² (all) = 0.9876, R² (last) = 0.9993
  F_direction_y       : R² (all) = 0.9874, R² (last) = 0.9989
  Fx                  : R² (all) = 0.4351, R² (last) = 0.7498
  Fy                  : R² (all) = 0.4475, R² (last) = 0.9110
  r                   : R² (all) = 0.9872, R² (last) = 1.0000
  inv_r               : R² (all) = 0.9041, R² (last) = 0.9922
  r_squared           : R² (all) = 0.9527, R² (last) = 0.9998
  inv_r_squared       : R² (all) = 0.6549, R² (last) = 0.9721
  inv_r_cubed         : R² (all) = 0.3866, R² (last) = 0.9435
  x                   : R² (all) = 0.9912, R² (last) = 1.0000
  y                   : R² (all) = 0.9921, R² (last) = 1.0000

block_0_mlp_output:
  F_magnitude         : R² (all) = 0.4986, R² (last) = 0.7859
  F_direction_x       : R² (all) = 0.9730, R² (last) = 0.9934
  F_direction_y       : R² (all) = 0.9709, R² (last) = 0.9959
  Fx                  : R² (all) = 0.2824, R² (last) = 0.6332
  Fy                  : R² (all) = 0.2658, R² (last) = 0.7192
  r                   : R² (all) = 0.8377, R² (last) = 0.9975
  inv_r               : R² (all) = 0.8008, R² (last) = 0.9450
  r_squared           : R² (all) = 0.7275, R² (last) = 0.9878
  inv_r_squared       : R² (all) = 0.4986, R² (last) = 0.7859
  inv_r_cubed         : R² (all) = 0.2330, R² (last) = 0.5804
  x                   : R² (all) = 0.9621, R² (last) = 0.9986
  y                   : R² (all) = 0.9620, R² (last) = 0.9990

block_0_after_mlp_merge:
  F_magnitude         : R² (all) = 0.3305, R² (last) = 0.8199
  F_direction_x       : R² (all) = 0.9841, R² (last) = 0.9939
  F_direction_y       : R² (all) = 0.9819, R² (last) = 0.9954
  Fx                  : R² (all) = 0.3680, R² (last) = 0.6688
  Fy                  : R² (all) = 0.3628, R² (last) = 0.7097
  r                   : R² (all) = 0.7627, R² (last) = 0.9995
  inv_r               : R² (all) = 0.5899, R² (last) = 0.9544
  r_squared           : R² (all) = 0.7095, R² (last) = 0.9979
  inv_r_squared       : R² (all) = 0.3305, R² (last) = 0.8199
  inv_r_cubed         : R² (all) = 0.1465, R² (last) = 0.6342
  x                   : R² (all) = 0.9998, R² (last) = 1.0000
  y                   : R² (all) = 0.9997, R² (last) = 1.0000

block_1_attn_output:
  F_magnitude         : R² (all) = 0.0046, R² (last) = 0.6545
  F_direction_x       : R² (all) = 0.7284, R² (last) = 0.9800
  F_direction_y       : R² (all) = 0.5779, R² (last) = 0.9788
  Fx                  : R² (all) = 0.2018, R² (last) = 0.5957
  Fy                  : R² (all) = -0.1678, R² (last) = 0.5097
  r                   : R² (all) = 0.5203, R² (last) = 0.9311
  inv_r               : R² (all) = 0.3350, R² (last) = 0.8572
  r_squared           : R² (all) = 0.3335, R² (last) = 0.8940
  inv_r_squared       : R² (all) = 0.0046, R² (last) = 0.6545
  inv_r_cubed         : R² (all) = -0.0886, R² (last) = 0.4339
  x                   : R² (all) = 0.6803, R² (last) = 0.9708
  y                   : R² (all) = 0.9064, R² (last) = 0.9761

block_1_after_attn_merge:
  F_magnitude         : R² (all) = 0.4133, R² (last) = 0.8442
  F_direction_x       : R² (all) = 0.9846, R² (last) = 0.9969
  F_direction_y       : R² (all) = 0.9853, R² (last) = 0.9971
  Fx                  : R² (all) = 0.4404, R² (last) = 0.7559
  Fy                  : R² (all) = 0.5019, R² (last) = 0.7720
  r                   : R² (all) = 0.7065, R² (last) = 0.9866
  inv_r               : R² (all) = 0.6682, R² (last) = 0.9725
  r_squared           : R² (all) = 0.6015, R² (last) = 0.9621
  inv_r_squared       : R² (all) = 0.4133, R² (last) = 0.8442
  inv_r_cubed         : R² (all) = 0.1879, R² (last) = 0.6445
  x                   : R² (all) = 0.9934, R² (last) = 0.9994
  y                   : R² (all) = 0.9939, R² (last) = 0.9995

block_1_mlp_hidden:
  F_magnitude         : R² (all) = 0.7637, R² (last) = 0.9896
  F_direction_x       : R² (all) = 0.9943, R² (last) = 0.9997
  F_direction_y       : R² (all) = 0.9949, R² (last) = 0.9997
  Fx                  : R² (all) = 0.6295, R² (last) = 0.9634
  Fy                  : R² (all) = 0.6614, R² (last) = 0.9652
  r                   : R² (all) = 0.9798, R² (last) = 0.9998
  inv_r               : R² (all) = 0.9352, R² (last) = 0.9982
  r_squared           : R² (all) = 0.9702, R² (last) = 0.9994
  inv_r_squared       : R² (all) = 0.7637, R² (last) = 0.9896
  inv_r_cubed         : R² (all) = 0.5040, R² (last) = 0.9685
  x                   : R² (all) = 0.9972, R² (last) = 0.9999
  y                   : R² (all) = 0.9970, R² (last) = 0.9999

block_1_mlp_output:
  F_magnitude         : R² (all) = 0.4663, R² (last) = 0.7827
  F_direction_x       : R² (all) = 0.9823, R² (last) = 0.9956
  F_direction_y       : R² (all) = 0.9735, R² (last) = 0.9961
  Fx                  : R² (all) = 0.4608, R² (last) = 0.7024
  Fy                  : R² (all) = 0.4875, R² (last) = 0.7668
  r                   : R² (all) = 0.7798, R² (last) = 0.9469
  inv_r               : R² (all) = 0.7038, R² (last) = 0.9342
  r_squared           : R² (all) = 0.7320, R² (last) = 0.9174
  inv_r_squared       : R² (all) = 0.4663, R² (last) = 0.7827
  inv_r_cubed         : R² (all) = 0.2276, R² (last) = 0.5826
  x                   : R² (all) = 0.9853, R² (last) = 0.9970
  y                   : R² (all) = 0.9774, R² (last) = 0.9967

block_1_after_mlp_merge:
  F_magnitude         : R² (all) = 0.3555, R² (last) = 0.7272
  F_direction_x       : R² (all) = 0.9820, R² (last) = 0.9954
  F_direction_y       : R² (all) = 0.9826, R² (last) = 0.9959
  Fx                  : R² (all) = 0.4450, R² (last) = 0.7161
  Fy                  : R² (all) = 0.4211, R² (last) = 0.7628
  r                   : R² (all) = 0.6635, R² (last) = 0.9697
  inv_r               : R² (all) = 0.5935, R² (last) = 0.9061
  r_squared           : R² (all) = 0.5864, R² (last) = 0.9435
  inv_r_squared       : R² (all) = 0.3555, R² (last) = 0.7272
  inv_r_cubed         : R² (all) = 0.1558, R² (last) = 0.5227
  x                   : R² (all) = 0.9966, R² (last) = 0.9995
  y                   : R² (all) = 0.9963, R² (last) = 0.9998

after_ln_f:
  F_magnitude         : R² (all) = 0.3428, R² (last) = 0.7002
  F_direction_x       : R² (all) = 0.9742, R² (last) = 0.9929
  F_direction_y       : R² (all) = 0.9778, R² (last) = 0.9935
  Fx                  : R² (all) = 0.4086, R² (last) = 0.6825
  Fy                  : R² (all) = 0.3959, R² (last) = 0.6993
  r                   : R² (all) = 0.6979, R² (last) = 0.9720
  inv_r               : R² (all) = 0.5904, R² (last) = 0.8864
  r_squared           : R² (all) = 0.6217, R² (last) = 0.9574
  inv_r_squared       : R² (all) = 0.3428, R² (last) = 0.7002
  inv_r_cubed         : R² (all) = 0.1539, R² (last) = 0.4895
  x                   : R² (all) = 0.9989, R² (last) = 0.9998
  y                   : R² (all) = 0.9990, R² (last) = 0.9997
Evaluating on 500 trajectories...
Conditioning length: 50, Generating 50 more steps per trajectory...

Error Statistics (aggregated across all 500 trajectories):
Mean position error: 0.113598 ± 0.118724
Max position error: 1.029451
R² scores:
  X coordinate: 0.964091 ± 0.069072
  Y coordinate: 0.963486 ± 0.071320
Evaluating on 500 trajectories...
Conditioning length: 50, Generating 50 more steps per trajectory...

Error Statistics (aggregated across all 500 trajectories):
Mean position error: 0.115633 ± 0.118315
Max position error: 1.030656
R² scores:
  X coordinate: 0.962636 ± 0.067120
  Y coordinate: 0.960424 ± 0.070138
Evaluation at step 19001 completed.

Step 19100, Total Train Loss: 0.003259, Prediction Loss: 0.002502, Test Loss: 0.000315, Attention Entropy: 0.7570, Entropy Reg Loss: 0.000757, Entropy Reg Active: True, GPU Memory: 0.000 GB
Step 19200, Total Train Loss: 0.003298, Prediction Loss: 0.002542, Test Loss: 0.000347, Attention Entropy: 0.7563, Entropy Reg Loss: 0.000756, Entropy Reg Active: True, GPU Memory: 0.000 GB
Step 19300, Total Train Loss: 0.003209, Prediction Loss: 0.002455, Test Loss: 0.000344, Attention Entropy: 0.7537, Entropy Reg Loss: 0.000754, Entropy Reg Active: True, GPU Memory: 0.000 GB
Step 19400, Total Train Loss: 0.003304, Prediction Loss: 0.002549, Test Loss: 0.000349, Attention Entropy: 0.7545, Entropy Reg Loss: 0.000755, Entropy Reg Active: True, GPU Memory: 0.000 GB
Step 19500, Total Train Loss: 0.003301, Prediction Loss: 0.002548, Test Loss: 0.000381, Attention Entropy: 0.7534, Entropy Reg Loss: 0.000753, Entropy Reg Active: True, GPU Memory: 0.000 GB
Step 19600, Total Train Loss: 0.003306, Prediction Loss: 0.002549, Test Loss: 0.000338, Attention Entropy: 0.7574, Entropy Reg Loss: 0.000757, Entropy Reg Active: True, GPU Memory: 0.000 GB
Step 19700, Total Train Loss: 0.003304, Prediction Loss: 0.002547, Test Loss: 0.000377, Attention Entropy: 0.7572, Entropy Reg Loss: 0.000757, Entropy Reg Active: True, GPU Memory: 0.000 GB
Step 19800, Total Train Loss: 0.003277, Prediction Loss: 0.002520, Test Loss: 0.000378, Attention Entropy: 0.7566, Entropy Reg Loss: 0.000757, Entropy Reg Active: True, GPU Memory: 0.000 GB
Step 19900, Total Train Loss: 0.003230, Prediction Loss: 0.002472, Test Loss: 0.000395, Attention Entropy: 0.7582, Entropy Reg Loss: 0.000758, Entropy Reg Active: True, GPU Memory: 0.000 GB

Evaluating at step 20000...
Activations collected:
  input_embed: torch.Size([1000, 99, 32])
  after_pos_emb: torch.Size([1000, 99, 32])
  block_0_attn_output: torch.Size([1000, 99, 32])
  block_0_after_attn_merge: torch.Size([1000, 99, 32])
  block_0_mlp_hidden: torch.Size([1000, 99, 128])
  block_0_mlp_output: torch.Size([1000, 99, 32])
  block_0_after_mlp_merge: torch.Size([1000, 99, 32])
  block_1_attn_output: torch.Size([1000, 99, 32])
  block_1_after_attn_merge: torch.Size([1000, 99, 32])
  block_1_mlp_hidden: torch.Size([1000, 99, 128])
  block_1_mlp_output: torch.Size([1000, 99, 32])
  block_1_after_mlp_merge: torch.Size([1000, 99, 32])
  after_ln_f: torch.Size([1000, 99, 32])

Linear Probe Results (R² scores):
================================================================================

input_embed:
  F_magnitude         : R² (all) = 0.0001, R² (last) = 0.0000
  F_direction_x       : R² (all) = 0.8383, R² (last) = 0.8357
  F_direction_y       : R² (all) = 0.8342, R² (last) = 0.8330
  Fx                  : R² (all) = 0.0672, R² (last) = 0.0963
  Fy                  : R² (all) = 0.0622, R² (last) = 0.0830
  r                   : R² (all) = 0.0009, R² (last) = 0.0021
  inv_r               : R² (all) = 0.0003, R² (last) = 0.0003
  r_squared           : R² (all) = 0.0013, R² (last) = 0.0036
  inv_r_squared       : R² (all) = 0.0001, R² (last) = 0.0001
  inv_r_cubed         : R² (all) = 0.0000, R² (last) = 0.0000
  x                   : R² (all) = 1.0000, R² (last) = 1.0000
  y                   : R² (all) = 1.0000, R² (last) = 1.0000

after_pos_emb:
  F_magnitude         : R² (all) = 0.0367, R² (last) = 0.0000
  F_direction_x       : R² (all) = 0.8383, R² (last) = 0.8357
  F_direction_y       : R² (all) = 0.8342, R² (last) = 0.8330
  Fx                  : R² (all) = 0.0676, R² (last) = 0.0963
  Fy                  : R² (all) = 0.0628, R² (last) = 0.0830
  r                   : R² (all) = 0.0696, R² (last) = 0.0021
  inv_r               : R² (all) = 0.0499, R² (last) = 0.0003
  r_squared           : R² (all) = 0.0782, R² (last) = 0.0036
  inv_r_squared       : R² (all) = 0.0367, R² (last) = 0.0000
  inv_r_cubed         : R² (all) = 0.0223, R² (last) = 0.0000
  x                   : R² (all) = 1.0000, R² (last) = 1.0000
  y                   : R² (all) = 1.0000, R² (last) = 1.0000

block_0_attn_output:
  F_magnitude         : R² (all) = 0.2540, R² (last) = 0.7606
  F_direction_x       : R² (all) = 0.8648, R² (last) = 0.8941
  F_direction_y       : R² (all) = 0.8620, R² (last) = 0.9059
  Fx                  : R² (all) = 0.0751, R² (last) = 0.2289
  Fy                  : R² (all) = 0.0726, R² (last) = 0.2332
  r                   : R² (all) = 0.9151, R² (last) = 0.9923
  inv_r               : R² (all) = 0.6021, R² (last) = 0.9377
  r_squared           : R² (all) = 0.8426, R² (last) = 0.9887
  inv_r_squared       : R² (all) = 0.2540, R² (last) = 0.7608
  inv_r_cubed         : R² (all) = 0.0765, R² (last) = 0.5052
  x                   : R² (all) = 0.9481, R² (last) = 0.9832
  y                   : R² (all) = 0.9470, R² (last) = 0.9769

block_0_after_attn_merge:
  F_magnitude         : R² (all) = 0.3863, R² (last) = 0.8302
  F_direction_x       : R² (all) = 0.9657, R² (last) = 0.9775
  F_direction_y       : R² (all) = 0.9643, R² (last) = 0.9758
  Fx                  : R² (all) = 0.1796, R² (last) = 0.4318
  Fy                  : R² (all) = 0.1742, R² (last) = 0.3630
  r                   : R² (all) = 0.8363, R² (last) = 0.9873
  inv_r               : R² (all) = 0.7478, R² (last) = 0.9676
  r_squared           : R² (all) = 0.6873, R² (last) = 0.9840
  inv_r_squared       : R² (all) = 0.3863, R² (last) = 0.8302
  inv_r_cubed         : R² (all) = 0.1459, R² (last) = 0.5932
  x                   : R² (all) = 0.9618, R² (last) = 0.9730
  y                   : R² (all) = 0.9602, R² (last) = 0.9729

block_0_mlp_hidden:
  F_magnitude         : R² (all) = 0.5996, R² (last) = 0.9676
  F_direction_x       : R² (all) = 0.9886, R² (last) = 0.9996
  F_direction_y       : R² (all) = 0.9881, R² (last) = 0.9982
  Fx                  : R² (all) = 0.4122, R² (last) = 0.9384
  Fy                  : R² (all) = 0.3968, R² (last) = 0.8151
  r                   : R² (all) = 0.9879, R² (last) = 0.9999
  inv_r               : R² (all) = 0.8946, R² (last) = 0.9931
  r_squared           : R² (all) = 0.9552, R² (last) = 0.9999
  inv_r_squared       : R² (all) = 0.5996, R² (last) = 0.9676
  inv_r_cubed         : R² (all) = 0.3115, R² (last) = 0.9177
  x                   : R² (all) = 0.9921, R² (last) = 1.0000
  y                   : R² (all) = 0.9928, R² (last) = 1.0000

block_0_mlp_output:
  F_magnitude         : R² (all) = 0.4455, R² (last) = 0.8142
  F_direction_x       : R² (all) = 0.9750, R² (last) = 0.9958
  F_direction_y       : R² (all) = 0.9717, R² (last) = 0.9959
  Fx                  : R² (all) = 0.2660, R² (last) = 0.7068
  Fy                  : R² (all) = 0.2305, R² (last) = 0.7065
  r                   : R² (all) = 0.8388, R² (last) = 0.9976
  inv_r               : R² (all) = 0.7868, R² (last) = 0.9553
  r_squared           : R² (all) = 0.7305, R² (last) = 0.9878
  inv_r_squared       : R² (all) = 0.4455, R² (last) = 0.8142
  inv_r_cubed         : R² (all) = 0.1785, R² (last) = 0.5947
  x                   : R² (all) = 0.9652, R² (last) = 0.9988
  y                   : R² (all) = 0.9630, R² (last) = 0.9989

block_0_after_mlp_merge:
  F_magnitude         : R² (all) = 0.2927, R² (last) = 0.8168
  F_direction_x       : R² (all) = 0.9847, R² (last) = 0.9954
  F_direction_y       : R² (all) = 0.9828, R² (last) = 0.9946
  Fx                  : R² (all) = 0.3453, R² (last) = 0.7113
  Fy                  : R² (all) = 0.3242, R² (last) = 0.6910
  r                   : R² (all) = 0.7534, R² (last) = 0.9995
  inv_r               : R² (all) = 0.5773, R² (last) = 0.9568
  r_squared           : R² (all) = 0.7012, R² (last) = 0.9976
  inv_r_squared       : R² (all) = 0.2927, R² (last) = 0.8168
  inv_r_cubed         : R² (all) = 0.1088, R² (last) = 0.5948
  x                   : R² (all) = 0.9999, R² (last) = 1.0000
  y                   : R² (all) = 0.9997, R² (last) = 1.0000

block_1_attn_output:
  F_magnitude         : R² (all) = 0.1846, R² (last) = 0.6845
  F_direction_x       : R² (all) = 0.8324, R² (last) = 0.9828
  F_direction_y       : R² (all) = 0.7699, R² (last) = 0.9806
  Fx                  : R² (all) = 0.2293, R² (last) = 0.6335
  Fy                  : R² (all) = 0.1898, R² (last) = 0.5578
  r                   : R² (all) = 0.6857, R² (last) = 0.9386
  inv_r               : R² (all) = 0.5305, R² (last) = 0.8738
  r_squared           : R² (all) = 0.5680, R² (last) = 0.9047
  inv_r_squared       : R² (all) = 0.1846, R² (last) = 0.6845
  inv_r_cubed         : R² (all) = -0.0000, R² (last) = 0.4441
  x                   : R² (all) = 0.8353, R² (last) = 0.9756
  y                   : R² (all) = 0.9113, R² (last) = 0.9757

block_1_after_attn_merge:
  F_magnitude         : R² (all) = 0.3822, R² (last) = 0.8893
  F_direction_x       : R² (all) = 0.9853, R² (last) = 0.9979
  F_direction_y       : R² (all) = 0.9859, R² (last) = 0.9969
  Fx                  : R² (all) = 0.4265, R² (last) = 0.8098
  Fy                  : R² (all) = 0.4498, R² (last) = 0.7922
  r                   : R² (all) = 0.7021, R² (last) = 0.9876
  inv_r               : R² (all) = 0.6623, R² (last) = 0.9811
  r_squared           : R² (all) = 0.5973, R² (last) = 0.9641
  inv_r_squared       : R² (all) = 0.3822, R² (last) = 0.8893
  inv_r_cubed         : R² (all) = 0.1557, R² (last) = 0.7227
  x                   : R² (all) = 0.9935, R² (last) = 0.9994
  y                   : R² (all) = 0.9936, R² (last) = 0.9995

block_1_mlp_hidden:
  F_magnitude         : R² (all) = 0.7213, R² (last) = 0.9909
  F_direction_x       : R² (all) = 0.9947, R² (last) = 0.9998
  F_direction_y       : R² (all) = 0.9952, R² (last) = 0.9998
  Fx                  : R² (all) = 0.6130, R² (last) = 0.9755
  Fy                  : R² (all) = 0.6000, R² (last) = 0.9797
  r                   : R² (all) = 0.9798, R² (last) = 0.9998
  inv_r               : R² (all) = 0.9282, R² (last) = 0.9985
  r_squared           : R² (all) = 0.9701, R² (last) = 0.9994
  inv_r_squared       : R² (all) = 0.7213, R² (last) = 0.9909
  inv_r_cubed         : R² (all) = 0.4435, R² (last) = 0.9714
  x                   : R² (all) = 0.9973, R² (last) = 0.9999
  y                   : R² (all) = 0.9969, R² (last) = 0.9999

block_1_mlp_output:
  F_magnitude         : R² (all) = 0.4065, R² (last) = 0.8467
  F_direction_x       : R² (all) = 0.9834, R² (last) = 0.9969
  F_direction_y       : R² (all) = 0.9736, R² (last) = 0.9956
  Fx                  : R² (all) = 0.4437, R² (last) = 0.7521
  Fy                  : R² (all) = 0.4298, R² (last) = 0.7922
  r                   : R² (all) = 0.7719, R² (last) = 0.9479
  inv_r               : R² (all) = 0.6819, R² (last) = 0.9494
  r_squared           : R² (all) = 0.7266, R² (last) = 0.9231
  inv_r_squared       : R² (all) = 0.4065, R² (last) = 0.8467
  inv_r_cubed         : R² (all) = 0.1645, R² (last) = 0.6691
  x                   : R² (all) = 0.9855, R² (last) = 0.9972
  y                   : R² (all) = 0.9781, R² (last) = 0.9967

block_1_after_mlp_merge:
  F_magnitude         : R² (all) = 0.3330, R² (last) = 0.8012
  F_direction_x       : R² (all) = 0.9827, R² (last) = 0.9965
  F_direction_y       : R² (all) = 0.9832, R² (last) = 0.9940
  Fx                  : R² (all) = 0.4265, R² (last) = 0.7492
  Fy                  : R² (all) = 0.3723, R² (last) = 0.7298
  r                   : R² (all) = 0.6594, R² (last) = 0.9706
  inv_r               : R² (all) = 0.5931, R² (last) = 0.9317
  r_squared           : R² (all) = 0.5823, R² (last) = 0.9422
  inv_r_squared       : R² (all) = 0.3330, R² (last) = 0.8012
  inv_r_cubed         : R² (all) = 0.1309, R² (last) = 0.6261
  x                   : R² (all) = 0.9965, R² (last) = 0.9996
  y                   : R² (all) = 0.9964, R² (last) = 0.9998

after_ln_f:
  F_magnitude         : R² (all) = 0.3255, R² (last) = 0.7786
  F_direction_x       : R² (all) = 0.9755, R² (last) = 0.9945
  F_direction_y       : R² (all) = 0.9786, R² (last) = 0.9907
  Fx                  : R² (all) = 0.3943, R² (last) = 0.7183
  Fy                  : R² (all) = 0.3551, R² (last) = 0.6721
  r                   : R² (all) = 0.6919, R² (last) = 0.9734
  inv_r               : R² (all) = 0.5918, R² (last) = 0.9164
  r_squared           : R² (all) = 0.6144, R² (last) = 0.9554
  inv_r_squared       : R² (all) = 0.3255, R² (last) = 0.7786
  inv_r_cubed         : R² (all) = 0.1348, R² (last) = 0.6006
  x                   : R² (all) = 0.9989, R² (last) = 0.9997
  y                   : R² (all) = 0.9990, R² (last) = 0.9998
Evaluating on 500 trajectories...
Conditioning length: 50, Generating 50 more steps per trajectory...

Error Statistics (aggregated across all 500 trajectories):
Mean position error: 0.081627 ± 0.084988
Max position error: 0.830933
R² scores:
  X coordinate: 0.978998 ± 0.048191
  Y coordinate: 0.978767 ± 0.047569
Evaluating on 500 trajectories...
Conditioning length: 50, Generating 50 more steps per trajectory...

Error Statistics (aggregated across all 500 trajectories):
Mean position error: 0.081198 ± 0.083171
Max position error: 0.734903
R² scores:
  X coordinate: 0.984190 ± 0.029664
  Y coordinate: 0.984138 ± 0.030509
Evaluation at step 20000 completed.

Final memory stats: {'initial': {'allocated_gb': 0, 'reserved_gb': 0, 'max_allocated_gb': 0}, 'final': {'allocated_gb': 0, 'reserved_gb': 0, 'max_allocated_gb': 0}, 'peak': {'allocated_gb': 0, 'reserved_gb': 0, 'max_allocated_gb': 0}}

Training completed!
Saved results to ./results/kepler_cv_blocksize/results_block_size_100_num_trajectories_10000_noise_scale_0.1_loss_mask_all_attention_entropy_reg_0.001_start_0_end_none_n_steps_20000.npz

================================================================================
Parameter sweep completed! Total runs: 2
================================================================================

