Using device: mps

================================================================================
Starting parameter sweep:
  block_size: [100]
  num_trajectories: [10000]
  noise_scale: [0.1]
  loss_mask: ['all']
  lr: 0.001 (fixed)
  n_layer: 2 (fixed)
  n_embd: 32 (fixed)
  attention entropy configs:
    coefficient=0.01, interval=[0, None)
    coefficient=0.1, interval=[0, None)
================================================================================


Total configurations: 2, Already completed: 0, To run: 2

[1/2] Running: block_size=100, num_trajectories=10000, noise_scale=0.1, loss_mask=all, attention_entropy_reg=0.01, entropy_interval=[0, None)

================================================================================
Training model: block_size=100, noise_scale=0.1, lr=0.001, n_layer=2, n_embd=32, num_trajectories=10000, loss_mask=all, attention_entropy_reg=0.01, entropy_interval=[0, None)
================================================================================
Loading Kepler orbit trajectories from data_cv...
Loading 20,000 trajectories from 2 chunks...
Loaded 20,000 trajectories from chunks
Trajectories shape: (20000, 100, 2)
Position range: x=[-3.536, 3.517], y=[-3.444, 3.481]

Split: 10000 training trajectories, 10000 test trajectories
Loading orbital parameters from data_cv...
Loading 20,000 orbital parameters from 2 chunks...
Loaded 20,000 orbital parameters from chunks
Loaded 20000 orbital parameters

Block size (100) >= num_points_per_trajectory (100)
Using full trajectories...

Train input shape: torch.Size([10000, 99, 2]), Train target shape: torch.Size([10000, 99, 2])
Test input shape: torch.Size([10000, 99, 2]), Test target shape: torch.Size([10000, 99, 2])

Setting up model...
number of parameters: 0.025634M
Initial train loss: 1.068154, Initial test loss: 1.043691
Train predictions shape: torch.Size([128, 99, 2])

Training model with periodic evaluation...
Hooks registered for 2 transformer blocks:
  For each block: attn_output, after_attn_merge, mlp_output, after_mlp_merge, mlp_hidden
  Additional: input_embed, after_pos_emb, after_ln_f
  Total hooks: 13
Step 0, Total Train Loss: 1.088557, Prediction Loss: 1.078557, Test Loss: 0.850397, Attention Entropy: 1.0000, Entropy Reg Loss: 0.010000, Entropy Reg Active: True, GPU Memory: 0.000 GB

Evaluating at step 1...
Activations collected:
  input_embed: torch.Size([1000, 99, 32])
  after_pos_emb: torch.Size([1000, 99, 32])
  block_0_attn_output: torch.Size([1000, 99, 32])
  block_0_after_attn_merge: torch.Size([1000, 99, 32])
  block_0_mlp_hidden: torch.Size([1000, 99, 128])
  block_0_mlp_output: torch.Size([1000, 99, 32])
  block_0_after_mlp_merge: torch.Size([1000, 99, 32])
  block_1_attn_output: torch.Size([1000, 99, 32])
  block_1_after_attn_merge: torch.Size([1000, 99, 32])
  block_1_mlp_hidden: torch.Size([1000, 99, 128])
  block_1_mlp_output: torch.Size([1000, 99, 32])
  block_1_after_mlp_merge: torch.Size([1000, 99, 32])
  after_ln_f: torch.Size([1000, 99, 32])

Linear Probe Results (R² scores):
================================================================================

input_embed:
  F_magnitude         : R² (all) = 0.0004, R² (last) = 0.0018
  F_direction_x       : R² (all) = 0.8208, R² (last) = 0.8201
  F_direction_y       : R² (all) = 0.8254, R² (last) = 0.8312
  Fx                  : R² (all) = 0.0582, R² (last) = 0.0684
  Fy                  : R² (all) = 0.0628, R² (last) = 0.0892
  r                   : R² (all) = 0.0067, R² (last) = 0.0167
  inv_r               : R² (all) = 0.0017, R² (last) = 0.0043
  r_squared           : R² (all) = 0.0090, R² (last) = 0.0244
  inv_r_squared       : R² (all) = 0.0004, R² (last) = 0.0018
  inv_r_cubed         : R² (all) = 0.0001, R² (last) = 0.0009
  x                   : R² (all) = 1.0000, R² (last) = 1.0000
  y                   : R² (all) = 1.0000, R² (last) = 1.0000

after_pos_emb:
  F_magnitude         : R² (all) = 0.0118, R² (last) = 0.0018
  F_direction_x       : R² (all) = 0.8106, R² (last) = 0.8201
  F_direction_y       : R² (all) = 0.8065, R² (last) = 0.8312
  Fx                  : R² (all) = 0.0578, R² (last) = 0.0684
  Fy                  : R² (all) = 0.0617, R² (last) = 0.0892
  r                   : R² (all) = 0.0231, R² (last) = 0.0167
  inv_r               : R² (all) = 0.0148, R² (last) = 0.0043
  r_squared           : R² (all) = 0.0284, R² (last) = 0.0244
  inv_r_squared       : R² (all) = 0.0118, R² (last) = 0.0018
  inv_r_cubed         : R² (all) = 0.0075, R² (last) = 0.0009
  x                   : R² (all) = 0.9877, R² (last) = 1.0000
  y                   : R² (all) = 0.9777, R² (last) = 1.0000

block_0_attn_output:
  F_magnitude         : R² (all) = 0.2195, R² (last) = 0.4243
  F_direction_x       : R² (all) = 0.3969, R² (last) = 0.6312
  F_direction_y       : R² (all) = 0.3734, R² (last) = 0.7032
  Fx                  : R² (all) = 0.0133, R² (last) = 0.0961
  Fy                  : R² (all) = 0.0133, R² (last) = 0.2399
  r                   : R² (all) = 0.6076, R² (last) = 0.9041
  inv_r               : R² (all) = 0.4627, R² (last) = 0.6834
  r_squared           : R² (all) = 0.5150, R² (last) = 0.8903
  inv_r_squared       : R² (all) = 0.2195, R² (last) = 0.4243
  inv_r_cubed         : R² (all) = 0.0788, R² (last) = 0.2260
  x                   : R² (all) = 0.5278, R² (last) = 0.7588
  y                   : R² (all) = 0.5090, R² (last) = 0.7766

block_0_after_attn_merge:
  F_magnitude         : R² (all) = 0.0389, R² (last) = 0.5444
  F_direction_x       : R² (all) = 0.9424, R² (last) = 0.9639
  F_direction_y       : R² (all) = 0.9205, R² (last) = 0.9608
  Fx                  : R² (all) = 0.1239, R² (last) = 0.2772
  Fy                  : R² (all) = 0.1147, R² (last) = 0.4202
  r                   : R² (all) = 0.0660, R² (last) = 0.9210
  inv_r               : R² (all) = 0.0575, R² (last) = 0.7912
  r_squared           : R² (all) = 0.0598, R² (last) = 0.8655
  inv_r_squared       : R² (all) = 0.0389, R² (last) = 0.5444
  inv_r_cubed         : R² (all) = 0.0211, R² (last) = 0.3272
  x                   : R² (all) = 0.9044, R² (last) = 0.9362
  y                   : R² (all) = 0.9130, R² (last) = 0.9589

block_0_mlp_hidden:
  F_magnitude         : R² (all) = 0.3710, R² (last) = 0.9031
  F_direction_x       : R² (all) = 0.9537, R² (last) = 0.9982
  F_direction_y       : R² (all) = 0.9376, R² (last) = 0.9975
  Fx                  : R² (all) = 0.1470, R² (last) = 0.7282
  Fy                  : R² (all) = 0.1345, R² (last) = 0.8608
  r                   : R² (all) = 0.7621, R² (last) = 0.9988
  inv_r               : R² (all) = 0.7009, R² (last) = 0.9760
  r_squared           : R² (all) = 0.6078, R² (last) = 0.9937
  inv_r_squared       : R² (all) = 0.3710, R² (last) = 0.9030
  inv_r_cubed         : R² (all) = 0.1378, R² (last) = 0.7990
  x                   : R² (all) = 0.9157, R² (last) = 0.9988
  y                   : R² (all) = 0.9260, R² (last) = 0.9991

block_0_mlp_output:
  F_magnitude         : R² (all) = 0.1055, R² (last) = 0.7281
  F_direction_x       : R² (all) = 0.9386, R² (last) = 0.9845
  F_direction_y       : R² (all) = 0.9156, R² (last) = 0.9793
  Fx                  : R² (all) = 0.1240, R² (last) = 0.5211
  Fy                  : R² (all) = 0.1137, R² (last) = 0.6527
  r                   : R² (all) = 0.2028, R² (last) = 0.9948
  inv_r               : R² (all) = 0.1945, R² (last) = 0.9071
  r_squared           : R² (all) = 0.1603, R² (last) = 0.9736
  inv_r_squared       : R² (all) = 0.1055, R² (last) = 0.7281
  inv_r_cubed         : R² (all) = 0.0402, R² (last) = 0.5217
  x                   : R² (all) = 0.9001, R² (last) = 0.9942
  y                   : R² (all) = 0.9090, R² (last) = 0.9963

block_0_after_mlp_merge:
  F_magnitude         : R² (all) = 0.0113, R² (last) = 0.6872
  F_direction_x       : R² (all) = 0.8361, R² (last) = 0.9860
  F_direction_y       : R² (all) = 0.8128, R² (last) = 0.9806
  Fx                  : R² (all) = 0.0823, R² (last) = 0.5221
  Fy                  : R² (all) = 0.0756, R² (last) = 0.6445
  r                   : R² (all) = 0.0224, R² (last) = 0.9952
  inv_r               : R² (all) = 0.0139, R² (last) = 0.8926
  r_squared           : R² (all) = 0.0272, R² (last) = 0.9760
  inv_r_squared       : R² (all) = 0.0113, R² (last) = 0.6872
  inv_r_cubed         : R² (all) = 0.0076, R² (last) = 0.4513
  x                   : R² (all) = 0.9875, R² (last) = 1.0000
  y                   : R² (all) = 0.9765, R² (last) = 1.0000

block_1_attn_output:
  F_magnitude         : R² (all) = 0.2356, R² (last) = 0.4391
  F_direction_x       : R² (all) = 0.5535, R² (last) = 0.7043
  F_direction_y       : R² (all) = 0.5406, R² (last) = 0.6243
  Fx                  : R² (all) = 0.0471, R² (last) = 0.1615
  Fy                  : R² (all) = 0.0487, R² (last) = 0.2293
  r                   : R² (all) = 0.6064, R² (last) = 0.8918
  inv_r               : R² (all) = 0.4679, R² (last) = 0.6760
  r_squared           : R² (all) = 0.5257, R² (last) = 0.8841
  inv_r_squared       : R² (all) = 0.2356, R² (last) = 0.4391
  inv_r_cubed         : R² (all) = 0.0930, R² (last) = 0.2524
  x                   : R² (all) = 0.6793, R² (last) = 0.7937
  y                   : R² (all) = 0.6636, R² (last) = 0.7120

block_1_after_attn_merge:
  F_magnitude         : R² (all) = 0.0766, R² (last) = 0.7409
  F_direction_x       : R² (all) = 0.9439, R² (last) = 0.9853
  F_direction_y       : R² (all) = 0.9145, R² (last) = 0.9828
  Fx                  : R² (all) = 0.1354, R² (last) = 0.5456
  Fy                  : R² (all) = 0.1205, R² (last) = 0.7018
  r                   : R² (all) = 0.1394, R² (last) = 0.9806
  inv_r               : R² (all) = 0.1288, R² (last) = 0.9165
  r_squared           : R² (all) = 0.1167, R² (last) = 0.9433
  inv_r_squared       : R² (all) = 0.0766, R² (last) = 0.7409
  inv_r_cubed         : R² (all) = 0.0345, R² (last) = 0.5282
  x                   : R² (all) = 0.9068, R² (last) = 0.9966
  y                   : R² (all) = 0.9258, R² (last) = 0.9974

block_1_mlp_hidden:
  F_magnitude         : R² (all) = 0.3789, R² (last) = 0.9253
  F_direction_x       : R² (all) = 0.9559, R² (last) = 0.9988
  F_direction_y       : R² (all) = 0.9331, R² (last) = 0.9985
  Fx                  : R² (all) = 0.1789, R² (last) = 0.8537
  Fy                  : R² (all) = 0.1581, R² (last) = 0.9021
  r                   : R² (all) = 0.7565, R² (last) = 0.9997
  inv_r               : R² (all) = 0.6984, R² (last) = 0.9841
  r_squared           : R² (all) = 0.6111, R² (last) = 0.9984
  inv_r_squared       : R² (all) = 0.3789, R² (last) = 0.9253
  inv_r_cubed         : R² (all) = 0.1466, R² (last) = 0.8283
  x                   : R² (all) = 0.9267, R² (last) = 0.9998
  y                   : R² (all) = 0.9428, R² (last) = 0.9999

block_1_mlp_output:
  F_magnitude         : R² (all) = 0.1331, R² (last) = 0.7763
  F_direction_x       : R² (all) = 0.9378, R² (last) = 0.9876
  F_direction_y       : R² (all) = 0.9109, R² (last) = 0.9845
  Fx                  : R² (all) = 0.1327, R² (last) = 0.5594
  Fy                  : R² (all) = 0.1217, R² (last) = 0.7065
  r                   : R² (all) = 0.2495, R² (last) = 0.9943
  inv_r               : R² (all) = 0.2347, R² (last) = 0.9336
  r_squared           : R² (all) = 0.2026, R² (last) = 0.9805
  inv_r_squared       : R² (all) = 0.1331, R² (last) = 0.7763
  inv_r_cubed         : R² (all) = 0.0544, R² (last) = 0.5667
  x                   : R² (all) = 0.8987, R² (last) = 0.9973
  y                   : R² (all) = 0.9154, R² (last) = 0.9982

block_1_after_mlp_merge:
  F_magnitude         : R² (all) = 0.0174, R² (last) = 0.7152
  F_direction_x       : R² (all) = 0.8651, R² (last) = 0.9882
  F_direction_y       : R² (all) = 0.8352, R² (last) = 0.9839
  Fx                  : R² (all) = 0.1081, R² (last) = 0.5145
  Fy                  : R² (all) = 0.0960, R² (last) = 0.6560
  r                   : R² (all) = 0.0337, R² (last) = 0.9912
  inv_r               : R² (all) = 0.0254, R² (last) = 0.9089
  r_squared           : R² (all) = 0.0357, R² (last) = 0.9637
  inv_r_squared       : R² (all) = 0.0174, R² (last) = 0.7152
  inv_r_cubed         : R² (all) = 0.0099, R² (last) = 0.4778
  x                   : R² (all) = 0.9878, R² (last) = 1.0000
  y                   : R² (all) = 0.9747, R² (last) = 1.0000

after_ln_f:
  F_magnitude         : R² (all) = 0.0900, R² (last) = 0.7615
  F_direction_x       : R² (all) = 0.9464, R² (last) = 0.9888
  F_direction_y       : R² (all) = 0.9159, R² (last) = 0.9850
  Fx                  : R² (all) = 0.1549, R² (last) = 0.5817
  Fy                  : R² (all) = 0.1397, R² (last) = 0.7139
  r                   : R² (all) = 0.1514, R² (last) = 0.9883
  inv_r               : R² (all) = 0.1505, R² (last) = 0.9305
  r_squared           : R² (all) = 0.1217, R² (last) = 0.9579
  inv_r_squared       : R² (all) = 0.0900, R² (last) = 0.7615
  inv_r_cubed         : R² (all) = 0.0397, R² (last) = 0.5438
  x                   : R² (all) = 0.9148, R² (last) = 0.9981
  y                   : R² (all) = 0.9350, R² (last) = 0.9990
Evaluating on 500 trajectories...
Conditioning length: 50, Generating 50 more steps per trajectory...

Error Statistics (aggregated across all 500 trajectories):
Mean position error: 1.316265 ± 0.567969
Max position error: 3.288628
R² scores:
  X coordinate: -0.588799 ± 0.809313
  Y coordinate: -0.582387 ± 0.766043
Evaluating on 500 trajectories...
Conditioning length: 50, Generating 50 more steps per trajectory...

Error Statistics (aggregated across all 500 trajectories):
Mean position error: 1.308560 ± 0.559347
Max position error: 3.180703
R² scores:
  X coordinate: -0.635526 ± 0.861744
  Y coordinate: -0.548559 ± 0.710078
Evaluation at step 1 completed.

Step 100, Total Train Loss: 0.034905, Prediction Loss: 0.025549, Test Loss: 0.014243, Attention Entropy: 0.9355, Entropy Reg Loss: 0.009355, Entropy Reg Active: True, GPU Memory: 0.000 GB

Evaluating at step 101...
Activations collected:
  input_embed: torch.Size([1000, 99, 32])
  after_pos_emb: torch.Size([1000, 99, 32])
  block_0_attn_output: torch.Size([1000, 99, 32])
  block_0_after_attn_merge: torch.Size([1000, 99, 32])
  block_0_mlp_hidden: torch.Size([1000, 99, 128])
  block_0_mlp_output: torch.Size([1000, 99, 32])
  block_0_after_mlp_merge: torch.Size([1000, 99, 32])
  block_1_attn_output: torch.Size([1000, 99, 32])
  block_1_after_attn_merge: torch.Size([1000, 99, 32])
  block_1_mlp_hidden: torch.Size([1000, 99, 128])
  block_1_mlp_output: torch.Size([1000, 99, 32])
  block_1_after_mlp_merge: torch.Size([1000, 99, 32])
  after_ln_f: torch.Size([1000, 99, 32])

Linear Probe Results (R² scores):
================================================================================

input_embed:
  F_magnitude         : R² (all) = 0.0004, R² (last) = 0.0004
  F_direction_x       : R² (all) = 0.8364, R² (last) = 0.8402
  F_direction_y       : R² (all) = 0.8390, R² (last) = 0.8407
  Fx                  : R² (all) = 0.0660, R² (last) = 0.0648
  Fy                  : R² (all) = 0.0660, R² (last) = 0.1078
  r                   : R² (all) = 0.0057, R² (last) = 0.0043
  inv_r               : R² (all) = 0.0015, R² (last) = 0.0012
  r_squared           : R² (all) = 0.0076, R² (last) = 0.0062
  inv_r_squared       : R² (all) = 0.0004, R² (last) = 0.0004
  inv_r_cubed         : R² (all) = 0.0001, R² (last) = 0.0001
  x                   : R² (all) = 1.0000, R² (last) = 1.0000
  y                   : R² (all) = 1.0000, R² (last) = 1.0000

after_pos_emb:
  F_magnitude         : R² (all) = 0.0314, R² (last) = 0.0003
  F_direction_x       : R² (all) = 0.8364, R² (last) = 0.8402
  F_direction_y       : R² (all) = 0.8391, R² (last) = 0.8407
  Fx                  : R² (all) = 0.0663, R² (last) = 0.0648
  Fy                  : R² (all) = 0.0662, R² (last) = 0.1078
  r                   : R² (all) = 0.0631, R² (last) = 0.0043
  inv_r               : R² (all) = 0.0449, R² (last) = 0.0012
  r_squared           : R² (all) = 0.0665, R² (last) = 0.0062
  inv_r_squared       : R² (all) = 0.0314, R² (last) = 0.0003
  inv_r_cubed         : R² (all) = 0.0200, R² (last) = 0.0001
  x                   : R² (all) = 1.0000, R² (last) = 1.0000
  y                   : R² (all) = 1.0000, R² (last) = 1.0000

block_0_attn_output:
  F_magnitude         : R² (all) = 0.3019, R² (last) = 0.3961
  F_direction_x       : R² (all) = 0.8577, R² (last) = 0.9127
  F_direction_y       : R² (all) = 0.7567, R² (last) = 0.8022
  Fx                  : R² (all) = 0.1218, R² (last) = 0.3015
  Fy                  : R² (all) = 0.0580, R² (last) = 0.2757
  r                   : R² (all) = 0.7404, R² (last) = 0.8057
  inv_r               : R² (all) = 0.6105, R² (last) = 0.6509
  r_squared           : R² (all) = 0.6110, R² (last) = 0.7401
  inv_r_squared       : R² (all) = 0.3019, R² (last) = 0.3961
  inv_r_cubed         : R² (all) = 0.1102, R² (last) = 0.1962
  x                   : R² (all) = 0.8429, R² (last) = 0.8399
  y                   : R² (all) = 0.8200, R² (last) = 0.8243

block_0_after_attn_merge:
  F_magnitude         : R² (all) = 0.3051, R² (last) = 0.4935
  F_direction_x       : R² (all) = 0.9409, R² (last) = 0.9768
  F_direction_y       : R² (all) = 0.9302, R² (last) = 0.9584
  Fx                  : R² (all) = 0.1172, R² (last) = 0.3480
  Fy                  : R² (all) = 0.1207, R² (last) = 0.3945
  r                   : R² (all) = 0.8568, R² (last) = 0.9400
  inv_r               : R² (all) = 0.6617, R² (last) = 0.7750
  r_squared           : R² (all) = 0.7202, R² (last) = 0.8750
  inv_r_squared       : R² (all) = 0.3051, R² (last) = 0.4935
  inv_r_cubed         : R² (all) = 0.0970, R² (last) = 0.2636
  x                   : R² (all) = 0.9659, R² (last) = 0.9808
  y                   : R² (all) = 0.9600, R² (last) = 0.9683

block_0_mlp_hidden:
  F_magnitude         : R² (all) = 0.4719, R² (last) = 0.8908
  F_direction_x       : R² (all) = 0.9797, R² (last) = 0.9970
  F_direction_y       : R² (all) = 0.9753, R² (last) = 0.9984
  Fx                  : R² (all) = 0.2965, R² (last) = 0.7191
  Fy                  : R² (all) = 0.3054, R² (last) = 0.8890
  r                   : R² (all) = 0.9684, R² (last) = 0.9991
  inv_r               : R² (all) = 0.8107, R² (last) = 0.9723
  r_squared           : R² (all) = 0.9205, R² (last) = 0.9956
  inv_r_squared       : R² (all) = 0.4719, R² (last) = 0.8908
  inv_r_cubed         : R² (all) = 0.1937, R² (last) = 0.7658
  x                   : R² (all) = 0.9932, R² (last) = 0.9995
  y                   : R² (all) = 0.9924, R² (last) = 0.9996

block_0_mlp_output:
  F_magnitude         : R² (all) = 0.3360, R² (last) = 0.6524
  F_direction_x       : R² (all) = 0.9614, R² (last) = 0.9877
  F_direction_y       : R² (all) = 0.9494, R² (last) = 0.9859
  Fx                  : R² (all) = 0.2071, R² (last) = 0.4264
  Fy                  : R² (all) = 0.2024, R² (last) = 0.6216
  r                   : R² (all) = 0.9130, R² (last) = 0.9926
  inv_r               : R² (all) = 0.6991, R² (last) = 0.8797
  r_squared           : R² (all) = 0.7993, R² (last) = 0.9759
  inv_r_squared       : R² (all) = 0.3360, R² (last) = 0.6524
  inv_r_cubed         : R² (all) = 0.1112, R² (last) = 0.4232
  x                   : R² (all) = 0.9809, R² (last) = 0.9982
  y                   : R² (all) = 0.9771, R² (last) = 0.9973

block_0_after_mlp_merge:
  F_magnitude         : R² (all) = 0.2970, R² (last) = 0.6166
  F_direction_x       : R² (all) = 0.9519, R² (last) = 0.9869
  F_direction_y       : R² (all) = 0.9418, R² (last) = 0.9848
  Fx                  : R² (all) = 0.1770, R² (last) = 0.4241
  Fy                  : R² (all) = 0.1838, R² (last) = 0.6123
  r                   : R² (all) = 0.8324, R² (last) = 0.9874
  inv_r               : R² (all) = 0.6405, R² (last) = 0.8580
  r_squared           : R² (all) = 0.7035, R² (last) = 0.9580
  inv_r_squared       : R² (all) = 0.2970, R² (last) = 0.6166
  inv_r_cubed         : R² (all) = 0.0976, R² (last) = 0.3897
  x                   : R² (all) = 0.9995, R² (last) = 1.0000
  y                   : R² (all) = 0.9997, R² (last) = 1.0000

block_1_attn_output:
  F_magnitude         : R² (all) = 0.2283, R² (last) = 0.4131
  F_direction_x       : R² (all) = 0.7312, R² (last) = 0.7591
  F_direction_y       : R² (all) = 0.7873, R² (last) = 0.8838
  Fx                  : R² (all) = 0.0652, R² (last) = 0.0852
  Fy                  : R² (all) = 0.0945, R² (last) = 0.2784
  r                   : R² (all) = 0.7485, R² (last) = 0.8745
  inv_r               : R² (all) = 0.5069, R² (last) = 0.6747
  r_squared           : R² (all) = 0.6998, R² (last) = 0.8555
  inv_r_squared       : R² (all) = 0.2283, R² (last) = 0.4131
  inv_r_cubed         : R² (all) = 0.0777, R² (last) = 0.2136
  x                   : R² (all) = 0.8359, R² (last) = 0.8697
  y                   : R² (all) = 0.8889, R² (last) = 0.9469

block_1_after_attn_merge:
  F_magnitude         : R² (all) = 0.2595, R² (last) = 0.5965
  F_direction_x       : R² (all) = 0.9544, R² (last) = 0.9826
  F_direction_y       : R² (all) = 0.9436, R² (last) = 0.9859
  Fx                  : R² (all) = 0.2007, R² (last) = 0.3994
  Fy                  : R² (all) = 0.1917, R² (last) = 0.6322
  r                   : R² (all) = 0.9060, R² (last) = 0.9859
  inv_r               : R² (all) = 0.6125, R² (last) = 0.8467
  r_squared           : R² (all) = 0.7971, R² (last) = 0.9736
  inv_r_squared       : R² (all) = 0.2595, R² (last) = 0.5965
  inv_r_cubed         : R² (all) = 0.0770, R² (last) = 0.3672
  x                   : R² (all) = 0.9928, R² (last) = 0.9989
  y                   : R² (all) = 0.9911, R² (last) = 0.9989

block_1_mlp_hidden:
  F_magnitude         : R² (all) = 0.4443, R² (last) = 0.8699
  F_direction_x       : R² (all) = 0.9811, R² (last) = 0.9963
  F_direction_y       : R² (all) = 0.9780, R² (last) = 0.9972
  Fx                  : R² (all) = 0.3282, R² (last) = 0.6832
  Fy                  : R² (all) = 0.3222, R² (last) = 0.8390
  r                   : R² (all) = 0.9878, R² (last) = 0.9997
  inv_r               : R² (all) = 0.7894, R² (last) = 0.9651
  r_squared           : R² (all) = 0.9843, R² (last) = 0.9998
  inv_r_squared       : R² (all) = 0.4443, R² (last) = 0.8700
  inv_r_cubed         : R² (all) = 0.1781, R² (last) = 0.7390
  x                   : R² (all) = 0.9982, R² (last) = 1.0000
  y                   : R² (all) = 0.9977, R² (last) = 1.0000

block_1_mlp_output:
  F_magnitude         : R² (all) = 0.3046, R² (last) = 0.6640
  F_direction_x       : R² (all) = 0.9664, R² (last) = 0.9845
  F_direction_y       : R² (all) = 0.9536, R² (last) = 0.9862
  Fx                  : R² (all) = 0.2245, R² (last) = 0.4186
  Fy                  : R² (all) = 0.2187, R² (last) = 0.6104
  r                   : R² (all) = 0.9522, R² (last) = 0.9931
  inv_r               : R² (all) = 0.6614, R² (last) = 0.8813
  r_squared           : R² (all) = 0.8954, R² (last) = 0.9856
  inv_r_squared       : R² (all) = 0.3046, R² (last) = 0.6640
  inv_r_cubed         : R² (all) = 0.0980, R² (last) = 0.4458
  x                   : R² (all) = 0.9939, R² (last) = 0.9991
  y                   : R² (all) = 0.9937, R² (last) = 0.9989

block_1_after_mlp_merge:
  F_magnitude         : R² (all) = 0.2880, R² (last) = 0.6072
  F_direction_x       : R² (all) = 0.9530, R² (last) = 0.9855
  F_direction_y       : R² (all) = 0.9409, R² (last) = 0.9807
  Fx                  : R² (all) = 0.1884, R² (last) = 0.4020
  Fy                  : R² (all) = 0.1805, R² (last) = 0.5949
  r                   : R² (all) = 0.8617, R² (last) = 0.9894
  inv_r               : R² (all) = 0.6331, R² (last) = 0.8566
  r_squared           : R² (all) = 0.7438, R² (last) = 0.9718
  inv_r_squared       : R² (all) = 0.2880, R² (last) = 0.6072
  inv_r_cubed         : R² (all) = 0.0933, R² (last) = 0.3706
  x                   : R² (all) = 0.9987, R² (last) = 1.0000
  y                   : R² (all) = 0.9986, R² (last) = 1.0000

after_ln_f:
  F_magnitude         : R² (all) = 0.2167, R² (last) = 0.5721
  F_direction_x       : R² (all) = 0.9331, R² (last) = 0.9784
  F_direction_y       : R² (all) = 0.9200, R² (last) = 0.9717
  Fx                  : R² (all) = 0.1704, R² (last) = 0.3801
  Fy                  : R² (all) = 0.1612, R² (last) = 0.5567
  r                   : R² (all) = 0.8852, R² (last) = 0.9798
  inv_r               : R² (all) = 0.5327, R² (last) = 0.8289
  r_squared           : R² (all) = 0.8223, R² (last) = 0.9735
  inv_r_squared       : R² (all) = 0.2167, R² (last) = 0.5721
  inv_r_cubed         : R² (all) = 0.0638, R² (last) = 0.3386
  x                   : R² (all) = 0.9927, R² (last) = 0.9987
  y                   : R² (all) = 0.9936, R² (last) = 0.9988
Evaluating on 500 trajectories...
Conditioning length: 50, Generating 50 more steps per trajectory...

Error Statistics (aggregated across all 500 trajectories):
Mean position error: 0.911381 ± 0.629427
Max position error: 4.062462
R² scores:
  X coordinate: 0.003091 ± 0.855755
  Y coordinate: 0.004868 ± 0.798592
Evaluating on 500 trajectories...
Conditioning length: 50, Generating 50 more steps per trajectory...

Error Statistics (aggregated across all 500 trajectories):
Mean position error: 0.915006 ± 0.650711
Max position error: 4.037950
R² scores:
  X coordinate: -0.096580 ± 0.975272
  Y coordinate: -0.054754 ± 0.888614
Evaluation at step 101 completed.

Step 200, Total Train Loss: 0.022769, Prediction Loss: 0.015058, Test Loss: 0.006309, Attention Entropy: 0.7711, Entropy Reg Loss: 0.007711, Entropy Reg Active: True, GPU Memory: 0.000 GB

Evaluating at step 201...
Activations collected:
  input_embed: torch.Size([1000, 99, 32])
  after_pos_emb: torch.Size([1000, 99, 32])
  block_0_attn_output: torch.Size([1000, 99, 32])
  block_0_after_attn_merge: torch.Size([1000, 99, 32])
  block_0_mlp_hidden: torch.Size([1000, 99, 128])
  block_0_mlp_output: torch.Size([1000, 99, 32])
  block_0_after_mlp_merge: torch.Size([1000, 99, 32])
  block_1_attn_output: torch.Size([1000, 99, 32])
  block_1_after_attn_merge: torch.Size([1000, 99, 32])
  block_1_mlp_hidden: torch.Size([1000, 99, 128])
  block_1_mlp_output: torch.Size([1000, 99, 32])
  block_1_after_mlp_merge: torch.Size([1000, 99, 32])
  after_ln_f: torch.Size([1000, 99, 32])

Linear Probe Results (R² scores):
================================================================================

input_embed:
  F_magnitude         : R² (all) = 0.0000, R² (last) = 0.0000
  F_direction_x       : R² (all) = 0.8232, R² (last) = 0.8218
  F_direction_y       : R² (all) = 0.8265, R² (last) = 0.8234
  Fx                  : R² (all) = 0.0695, R² (last) = 0.0783
  Fy                  : R² (all) = 0.0676, R² (last) = 0.0563
  r                   : R² (all) = 0.0018, R² (last) = 0.0005
  inv_r               : R² (all) = 0.0002, R² (last) = 0.0001
  r_squared           : R² (all) = 0.0031, R² (last) = 0.0006
  inv_r_squared       : R² (all) = 0.0000, R² (last) = 0.0002
  inv_r_cubed         : R² (all) = 0.0000, R² (last) = -0.0001
  x                   : R² (all) = 1.0000, R² (last) = 1.0000
  y                   : R² (all) = 1.0000, R² (last) = 1.0000

after_pos_emb:
  F_magnitude         : R² (all) = 0.0310, R² (last) = 0.0001
  F_direction_x       : R² (all) = 0.8232, R² (last) = 0.8220
  F_direction_y       : R² (all) = 0.8265, R² (last) = 0.8235
  Fx                  : R² (all) = 0.0697, R² (last) = 0.0785
  Fy                  : R² (all) = 0.0680, R² (last) = 0.0563
  r                   : R² (all) = 0.0596, R² (last) = 0.0018
  inv_r               : R² (all) = 0.0414, R² (last) = 0.0006
  r_squared           : R² (all) = 0.0655, R² (last) = 0.0021
  inv_r_squared       : R² (all) = 0.0310, R² (last) = 0.0001
  inv_r_cubed         : R² (all) = 0.0196, R² (last) = 0.0000
  x                   : R² (all) = 1.0000, R² (last) = 1.0000
  y                   : R² (all) = 1.0000, R² (last) = 1.0000

block_0_attn_output:
  F_magnitude         : R² (all) = 0.3363, R² (last) = 0.4791
  F_direction_x       : R² (all) = 0.9267, R² (last) = 0.9461
  F_direction_y       : R² (all) = 0.8598, R² (last) = 0.8814
  Fx                  : R² (all) = 0.1847, R² (last) = 0.4300
  Fy                  : R² (all) = 0.0888, R² (last) = 0.2262
  r                   : R² (all) = 0.8234, R² (last) = 0.8674
  inv_r               : R² (all) = 0.6926, R² (last) = 0.7254
  r_squared           : R² (all) = 0.6867, R² (last) = 0.7891
  inv_r_squared       : R² (all) = 0.3363, R² (last) = 0.4791
  inv_r_cubed         : R² (all) = 0.1088, R² (last) = 0.3117
  x                   : R² (all) = 0.8726, R² (last) = 0.8886
  y                   : R² (all) = 0.8766, R² (last) = 0.8726

block_0_after_attn_merge:
  F_magnitude         : R² (all) = 0.3552, R² (last) = 0.5681
  F_direction_x       : R² (all) = 0.9551, R² (last) = 0.9799
  F_direction_y       : R² (all) = 0.9342, R² (last) = 0.9516
  Fx                  : R² (all) = 0.1975, R² (last) = 0.5332
  Fy                  : R² (all) = 0.1120, R² (last) = 0.2741
  r                   : R² (all) = 0.9079, R² (last) = 0.9599
  inv_r               : R² (all) = 0.7357, R² (last) = 0.8267
  r_squared           : R² (all) = 0.7737, R² (last) = 0.8995
  inv_r_squared       : R² (all) = 0.3552, R² (last) = 0.5681
  inv_r_cubed         : R² (all) = 0.1134, R² (last) = 0.3679
  x                   : R² (all) = 0.9759, R² (last) = 0.9827
  y                   : R² (all) = 0.9642, R² (last) = 0.9750

block_0_mlp_hidden:
  F_magnitude         : R² (all) = 0.5195, R² (last) = 0.9220
  F_direction_x       : R² (all) = 0.9870, R² (last) = 0.9990
  F_direction_y       : R² (all) = 0.9818, R² (last) = 0.9983
  Fx                  : R² (all) = 0.3687, R² (last) = 0.8687
  Fy                  : R² (all) = 0.3366, R² (last) = 0.8401
  r                   : R² (all) = 0.9821, R² (last) = 0.9996
  inv_r               : R² (all) = 0.8541, R² (last) = 0.9813
  r_squared           : R² (all) = 0.9505, R² (last) = 0.9976
  inv_r_squared       : R² (all) = 0.5195, R² (last) = 0.9220
  inv_r_cubed         : R² (all) = 0.2164, R² (last) = 0.8375
  x                   : R² (all) = 0.9965, R² (last) = 0.9997
  y                   : R² (all) = 0.9944, R² (last) = 0.9997

block_0_mlp_output:
  F_magnitude         : R² (all) = 0.3751, R² (last) = 0.7153
  F_direction_x       : R² (all) = 0.9687, R² (last) = 0.9938
  F_direction_y       : R² (all) = 0.9612, R² (last) = 0.9881
  Fx                  : R² (all) = 0.2577, R² (last) = 0.6837
  Fy                  : R² (all) = 0.2329, R² (last) = 0.5039
  r                   : R² (all) = 0.9422, R² (last) = 0.9944
  inv_r               : R² (all) = 0.7451, R² (last) = 0.9090
  r_squared           : R² (all) = 0.8485, R² (last) = 0.9812
  inv_r_squared       : R² (all) = 0.3751, R² (last) = 0.7153
  inv_r_cubed         : R² (all) = 0.1246, R² (last) = 0.5160
  x                   : R² (all) = 0.9852, R² (last) = 0.9989
  y                   : R² (all) = 0.9789, R² (last) = 0.9973

block_0_after_mlp_merge:
  F_magnitude         : R² (all) = 0.3289, R² (last) = 0.7200
  F_direction_x       : R² (all) = 0.9599, R² (last) = 0.9919
  F_direction_y       : R² (all) = 0.9524, R² (last) = 0.9866
  Fx                  : R² (all) = 0.2190, R² (last) = 0.6218
  Fy                  : R² (all) = 0.1978, R² (last) = 0.5013
  r                   : R² (all) = 0.8944, R² (last) = 0.9919
  inv_r               : R² (all) = 0.7023, R² (last) = 0.9110
  r_squared           : R² (all) = 0.7710, R² (last) = 0.9725
  inv_r_squared       : R² (all) = 0.3289, R² (last) = 0.7200
  inv_r_cubed         : R² (all) = 0.1017, R² (last) = 0.5216
  x                   : R² (all) = 0.9993, R² (last) = 1.0000
  y                   : R² (all) = 0.9996, R² (last) = 1.0000

block_1_attn_output:
  F_magnitude         : R² (all) = 0.2906, R² (last) = 0.2999
  F_direction_x       : R² (all) = 0.8509, R² (last) = 0.8560
  F_direction_y       : R² (all) = 0.8478, R² (last) = 0.8693
  Fx                  : R² (all) = 0.1510, R² (last) = 0.2758
  Fy                  : R² (all) = 0.1310, R² (last) = 0.1603
  r                   : R² (all) = 0.8719, R² (last) = 0.8373
  inv_r               : R² (all) = 0.6286, R² (last) = 0.4728
  r_squared           : R² (all) = 0.8054, R² (last) = 0.9021
  inv_r_squared       : R² (all) = 0.2906, R² (last) = 0.3003
  inv_r_cubed         : R² (all) = 0.0912, R² (last) = 0.1714
  x                   : R² (all) = 0.9238, R² (last) = 0.9418
  y                   : R² (all) = 0.9301, R² (last) = 0.9109

block_1_after_attn_merge:
  F_magnitude         : R² (all) = 0.2670, R² (last) = 0.6522
  F_direction_x       : R² (all) = 0.9532, R² (last) = 0.9847
  F_direction_y       : R² (all) = 0.9353, R² (last) = 0.9796
  Fx                  : R² (all) = 0.2462, R² (last) = 0.5863
  Fy                  : R² (all) = 0.1909, R² (last) = 0.4487
  r                   : R² (all) = 0.9658, R² (last) = 0.9936
  inv_r               : R² (all) = 0.6219, R² (last) = 0.8781
  r_squared           : R² (all) = 0.9110, R² (last) = 0.9885
  inv_r_squared       : R² (all) = 0.2670, R² (last) = 0.6522
  inv_r_cubed         : R² (all) = 0.0768, R² (last) = 0.4372
  x                   : R² (all) = 0.9941, R² (last) = 0.9989
  y                   : R² (all) = 0.9939, R² (last) = 0.9992

block_1_mlp_hidden:
  F_magnitude         : R² (all) = 0.4444, R² (last) = 0.8728
  F_direction_x       : R² (all) = 0.9847, R² (last) = 0.9979
  F_direction_y       : R² (all) = 0.9756, R² (last) = 0.9967
  Fx                  : R² (all) = 0.3788, R² (last) = 0.8255
  Fy                  : R² (all) = 0.3164, R² (last) = 0.7308
  r                   : R² (all) = 0.9905, R² (last) = 0.9998
  inv_r               : R² (all) = 0.7994, R² (last) = 0.9682
  r_squared           : R² (all) = 0.9925, R² (last) = 0.9999
  inv_r_squared       : R² (all) = 0.4444, R² (last) = 0.8728
  inv_r_cubed         : R² (all) = 0.1672, R² (last) = 0.7446
  x                   : R² (all) = 0.9982, R² (last) = 1.0000
  y                   : R² (all) = 0.9986, R² (last) = 1.0000

block_1_mlp_output:
  F_magnitude         : R² (all) = 0.2988, R² (last) = 0.6457
  F_direction_x       : R² (all) = 0.9671, R² (last) = 0.9860
  F_direction_y       : R² (all) = 0.9506, R² (last) = 0.9802
  Fx                  : R² (all) = 0.2766, R² (last) = 0.5826
  Fy                  : R² (all) = 0.2239, R² (last) = 0.4208
  r                   : R² (all) = 0.9729, R² (last) = 0.9942
  inv_r               : R² (all) = 0.6582, R² (last) = 0.8675
  r_squared           : R² (all) = 0.9521, R² (last) = 0.9947
  inv_r_squared       : R² (all) = 0.2988, R² (last) = 0.6457
  inv_r_cubed         : R² (all) = 0.0895, R² (last) = 0.4403
  x                   : R² (all) = 0.9949, R² (last) = 0.9992
  y                   : R² (all) = 0.9961, R² (last) = 0.9994

block_1_after_mlp_merge:
  F_magnitude         : R² (all) = 0.3186, R² (last) = 0.6769
  F_direction_x       : R² (all) = 0.9671, R² (last) = 0.9924
  F_direction_y       : R² (all) = 0.9482, R² (last) = 0.9843
  Fx                  : R² (all) = 0.2733, R² (last) = 0.6469
  Fy                  : R² (all) = 0.2097, R² (last) = 0.4904
  r                   : R² (all) = 0.9350, R² (last) = 0.9934
  inv_r               : R² (all) = 0.6867, R² (last) = 0.8964
  r_squared           : R² (all) = 0.8424, R² (last) = 0.9788
  inv_r_squared       : R² (all) = 0.3186, R² (last) = 0.6769
  inv_r_cubed         : R² (all) = 0.0981, R² (last) = 0.4577
  x                   : R² (all) = 0.9957, R² (last) = 1.0000
  y                   : R² (all) = 0.9974, R² (last) = 1.0000

after_ln_f:
  F_magnitude         : R² (all) = 0.2581, R² (last) = 0.6057
  F_direction_x       : R² (all) = 0.9452, R² (last) = 0.9908
  F_direction_y       : R² (all) = 0.9223, R² (last) = 0.9785
  Fx                  : R² (all) = 0.2357, R² (last) = 0.6170
  Fy                  : R² (all) = 0.1801, R² (last) = 0.4582
  r                   : R² (all) = 0.9550, R² (last) = 0.9929
  inv_r               : R² (all) = 0.5938, R² (last) = 0.8563
  r_squared           : R² (all) = 0.9360, R² (last) = 0.9908
  inv_r_squared       : R² (all) = 0.2581, R² (last) = 0.6057
  inv_r_cubed         : R² (all) = 0.0757, R² (last) = 0.3816
  x                   : R² (all) = 0.9958, R² (last) = 0.9997
  y                   : R² (all) = 0.9959, R² (last) = 0.9995
Evaluating on 500 trajectories...
Conditioning length: 50, Generating 50 more steps per trajectory...

Error Statistics (aggregated across all 500 trajectories):
Mean position error: 0.660791 ± 0.554411
Max position error: 4.312042
R² scores:
  X coordinate: 0.358638 ± 0.698358
  Y coordinate: 0.315759 ± 0.771542
Evaluating on 500 trajectories...
Conditioning length: 50, Generating 50 more steps per trajectory...

Error Statistics (aggregated across all 500 trajectories):
Mean position error: 0.662364 ± 0.548837
Max position error: 4.153753
R² scores:
  X coordinate: 0.370823 ± 0.677065
  Y coordinate: 0.298627 ± 0.793216
Evaluation at step 201 completed.

Step 300, Total Train Loss: 0.018062, Prediction Loss: 0.012580, Test Loss: 0.003732, Attention Entropy: 0.5482, Entropy Reg Loss: 0.005482, Entropy Reg Active: True, GPU Memory: 0.000 GB

Evaluating at step 301...
Activations collected:
  input_embed: torch.Size([1000, 99, 32])
  after_pos_emb: torch.Size([1000, 99, 32])
  block_0_attn_output: torch.Size([1000, 99, 32])
  block_0_after_attn_merge: torch.Size([1000, 99, 32])
  block_0_mlp_hidden: torch.Size([1000, 99, 128])
  block_0_mlp_output: torch.Size([1000, 99, 32])
  block_0_after_mlp_merge: torch.Size([1000, 99, 32])
  block_1_attn_output: torch.Size([1000, 99, 32])
  block_1_after_attn_merge: torch.Size([1000, 99, 32])
  block_1_mlp_hidden: torch.Size([1000, 99, 128])
  block_1_mlp_output: torch.Size([1000, 99, 32])
  block_1_after_mlp_merge: torch.Size([1000, 99, 32])
  after_ln_f: torch.Size([1000, 99, 32])

Linear Probe Results (R² scores):
================================================================================

input_embed:
  F_magnitude         : R² (all) = 0.0001, R² (last) = -0.0012
  F_direction_x       : R² (all) = 0.8277, R² (last) = 0.8244
  F_direction_y       : R² (all) = 0.8277, R² (last) = 0.8244
  Fx                  : R² (all) = 0.0603, R² (last) = 0.0462
  Fy                  : R² (all) = 0.0631, R² (last) = 0.0541
  r                   : R² (all) = 0.0023, R² (last) = 0.0007
  inv_r               : R² (all) = 0.0004, R² (last) = -0.0004
  r_squared           : R² (all) = 0.0035, R² (last) = 0.0011
  inv_r_squared       : R² (all) = 0.0001, R² (last) = -0.0012
  inv_r_cubed         : R² (all) = 0.0000, R² (last) = -0.0006
  x                   : R² (all) = 1.0000, R² (last) = 1.0000
  y                   : R² (all) = 1.0000, R² (last) = 1.0000

after_pos_emb:
  F_magnitude         : R² (all) = 0.0311, R² (last) = -0.0000
  F_direction_x       : R² (all) = 0.8277, R² (last) = 0.8243
  F_direction_y       : R² (all) = 0.8277, R² (last) = 0.8244
  Fx                  : R² (all) = 0.0604, R² (last) = 0.0469
  Fy                  : R² (all) = 0.0633, R² (last) = 0.0547
  r                   : R² (all) = 0.0625, R² (last) = 0.0007
  inv_r               : R² (all) = 0.0425, R² (last) = -0.0000
  r_squared           : R² (all) = 0.0715, R² (last) = 0.0010
  inv_r_squared       : R² (all) = 0.0311, R² (last) = -0.0001
  inv_r_cubed         : R² (all) = 0.0177, R² (last) = -0.0000
  x                   : R² (all) = 1.0000, R² (last) = 1.0000
  y                   : R² (all) = 1.0000, R² (last) = 1.0000

block_0_attn_output:
  F_magnitude         : R² (all) = 0.3657, R² (last) = 0.4955
  F_direction_x       : R² (all) = 0.9386, R² (last) = 0.9503
  F_direction_y       : R² (all) = 0.8881, R² (last) = 0.9228
  Fx                  : R² (all) = 0.2785, R² (last) = 0.5308
  Fy                  : R² (all) = 0.1127, R² (last) = 0.3210
  r                   : R² (all) = 0.8404, R² (last) = 0.8842
  inv_r               : R² (all) = 0.7072, R² (last) = 0.7493
  r_squared           : R² (all) = 0.7022, R² (last) = 0.7813
  inv_r_squared       : R² (all) = 0.3657, R² (last) = 0.4955
  inv_r_cubed         : R² (all) = 0.1230, R² (last) = 0.3100
  x                   : R² (all) = 0.8963, R² (last) = 0.9173
  y                   : R² (all) = 0.8725, R² (last) = 0.8800

block_0_after_attn_merge:
  F_magnitude         : R² (all) = 0.4297, R² (last) = 0.6322
  F_direction_x       : R² (all) = 0.9761, R² (last) = 0.9904
  F_direction_y       : R² (all) = 0.9569, R² (last) = 0.9723
  Fx                  : R² (all) = 0.2629, R² (last) = 0.6096
  Fy                  : R² (all) = 0.1304, R² (last) = 0.3993
  r                   : R² (all) = 0.8801, R² (last) = 0.9672
  inv_r               : R² (all) = 0.7894, R² (last) = 0.8735
  r_squared           : R² (all) = 0.7293, R² (last) = 0.8996
  inv_r_squared       : R² (all) = 0.4297, R² (last) = 0.6322
  inv_r_cubed         : R² (all) = 0.1485, R² (last) = 0.4235
  x                   : R² (all) = 0.9701, R² (last) = 0.9800
  y                   : R² (all) = 0.9556, R² (last) = 0.9684

block_0_mlp_hidden:
  F_magnitude         : R² (all) = 0.6215, R² (last) = 0.9350
  F_direction_x       : R² (all) = 0.9928, R² (last) = 0.9994
  F_direction_y       : R² (all) = 0.9889, R² (last) = 0.9989
  Fx                  : R² (all) = 0.4544, R² (last) = 0.8566
  Fy                  : R² (all) = 0.3887, R² (last) = 0.8699
  r                   : R² (all) = 0.9744, R² (last) = 0.9992
  inv_r               : R² (all) = 0.8981, R² (last) = 0.9865
  r_squared           : R² (all) = 0.9297, R² (last) = 0.9958
  inv_r_squared       : R² (all) = 0.6215, R² (last) = 0.9350
  inv_r_cubed         : R² (all) = 0.2861, R² (last) = 0.8480
  x                   : R² (all) = 0.9946, R² (last) = 0.9996
  y                   : R² (all) = 0.9926, R² (last) = 0.9994

block_0_mlp_output:
  F_magnitude         : R² (all) = 0.4555, R² (last) = 0.7836
  F_direction_x       : R² (all) = 0.9837, R² (last) = 0.9956
  F_direction_y       : R² (all) = 0.9745, R² (last) = 0.9942
  Fx                  : R² (all) = 0.3239, R² (last) = 0.5789
  Fy                  : R² (all) = 0.2596, R² (last) = 0.5893
  r                   : R² (all) = 0.9213, R² (last) = 0.9905
  inv_r               : R² (all) = 0.7940, R² (last) = 0.9411
  r_squared           : R² (all) = 0.8044, R² (last) = 0.9693
  inv_r_squared       : R² (all) = 0.4555, R² (last) = 0.7836
  inv_r_cubed         : R² (all) = 0.1705, R² (last) = 0.5855
  x                   : R² (all) = 0.9790, R² (last) = 0.9976
  y                   : R² (all) = 0.9718, R² (last) = 0.9959

block_0_after_mlp_merge:
  F_magnitude         : R² (all) = 0.3889, R² (last) = 0.7354
  F_direction_x       : R² (all) = 0.9780, R² (last) = 0.9951
  F_direction_y       : R² (all) = 0.9686, R² (last) = 0.9919
  Fx                  : R² (all) = 0.2952, R² (last) = 0.5680
  Fy                  : R² (all) = 0.2257, R² (last) = 0.5260
  r                   : R² (all) = 0.8919, R² (last) = 0.9889
  inv_r               : R² (all) = 0.7485, R² (last) = 0.9221
  r_squared           : R² (all) = 0.7560, R² (last) = 0.9615
  inv_r_squared       : R² (all) = 0.3889, R² (last) = 0.7354
  inv_r_cubed         : R² (all) = 0.1287, R² (last) = 0.5251
  x                   : R² (all) = 0.9990, R² (last) = 1.0000
  y                   : R² (all) = 0.9991, R² (last) = 1.0000

block_1_attn_output:
  F_magnitude         : R² (all) = 0.3336, R² (last) = 0.3860
  F_direction_x       : R² (all) = 0.8697, R² (last) = 0.8818
  F_direction_y       : R² (all) = 0.8724, R² (last) = 0.8969
  Fx                  : R² (all) = 0.1728, R² (last) = 0.1730
  Fy                  : R² (all) = 0.1610, R² (last) = 0.2011
  r                   : R² (all) = 0.8754, R² (last) = 0.9127
  inv_r               : R² (all) = 0.6552, R² (last) = 0.6589
  r_squared           : R² (all) = 0.7983, R² (last) = 0.8889
  inv_r_squared       : R² (all) = 0.3336, R² (last) = 0.3860
  inv_r_cubed         : R² (all) = 0.1109, R² (last) = 0.2074
  x                   : R² (all) = 0.9351, R² (last) = 0.9518
  y                   : R² (all) = 0.9336, R² (last) = 0.9541

block_1_after_attn_merge:
  F_magnitude         : R² (all) = 0.2981, R² (last) = 0.6782
  F_direction_x       : R² (all) = 0.9634, R² (last) = 0.9869
  F_direction_y       : R² (all) = 0.9419, R² (last) = 0.9796
  Fx                  : R² (all) = 0.2787, R² (last) = 0.4629
  Fy                  : R² (all) = 0.1858, R² (last) = 0.3965
  r                   : R² (all) = 0.9651, R² (last) = 0.9932
  inv_r               : R² (all) = 0.6304, R² (last) = 0.8931
  r_squared           : R² (all) = 0.9185, R² (last) = 0.9848
  inv_r_squared       : R² (all) = 0.2981, R² (last) = 0.6782
  inv_r_cubed         : R² (all) = 0.0925, R² (last) = 0.4590
  x                   : R² (all) = 0.9936, R² (last) = 0.9989
  y                   : R² (all) = 0.9942, R² (last) = 0.9987

block_1_mlp_hidden:
  F_magnitude         : R² (all) = 0.4928, R² (last) = 0.8714
  F_direction_x       : R² (all) = 0.9880, R² (last) = 0.9979
  F_direction_y       : R² (all) = 0.9774, R² (last) = 0.9961
  Fx                  : R² (all) = 0.3994, R² (last) = 0.7265
  Fy                  : R² (all) = 0.3185, R² (last) = 0.7047
  r                   : R² (all) = 0.9908, R² (last) = 0.9997
  inv_r               : R² (all) = 0.8192, R² (last) = 0.9662
  r_squared           : R² (all) = 0.9938, R² (last) = 0.9998
  inv_r_squared       : R² (all) = 0.4928, R² (last) = 0.8714
  inv_r_cubed         : R² (all) = 0.1900, R² (last) = 0.7333
  x                   : R² (all) = 0.9984, R² (last) = 1.0000
  y                   : R² (all) = 0.9988, R² (last) = 1.0000

block_1_mlp_output:
  F_magnitude         : R² (all) = 0.3332, R² (last) = 0.6829
  F_direction_x       : R² (all) = 0.9732, R² (last) = 0.9890
  F_direction_y       : R² (all) = 0.9497, R² (last) = 0.9788
  Fx                  : R² (all) = 0.3083, R² (last) = 0.5111
  Fy                  : R² (all) = 0.1996, R² (last) = 0.3926
  r                   : R² (all) = 0.9675, R² (last) = 0.9951
  inv_r               : R² (all) = 0.6732, R² (last) = 0.8906
  r_squared           : R² (all) = 0.9517, R² (last) = 0.9931
  inv_r_squared       : R² (all) = 0.3332, R² (last) = 0.6830
  inv_r_cubed         : R² (all) = 0.1047, R² (last) = 0.4674
  x                   : R² (all) = 0.9946, R² (last) = 0.9993
  y                   : R² (all) = 0.9956, R² (last) = 0.9993

block_1_after_mlp_merge:
  F_magnitude         : R² (all) = 0.3880, R² (last) = 0.7233
  F_direction_x       : R² (all) = 0.9800, R² (last) = 0.9944
  F_direction_y       : R² (all) = 0.9596, R² (last) = 0.9901
  Fx                  : R² (all) = 0.3293, R² (last) = 0.5624
  Fy                  : R² (all) = 0.2170, R² (last) = 0.4692
  r                   : R² (all) = 0.9422, R² (last) = 0.9924
  inv_r               : R² (all) = 0.7312, R² (last) = 0.9180
  r_squared           : R² (all) = 0.8535, R² (last) = 0.9758
  inv_r_squared       : R² (all) = 0.3880, R² (last) = 0.7233
  inv_r_cubed         : R² (all) = 0.1348, R² (last) = 0.5091
  x                   : R² (all) = 0.9942, R² (last) = 1.0000
  y                   : R² (all) = 0.9966, R² (last) = 1.0000

after_ln_f:
  F_magnitude         : R² (all) = 0.3134, R² (last) = 0.6650
  F_direction_x       : R² (all) = 0.9632, R² (last) = 0.9923
  F_direction_y       : R² (all) = 0.9330, R² (last) = 0.9858
  Fx                  : R² (all) = 0.2863, R² (last) = 0.5136
  Fy                  : R² (all) = 0.1787, R² (last) = 0.4246
  r                   : R² (all) = 0.9604, R² (last) = 0.9943
  inv_r               : R² (all) = 0.6349, R² (last) = 0.8877
  r_squared           : R² (all) = 0.9413, R² (last) = 0.9873
  inv_r_squared       : R² (all) = 0.3134, R² (last) = 0.6650
  inv_r_cubed         : R² (all) = 0.1022, R² (last) = 0.4461
  x                   : R² (all) = 0.9962, R² (last) = 0.9997
  y                   : R² (all) = 0.9958, R² (last) = 0.9997
Evaluating on 500 trajectories...
Conditioning length: 50, Generating 50 more steps per trajectory...

Error Statistics (aggregated across all 500 trajectories):
Mean position error: 0.826053 ± 0.639958
Max position error: 3.413632
R² scores:
  X coordinate: 0.038108 ± 0.822684
  Y coordinate: 0.038169 ± 0.826545
Evaluating on 500 trajectories...
Conditioning length: 50, Generating 50 more steps per trajectory...

Error Statistics (aggregated across all 500 trajectories):
Mean position error: 0.814660 ± 0.611559
Max position error: 3.518644
R² scores:
  X coordinate: 0.058766 ± 0.795360
  Y coordinate: 0.057130 ± 0.836962
Evaluation at step 301 completed.

Step 400, Total Train Loss: 0.014715, Prediction Loss: 0.011892, Test Loss: 0.003535, Attention Entropy: 0.2824, Entropy Reg Loss: 0.002824, Entropy Reg Active: True, GPU Memory: 0.000 GB

Evaluating at step 401...
Activations collected:
  input_embed: torch.Size([1000, 99, 32])
  after_pos_emb: torch.Size([1000, 99, 32])
  block_0_attn_output: torch.Size([1000, 99, 32])
  block_0_after_attn_merge: torch.Size([1000, 99, 32])
  block_0_mlp_hidden: torch.Size([1000, 99, 128])
  block_0_mlp_output: torch.Size([1000, 99, 32])
  block_0_after_mlp_merge: torch.Size([1000, 99, 32])
  block_1_attn_output: torch.Size([1000, 99, 32])
  block_1_after_attn_merge: torch.Size([1000, 99, 32])
  block_1_mlp_hidden: torch.Size([1000, 99, 128])
  block_1_mlp_output: torch.Size([1000, 99, 32])
  block_1_after_mlp_merge: torch.Size([1000, 99, 32])
  after_ln_f: torch.Size([1000, 99, 32])

Linear Probe Results (R² scores):
================================================================================

input_embed:
  F_magnitude         : R² (all) = 0.0002, R² (last) = 0.0013
  F_direction_x       : R² (all) = 0.8296, R² (last) = 0.8395
  F_direction_y       : R² (all) = 0.8297, R² (last) = 0.8328
  Fx                  : R² (all) = 0.0623, R² (last) = 0.0877
  Fy                  : R² (all) = 0.0652, R² (last) = 0.1212
  r                   : R² (all) = 0.0012, R² (last) = 0.0034
  inv_r               : R² (all) = 0.0006, R² (last) = 0.0021
  r_squared           : R² (all) = 0.0013, R² (last) = 0.0037
  inv_r_squared       : R² (all) = 0.0002, R² (last) = 0.0013
  inv_r_cubed         : R² (all) = 0.0000, R² (last) = 0.0006
  x                   : R² (all) = 1.0000, R² (last) = 1.0000
  y                   : R² (all) = 1.0000, R² (last) = 1.0000

after_pos_emb:
  F_magnitude         : R² (all) = 0.0217, R² (last) = 0.0013
  F_direction_x       : R² (all) = 0.8296, R² (last) = 0.8395
  F_direction_y       : R² (all) = 0.8297, R² (last) = 0.8328
  Fx                  : R² (all) = 0.0624, R² (last) = 0.0877
  Fy                  : R² (all) = 0.0655, R² (last) = 0.1212
  r                   : R² (all) = 0.0571, R² (last) = 0.0034
  inv_r               : R² (all) = 0.0349, R² (last) = 0.0021
  r_squared           : R² (all) = 0.0657, R² (last) = 0.0037
  inv_r_squared       : R² (all) = 0.0217, R² (last) = 0.0013
  inv_r_cubed         : R² (all) = 0.0115, R² (last) = 0.0006
  x                   : R² (all) = 1.0000, R² (last) = 1.0000
  y                   : R² (all) = 1.0000, R² (last) = 1.0000

block_0_attn_output:
  F_magnitude         : R² (all) = 0.3572, R² (last) = 0.5946
  F_direction_x       : R² (all) = 0.9229, R² (last) = 0.9483
  F_direction_y       : R² (all) = 0.8589, R² (last) = 0.8941
  Fx                  : R² (all) = 0.2887, R² (last) = 0.5330
  Fy                  : R² (all) = 0.1277, R² (last) = 0.4031
  r                   : R² (all) = 0.8323, R² (last) = 0.8658
  inv_r               : R² (all) = 0.7225, R² (last) = 0.8315
  r_squared           : R² (all) = 0.6841, R² (last) = 0.7432
  inv_r_squared       : R² (all) = 0.3572, R² (last) = 0.5946
  inv_r_cubed         : R² (all) = 0.1204, R² (last) = 0.3402
  x                   : R² (all) = 0.8793, R² (last) = 0.9202
  y                   : R² (all) = 0.8305, R² (last) = 0.8507

block_0_after_attn_merge:
  F_magnitude         : R² (all) = 0.4256, R² (last) = 0.6954
  F_direction_x       : R² (all) = 0.9817, R² (last) = 0.9908
  F_direction_y       : R² (all) = 0.9668, R² (last) = 0.9784
  Fx                  : R² (all) = 0.2935, R² (last) = 0.5898
  Fy                  : R² (all) = 0.1626, R² (last) = 0.5355
  r                   : R² (all) = 0.8622, R² (last) = 0.9725
  inv_r               : R² (all) = 0.7987, R² (last) = 0.9051
  r_squared           : R² (all) = 0.7090, R² (last) = 0.9111
  inv_r_squared       : R² (all) = 0.4256, R² (last) = 0.6954
  inv_r_cubed         : R² (all) = 0.1540, R² (last) = 0.4320
  x                   : R² (all) = 0.9537, R² (last) = 0.9739
  y                   : R² (all) = 0.9443, R² (last) = 0.9615

block_0_mlp_hidden:
  F_magnitude         : R² (all) = 0.5999, R² (last) = 0.9297
  F_direction_x       : R² (all) = 0.9943, R² (last) = 0.9996
  F_direction_y       : R² (all) = 0.9903, R² (last) = 0.9990
  Fx                  : R² (all) = 0.4827, R² (last) = 0.9075
  Fy                  : R² (all) = 0.3842, R² (last) = 0.9188
  r                   : R² (all) = 0.9565, R² (last) = 0.9990
  inv_r               : R² (all) = 0.8961, R² (last) = 0.9870
  r_squared           : R² (all) = 0.8861, R² (last) = 0.9944
  inv_r_squared       : R² (all) = 0.5999, R² (last) = 0.9297
  inv_r_cubed         : R² (all) = 0.2927, R² (last) = 0.8214
  x                   : R² (all) = 0.9903, R² (last) = 0.9995
  y                   : R² (all) = 0.9886, R² (last) = 0.9993

block_0_mlp_output:
  F_magnitude         : R² (all) = 0.4315, R² (last) = 0.7989
  F_direction_x       : R² (all) = 0.9869, R² (last) = 0.9972
  F_direction_y       : R² (all) = 0.9796, R² (last) = 0.9947
  Fx                  : R² (all) = 0.3448, R² (last) = 0.7348
  Fy                  : R² (all) = 0.2736, R² (last) = 0.7260
  r                   : R² (all) = 0.8884, R² (last) = 0.9889
  inv_r               : R² (all) = 0.8044, R² (last) = 0.9545
  r_squared           : R² (all) = 0.7357, R² (last) = 0.9622
  inv_r_squared       : R² (all) = 0.4315, R² (last) = 0.7989
  inv_r_cubed         : R² (all) = 0.1620, R² (last) = 0.5466
  x                   : R² (all) = 0.9629, R² (last) = 0.9971
  y                   : R² (all) = 0.9615, R² (last) = 0.9952

block_0_after_mlp_merge:
  F_magnitude         : R² (all) = 0.3890, R² (last) = 0.7614
  F_direction_x       : R² (all) = 0.9847, R² (last) = 0.9958
  F_direction_y       : R² (all) = 0.9719, R² (last) = 0.9914
  Fx                  : R² (all) = 0.3272, R² (last) = 0.6907
  Fy                  : R² (all) = 0.2275, R² (last) = 0.6509
  r                   : R² (all) = 0.8780, R² (last) = 0.9881
  inv_r               : R² (all) = 0.7755, R² (last) = 0.9420
  r_squared           : R² (all) = 0.7278, R² (last) = 0.9587
  inv_r_squared       : R² (all) = 0.3890, R² (last) = 0.7614
  inv_r_cubed         : R² (all) = 0.1292, R² (last) = 0.4921
  x                   : R² (all) = 0.9992, R² (last) = 1.0000
  y                   : R² (all) = 0.9995, R² (last) = 1.0000

block_1_attn_output:
  F_magnitude         : R² (all) = 0.3064, R² (last) = 0.5130
  F_direction_x       : R² (all) = 0.9107, R² (last) = 0.9542
  F_direction_y       : R² (all) = 0.8733, R² (last) = 0.9128
  Fx                  : R² (all) = 0.2307, R² (last) = 0.4290
  Fy                  : R² (all) = 0.1703, R² (last) = 0.3906
  r                   : R² (all) = 0.8611, R² (last) = 0.9034
  inv_r               : R² (all) = 0.6667, R² (last) = 0.7731
  r_squared           : R² (all) = 0.7506, R² (last) = 0.8255
  inv_r_squared       : R² (all) = 0.3064, R² (last) = 0.5130
  inv_r_cubed         : R² (all) = 0.0931, R² (last) = 0.2584
  x                   : R² (all) = 0.9482, R² (last) = 0.9690
  y                   : R² (all) = 0.9272, R² (last) = 0.9591

block_1_after_attn_merge:
  F_magnitude         : R² (all) = 0.2568, R² (last) = 0.6775
  F_direction_x       : R² (all) = 0.9578, R² (last) = 0.9894
  F_direction_y       : R² (all) = 0.9445, R² (last) = 0.9767
  Fx                  : R² (all) = 0.2678, R² (last) = 0.6078
  Fy                  : R² (all) = 0.1907, R² (last) = 0.5724
  r                   : R² (all) = 0.9464, R² (last) = 0.9852
  inv_r               : R² (all) = 0.6095, R² (last) = 0.8936
  r_squared           : R² (all) = 0.8812, R² (last) = 0.9739
  inv_r_squared       : R² (all) = 0.2568, R² (last) = 0.6775
  inv_r_cubed         : R² (all) = 0.0739, R² (last) = 0.4013
  x                   : R² (all) = 0.9928, R² (last) = 0.9986
  y                   : R² (all) = 0.9932, R² (last) = 0.9981

block_1_mlp_hidden:
  F_magnitude         : R² (all) = 0.4429, R² (last) = 0.8254
  F_direction_x       : R² (all) = 0.9862, R² (last) = 0.9978
  F_direction_y       : R² (all) = 0.9750, R² (last) = 0.9956
  Fx                  : R² (all) = 0.3882, R² (last) = 0.7653
  Fy                  : R² (all) = 0.2925, R² (last) = 0.7871
  r                   : R² (all) = 0.9884, R² (last) = 0.9994
  inv_r               : R² (all) = 0.7999, R² (last) = 0.9594
  r_squared           : R² (all) = 0.9916, R² (last) = 0.9997
  inv_r_squared       : R² (all) = 0.4429, R² (last) = 0.8254
  inv_r_cubed         : R² (all) = 0.1654, R² (last) = 0.6054
  x                   : R² (all) = 0.9985, R² (last) = 1.0000
  y                   : R² (all) = 0.9985, R² (last) = 0.9999

block_1_mlp_output:
  F_magnitude         : R² (all) = 0.3076, R² (last) = 0.6571
  F_direction_x       : R² (all) = 0.9680, R² (last) = 0.9887
  F_direction_y       : R² (all) = 0.9521, R² (last) = 0.9814
  Fx                  : R² (all) = 0.2868, R² (last) = 0.6010
  Fy                  : R² (all) = 0.2057, R² (last) = 0.5678
  r                   : R² (all) = 0.9536, R² (last) = 0.9892
  inv_r               : R² (all) = 0.6708, R² (last) = 0.8799
  r_squared           : R² (all) = 0.9403, R² (last) = 0.9886
  inv_r_squared       : R² (all) = 0.3076, R² (last) = 0.6571
  inv_r_cubed         : R² (all) = 0.0909, R² (last) = 0.3767
  x                   : R² (all) = 0.9937, R² (last) = 0.9989
  y                   : R² (all) = 0.9940, R² (last) = 0.9988

block_1_after_mlp_merge:
  F_magnitude         : R² (all) = 0.3602, R² (last) = 0.7474
  F_direction_x       : R² (all) = 0.9835, R² (last) = 0.9963
  F_direction_y       : R² (all) = 0.9603, R² (last) = 0.9925
  Fx                  : R² (all) = 0.3501, R² (last) = 0.6763
  Fy                  : R² (all) = 0.2204, R² (last) = 0.6928
  r                   : R² (all) = 0.9183, R² (last) = 0.9854
  inv_r               : R² (all) = 0.7308, R² (last) = 0.9314
  r_squared           : R² (all) = 0.8132, R² (last) = 0.9624
  inv_r_squared       : R² (all) = 0.3602, R² (last) = 0.7474
  inv_r_cubed         : R² (all) = 0.1212, R² (last) = 0.4802
  x                   : R² (all) = 0.9926, R² (last) = 0.9999
  y                   : R² (all) = 0.9965, R² (last) = 1.0000

after_ln_f:
  F_magnitude         : R² (all) = 0.2867, R² (last) = 0.6987
  F_direction_x       : R² (all) = 0.9675, R² (last) = 0.9946
  F_direction_y       : R² (all) = 0.9319, R² (last) = 0.9868
  Fx                  : R² (all) = 0.3057, R² (last) = 0.6339
  Fy                  : R² (all) = 0.1783, R² (last) = 0.6268
  r                   : R² (all) = 0.9365, R² (last) = 0.9875
  inv_r               : R² (all) = 0.6382, R² (last) = 0.9089
  r_squared           : R² (all) = 0.8856, R² (last) = 0.9710
  inv_r_squared       : R² (all) = 0.2867, R² (last) = 0.6987
  inv_r_cubed         : R² (all) = 0.0873, R² (last) = 0.4180
  x                   : R² (all) = 0.9959, R² (last) = 0.9997
  y                   : R² (all) = 0.9965, R² (last) = 0.9996
Evaluating on 500 trajectories...
Conditioning length: 50, Generating 50 more steps per trajectory...

Error Statistics (aggregated across all 500 trajectories):
Mean position error: 0.849136 ± 0.621212
Max position error: 3.761224
R² scores:
  X coordinate: 0.040642 ± 0.782136
  Y coordinate: -0.101649 ± 0.877234
Evaluating on 500 trajectories...
Conditioning length: 50, Generating 50 more steps per trajectory...

Error Statistics (aggregated across all 500 trajectories):
Mean position error: 0.867208 ± 0.632546
Max position error: 3.537819
R² scores:
  X coordinate: 0.004138 ± 0.796701
  Y coordinate: -0.098548 ± 0.848585
Evaluation at step 401 completed.

Step 500, Total Train Loss: 0.014338, Prediction Loss: 0.012714, Test Loss: 0.003240, Attention Entropy: 0.1624, Entropy Reg Loss: 0.001624, Entropy Reg Active: True, GPU Memory: 0.000 GB

Evaluating at step 501...
Activations collected:
  input_embed: torch.Size([1000, 99, 32])
  after_pos_emb: torch.Size([1000, 99, 32])
  block_0_attn_output: torch.Size([1000, 99, 32])
  block_0_after_attn_merge: torch.Size([1000, 99, 32])
  block_0_mlp_hidden: torch.Size([1000, 99, 128])
  block_0_mlp_output: torch.Size([1000, 99, 32])
  block_0_after_mlp_merge: torch.Size([1000, 99, 32])
  block_1_attn_output: torch.Size([1000, 99, 32])
  block_1_after_attn_merge: torch.Size([1000, 99, 32])
  block_1_mlp_hidden: torch.Size([1000, 99, 128])
  block_1_mlp_output: torch.Size([1000, 99, 32])
  block_1_after_mlp_merge: torch.Size([1000, 99, 32])
  after_ln_f: torch.Size([1000, 99, 32])

Linear Probe Results (R² scores):
================================================================================

input_embed:
  F_magnitude         : R² (all) = 0.0002, R² (last) = 0.0008
  F_direction_x       : R² (all) = 0.8314, R² (last) = 0.8252
  F_direction_y       : R² (all) = 0.8309, R² (last) = 0.8309
  Fx                  : R² (all) = 0.0671, R² (last) = 0.0794
  Fy                  : R² (all) = 0.0642, R² (last) = 0.0744
  r                   : R² (all) = 0.0024, R² (last) = 0.0072
  inv_r               : R² (all) = 0.0006, R² (last) = 0.0022
  r_squared           : R² (all) = 0.0033, R² (last) = 0.0098
  inv_r_squared       : R² (all) = 0.0002, R² (last) = 0.0008
  inv_r_cubed         : R² (all) = 0.0000, R² (last) = 0.0002
  x                   : R² (all) = 1.0000, R² (last) = 1.0000
  y                   : R² (all) = 1.0000, R² (last) = 1.0000

after_pos_emb:
  F_magnitude         : R² (all) = 0.0278, R² (last) = 0.0008
  F_direction_x       : R² (all) = 0.8314, R² (last) = 0.8252
  F_direction_y       : R² (all) = 0.8310, R² (last) = 0.8309
  Fx                  : R² (all) = 0.0675, R² (last) = 0.0794
  Fy                  : R² (all) = 0.0644, R² (last) = 0.0744
  r                   : R² (all) = 0.0592, R² (last) = 0.0071
  inv_r               : R² (all) = 0.0415, R² (last) = 0.0022
  r_squared           : R² (all) = 0.0663, R² (last) = 0.0098
  inv_r_squared       : R² (all) = 0.0278, R² (last) = 0.0008
  inv_r_cubed         : R² (all) = 0.0141, R² (last) = 0.0002
  x                   : R² (all) = 1.0000, R² (last) = 1.0000
  y                   : R² (all) = 1.0000, R² (last) = 1.0000

block_0_attn_output:
  F_magnitude         : R² (all) = 0.3819, R² (last) = 0.4720
  F_direction_x       : R² (all) = 0.9088, R² (last) = 0.9307
  F_direction_y       : R² (all) = 0.8345, R² (last) = 0.8548
  Fx                  : R² (all) = 0.2985, R² (last) = 0.4721
  Fy                  : R² (all) = 0.1278, R² (last) = 0.2605
  r                   : R² (all) = 0.8187, R² (last) = 0.8598
  inv_r               : R² (all) = 0.7266, R² (last) = 0.7542
  r_squared           : R² (all) = 0.6768, R² (last) = 0.7433
  inv_r_squared       : R² (all) = 0.3819, R² (last) = 0.4720
  inv_r_cubed         : R² (all) = 0.1308, R² (last) = 0.2403
  x                   : R² (all) = 0.8535, R² (last) = 0.8954
  y                   : R² (all) = 0.8110, R² (last) = 0.8223

block_0_after_attn_merge:
  F_magnitude         : R² (all) = 0.4537, R² (last) = 0.5715
  F_direction_x       : R² (all) = 0.9820, R² (last) = 0.9881
  F_direction_y       : R² (all) = 0.9689, R² (last) = 0.9730
  Fx                  : R² (all) = 0.3164, R² (last) = 0.5394
  Fy                  : R² (all) = 0.1748, R² (last) = 0.3314
  r                   : R² (all) = 0.8555, R² (last) = 0.9660
  inv_r               : R² (all) = 0.7989, R² (last) = 0.8479
  r_squared           : R² (all) = 0.7126, R² (last) = 0.8931
  inv_r_squared       : R² (all) = 0.4537, R² (last) = 0.5715
  inv_r_cubed         : R² (all) = 0.1718, R² (last) = 0.3175
  x                   : R² (all) = 0.9490, R² (last) = 0.9689
  y                   : R² (all) = 0.9439, R² (last) = 0.9542

block_0_mlp_hidden:
  F_magnitude         : R² (all) = 0.6239, R² (last) = 0.8926
  F_direction_x       : R² (all) = 0.9938, R² (last) = 0.9993
  F_direction_y       : R² (all) = 0.9901, R² (last) = 0.9986
  Fx                  : R² (all) = 0.5220, R² (last) = 0.8660
  Fy                  : R² (all) = 0.4062, R² (last) = 0.8608
  r                   : R² (all) = 0.9491, R² (last) = 0.9984
  inv_r               : R² (all) = 0.9012, R² (last) = 0.9765
  r_squared           : R² (all) = 0.8688, R² (last) = 0.9921
  inv_r_squared       : R² (all) = 0.6239, R² (last) = 0.8926
  inv_r_cubed         : R² (all) = 0.3082, R² (last) = 0.7616
  x                   : R² (all) = 0.9882, R² (last) = 0.9993
  y                   : R² (all) = 0.9881, R² (last) = 0.9990

block_0_mlp_output:
  F_magnitude         : R² (all) = 0.4549, R² (last) = 0.7250
  F_direction_x       : R² (all) = 0.9860, R² (last) = 0.9966
  F_direction_y       : R² (all) = 0.9788, R² (last) = 0.9932
  Fx                  : R² (all) = 0.3681, R² (last) = 0.7105
  Fy                  : R² (all) = 0.2718, R² (last) = 0.5878
  r                   : R² (all) = 0.8618, R² (last) = 0.9878
  inv_r               : R² (all) = 0.8101, R² (last) = 0.9251
  r_squared           : R² (all) = 0.7089, R² (last) = 0.9572
  inv_r_squared       : R² (all) = 0.4549, R² (last) = 0.7250
  inv_r_cubed         : R² (all) = 0.1712, R² (last) = 0.4800
  x                   : R² (all) = 0.9562, R² (last) = 0.9969
  y                   : R² (all) = 0.9609, R² (last) = 0.9945

block_0_after_mlp_merge:
  F_magnitude         : R² (all) = 0.4198, R² (last) = 0.6958
  F_direction_x       : R² (all) = 0.9870, R² (last) = 0.9938
  F_direction_y       : R² (all) = 0.9741, R² (last) = 0.9897
  Fx                  : R² (all) = 0.3650, R² (last) = 0.6475
  Fy                  : R² (all) = 0.2367, R² (last) = 0.5014
  r                   : R² (all) = 0.8567, R² (last) = 0.9836
  inv_r               : R² (all) = 0.7835, R² (last) = 0.9142
  r_squared           : R² (all) = 0.7114, R² (last) = 0.9468
  inv_r_squared       : R² (all) = 0.4198, R² (last) = 0.6958
  inv_r_cubed         : R² (all) = 0.1442, R² (last) = 0.4453
  x                   : R² (all) = 0.9995, R² (last) = 1.0000
  y                   : R² (all) = 0.9997, R² (last) = 1.0000

block_1_attn_output:
  F_magnitude         : R² (all) = 0.3314, R² (last) = 0.4207
  F_direction_x       : R² (all) = 0.9212, R² (last) = 0.9567
  F_direction_y       : R² (all) = 0.8554, R² (last) = 0.9013
  Fx                  : R² (all) = 0.3172, R² (last) = 0.5257
  Fy                  : R² (all) = 0.1526, R² (last) = 0.2838
  r                   : R² (all) = 0.8477, R² (last) = 0.8971
  inv_r               : R² (all) = 0.6843, R² (last) = 0.7257
  r_squared           : R² (all) = 0.7262, R² (last) = 0.8206
  inv_r_squared       : R² (all) = 0.3314, R² (last) = 0.4207
  inv_r_cubed         : R² (all) = 0.1045, R² (last) = 0.1893
  x                   : R² (all) = 0.9480, R² (last) = 0.9690
  y                   : R² (all) = 0.9282, R² (last) = 0.9632

block_1_after_attn_merge:
  F_magnitude         : R² (all) = 0.2597, R² (last) = 0.5892
  F_direction_x       : R² (all) = 0.9603, R² (last) = 0.9873
  F_direction_y       : R² (all) = 0.9435, R² (last) = 0.9713
  Fx                  : R² (all) = 0.2947, R² (last) = 0.6044
  Fy                  : R² (all) = 0.1954, R² (last) = 0.4414
  r                   : R² (all) = 0.9309, R² (last) = 0.9761
  inv_r               : R² (all) = 0.6042, R² (last) = 0.8408
  r_squared           : R² (all) = 0.8687, R² (last) = 0.9574
  inv_r_squared       : R² (all) = 0.2597, R² (last) = 0.5892
  inv_r_cubed         : R² (all) = 0.0724, R² (last) = 0.3508
  x                   : R² (all) = 0.9923, R² (last) = 0.9980
  y                   : R² (all) = 0.9925, R² (last) = 0.9970

block_1_mlp_hidden:
  F_magnitude         : R² (all) = 0.4477, R² (last) = 0.8271
  F_direction_x       : R² (all) = 0.9852, R² (last) = 0.9968
  F_direction_y       : R² (all) = 0.9730, R² (last) = 0.9943
  Fx                  : R² (all) = 0.4145, R² (last) = 0.7598
  Fy                  : R² (all) = 0.2886, R² (last) = 0.7422
  r                   : R² (all) = 0.9859, R² (last) = 0.9992
  inv_r               : R² (all) = 0.7921, R² (last) = 0.9520
  r_squared           : R² (all) = 0.9900, R² (last) = 0.9995
  inv_r_squared       : R² (all) = 0.4477, R² (last) = 0.8271
  inv_r_cubed         : R² (all) = 0.1649, R² (last) = 0.6596
  x                   : R² (all) = 0.9979, R² (last) = 0.9999
  y                   : R² (all) = 0.9981, R² (last) = 0.9999

block_1_mlp_output:
  F_magnitude         : R² (all) = 0.3302, R² (last) = 0.6207
  F_direction_x       : R² (all) = 0.9645, R² (last) = 0.9871
  F_direction_y       : R² (all) = 0.9499, R² (last) = 0.9763
  Fx                  : R² (all) = 0.3018, R² (last) = 0.6142
  Fy                  : R² (all) = 0.2059, R² (last) = 0.4443
  r                   : R² (all) = 0.9452, R² (last) = 0.9847
  inv_r               : R² (all) = 0.6801, R² (last) = 0.8489
  r_squared           : R² (all) = 0.9348, R² (last) = 0.9843
  inv_r_squared       : R² (all) = 0.3302, R² (last) = 0.6207
  inv_r_cubed         : R² (all) = 0.1006, R² (last) = 0.3953
  x                   : R² (all) = 0.9927, R² (last) = 0.9984
  y                   : R² (all) = 0.9932, R² (last) = 0.9984

block_1_after_mlp_merge:
  F_magnitude         : R² (all) = 0.3778, R² (last) = 0.6404
  F_direction_x       : R² (all) = 0.9837, R² (last) = 0.9952
  F_direction_y       : R² (all) = 0.9609, R² (last) = 0.9924
  Fx                  : R² (all) = 0.3944, R² (last) = 0.6682
  Fy                  : R² (all) = 0.2373, R² (last) = 0.5632
  r                   : R² (all) = 0.8999, R² (last) = 0.9778
  inv_r               : R² (all) = 0.7319, R² (last) = 0.8753
  r_squared           : R² (all) = 0.7986, R² (last) = 0.9508
  inv_r_squared       : R² (all) = 0.3778, R² (last) = 0.6404
  inv_r_cubed         : R² (all) = 0.1285, R² (last) = 0.3935
  x                   : R² (all) = 0.9929, R² (last) = 0.9999
  y                   : R² (all) = 0.9966, R² (last) = 0.9999

after_ln_f:
  F_magnitude         : R² (all) = 0.2992, R² (last) = 0.6027
  F_direction_x       : R² (all) = 0.9708, R² (last) = 0.9936
  F_direction_y       : R² (all) = 0.9333, R² (last) = 0.9869
  Fx                  : R² (all) = 0.3441, R² (last) = 0.6448
  Fy                  : R² (all) = 0.1902, R² (last) = 0.5146
  r                   : R² (all) = 0.9219, R² (last) = 0.9814
  inv_r               : R² (all) = 0.6435, R² (last) = 0.8538
  r_squared           : R² (all) = 0.8661, R² (last) = 0.9614
  inv_r_squared       : R² (all) = 0.2992, R² (last) = 0.6027
  inv_r_cubed         : R² (all) = 0.0901, R² (last) = 0.3575
  x                   : R² (all) = 0.9958, R² (last) = 0.9995
  y                   : R² (all) = 0.9966, R² (last) = 0.9995
Evaluating on 500 trajectories...
Conditioning length: 50, Generating 50 more steps per trajectory...

Error Statistics (aggregated across all 500 trajectories):
Mean position error: 0.929688 ± 0.599581
Max position error: 2.865995
R² scores:
  X coordinate: -0.141977 ± 0.717316
  Y coordinate: -0.219627 ± 0.791920
Evaluating on 500 trajectories...
Conditioning length: 50, Generating 50 more steps per trajectory...

Error Statistics (aggregated across all 500 trajectories):
Mean position error: 0.918508 ± 0.590924
Max position error: 2.855352
R² scores:
  X coordinate: -0.187001 ± 0.764904
  Y coordinate: -0.246997 ± 0.864506
Evaluation at step 501 completed.

Step 600, Total Train Loss: 0.012814, Prediction Loss: 0.011648, Test Loss: 0.002832, Attention Entropy: 0.1165, Entropy Reg Loss: 0.001165, Entropy Reg Active: True, GPU Memory: 0.000 GB

Evaluating at step 601...
Activations collected:
  input_embed: torch.Size([1000, 99, 32])
  after_pos_emb: torch.Size([1000, 99, 32])
  block_0_attn_output: torch.Size([1000, 99, 32])
  block_0_after_attn_merge: torch.Size([1000, 99, 32])
  block_0_mlp_hidden: torch.Size([1000, 99, 128])
  block_0_mlp_output: torch.Size([1000, 99, 32])
  block_0_after_mlp_merge: torch.Size([1000, 99, 32])
  block_1_attn_output: torch.Size([1000, 99, 32])
  block_1_after_attn_merge: torch.Size([1000, 99, 32])
  block_1_mlp_hidden: torch.Size([1000, 99, 128])
  block_1_mlp_output: torch.Size([1000, 99, 32])
  block_1_after_mlp_merge: torch.Size([1000, 99, 32])
  after_ln_f: torch.Size([1000, 99, 32])

Linear Probe Results (R² scores):
================================================================================

input_embed:
  F_magnitude         : R² (all) = 0.0001, R² (last) = 0.0000
  F_direction_x       : R² (all) = 0.8327, R² (last) = 0.8364
  F_direction_y       : R² (all) = 0.8304, R² (last) = 0.8291
  Fx                  : R² (all) = 0.0594, R² (last) = 0.1192
  Fy                  : R² (all) = 0.0601, R² (last) = 0.0752
  r                   : R² (all) = 0.0009, R² (last) = 0.0010
  inv_r               : R² (all) = 0.0003, R² (last) = 0.0002
  r_squared           : R² (all) = 0.0012, R² (last) = 0.0015
  inv_r_squared       : R² (all) = 0.0001, R² (last) = 0.0000
  inv_r_cubed         : R² (all) = 0.0000, R² (last) = 0.0000
  x                   : R² (all) = 1.0000, R² (last) = 1.0000
  y                   : R² (all) = 1.0000, R² (last) = 1.0000

after_pos_emb:
  F_magnitude         : R² (all) = 0.0320, R² (last) = 0.0001
  F_direction_x       : R² (all) = 0.8328, R² (last) = 0.8364
  F_direction_y       : R² (all) = 0.8304, R² (last) = 0.8291
  Fx                  : R² (all) = 0.0598, R² (last) = 0.1192
  Fy                  : R² (all) = 0.0604, R² (last) = 0.0752
  r                   : R² (all) = 0.0611, R² (last) = 0.0011
  inv_r               : R² (all) = 0.0442, R² (last) = 0.0002
  r_squared           : R² (all) = 0.0689, R² (last) = 0.0016
  inv_r_squared       : R² (all) = 0.0320, R² (last) = 0.0000
  inv_r_cubed         : R² (all) = 0.0180, R² (last) = 0.0000
  x                   : R² (all) = 1.0000, R² (last) = 1.0000
  y                   : R² (all) = 1.0000, R² (last) = 1.0000

block_0_attn_output:
  F_magnitude         : R² (all) = 0.3950, R² (last) = 0.6101
  F_direction_x       : R² (all) = 0.8985, R² (last) = 0.9340
  F_direction_y       : R² (all) = 0.8326, R² (last) = 0.8710
  Fx                  : R² (all) = 0.2853, R² (last) = 0.6044
  Fy                  : R² (all) = 0.1379, R² (last) = 0.4759
  r                   : R² (all) = 0.8137, R² (last) = 0.8585
  inv_r               : R² (all) = 0.7287, R² (last) = 0.8015
  r_squared           : R² (all) = 0.6752, R² (last) = 0.7551
  inv_r_squared       : R² (all) = 0.3950, R² (last) = 0.6101
  inv_r_cubed         : R² (all) = 0.1545, R² (last) = 0.4505
  x                   : R² (all) = 0.8349, R² (last) = 0.8859
  y                   : R² (all) = 0.8060, R² (last) = 0.8257

block_0_after_attn_merge:
  F_magnitude         : R² (all) = 0.4521, R² (last) = 0.7391
  F_direction_x       : R² (all) = 0.9828, R² (last) = 0.9903
  F_direction_y       : R² (all) = 0.9715, R² (last) = 0.9799
  Fx                  : R² (all) = 0.3023, R² (last) = 0.6887
  Fy                  : R² (all) = 0.1893, R² (last) = 0.5715
  r                   : R² (all) = 0.8622, R² (last) = 0.9664
  inv_r               : R² (all) = 0.8029, R² (last) = 0.9075
  r_squared           : R² (all) = 0.7154, R² (last) = 0.8858
  inv_r_squared       : R² (all) = 0.4521, R² (last) = 0.7391
  inv_r_cubed         : R² (all) = 0.1826, R² (last) = 0.5922
  x                   : R² (all) = 0.9470, R² (last) = 0.9697
  y                   : R² (all) = 0.9427, R² (last) = 0.9591

block_0_mlp_hidden:
  F_magnitude         : R² (all) = 0.6326, R² (last) = 0.9738
  F_direction_x       : R² (all) = 0.9946, R² (last) = 0.9995
  F_direction_y       : R² (all) = 0.9912, R² (last) = 0.9991
  Fx                  : R² (all) = 0.5072, R² (last) = 0.9555
  Fy                  : R² (all) = 0.4169, R² (last) = 0.9506
  r                   : R² (all) = 0.9494, R² (last) = 0.9983
  inv_r               : R² (all) = 0.8992, R² (last) = 0.9924
  r_squared           : R² (all) = 0.8696, R² (last) = 0.9917
  inv_r_squared       : R² (all) = 0.6326, R² (last) = 0.9738
  inv_r_cubed         : R² (all) = 0.3409, R² (last) = 0.9561
  x                   : R² (all) = 0.9871, R² (last) = 0.9993
  y                   : R² (all) = 0.9880, R² (last) = 0.9990

block_0_mlp_output:
  F_magnitude         : R² (all) = 0.4562, R² (last) = 0.8364
  F_direction_x       : R² (all) = 0.9861, R² (last) = 0.9973
  F_direction_y       : R² (all) = 0.9800, R² (last) = 0.9951
  Fx                  : R² (all) = 0.3377, R² (last) = 0.8146
  Fy                  : R² (all) = 0.2755, R² (last) = 0.6642
  r                   : R² (all) = 0.8574, R² (last) = 0.9832
  inv_r               : R² (all) = 0.8069, R² (last) = 0.9538
  r_squared           : R² (all) = 0.7067, R² (last) = 0.9390
  inv_r_squared       : R² (all) = 0.4562, R² (last) = 0.8364
  inv_r_cubed         : R² (all) = 0.1862, R² (last) = 0.6836
  x                   : R² (all) = 0.9536, R² (last) = 0.9963
  y                   : R² (all) = 0.9606, R² (last) = 0.9944

block_0_after_mlp_merge:
  F_magnitude         : R² (all) = 0.4172, R² (last) = 0.7902
  F_direction_x       : R² (all) = 0.9875, R² (last) = 0.9947
  F_direction_y       : R² (all) = 0.9775, R² (last) = 0.9918
  Fx                  : R² (all) = 0.3520, R² (last) = 0.7493
  Fy                  : R² (all) = 0.2467, R² (last) = 0.5713
  r                   : R² (all) = 0.8622, R² (last) = 0.9817
  inv_r               : R² (all) = 0.7826, R² (last) = 0.9451
  r_squared           : R² (all) = 0.7187, R² (last) = 0.9420
  inv_r_squared       : R² (all) = 0.4172, R² (last) = 0.7902
  inv_r_cubed         : R² (all) = 0.1530, R² (last) = 0.5898
  x                   : R² (all) = 0.9997, R² (last) = 1.0000
  y                   : R² (all) = 0.9997, R² (last) = 1.0000

block_1_attn_output:
  F_magnitude         : R² (all) = 0.3273, R² (last) = 0.5203
  F_direction_x       : R² (all) = 0.9223, R² (last) = 0.9546
  F_direction_y       : R² (all) = 0.8730, R² (last) = 0.9084
  Fx                  : R² (all) = 0.2835, R² (last) = 0.6892
  Fy                  : R² (all) = 0.1543, R² (last) = 0.2776
  r                   : R² (all) = 0.8571, R² (last) = 0.9021
  inv_r               : R² (all) = 0.6833, R² (last) = 0.7722
  r_squared           : R² (all) = 0.7357, R² (last) = 0.8184
  inv_r_squared       : R² (all) = 0.3273, R² (last) = 0.5203
  inv_r_cubed         : R² (all) = 0.1076, R² (last) = 0.3026
  x                   : R² (all) = 0.9522, R² (last) = 0.9674
  y                   : R² (all) = 0.9420, R² (last) = 0.9710

block_1_after_attn_merge:
  F_magnitude         : R² (all) = 0.2481, R² (last) = 0.6815
  F_direction_x       : R² (all) = 0.9625, R² (last) = 0.9888
  F_direction_y       : R² (all) = 0.9474, R² (last) = 0.9723
  Fx                  : R² (all) = 0.2883, R² (last) = 0.7292
  Fy                  : R² (all) = 0.2083, R² (last) = 0.4585
  r                   : R² (all) = 0.9366, R² (last) = 0.9773
  inv_r               : R² (all) = 0.5929, R² (last) = 0.8800
  r_squared           : R² (all) = 0.8797, R² (last) = 0.9597
  inv_r_squared       : R² (all) = 0.2481, R² (last) = 0.6815
  inv_r_cubed         : R² (all) = 0.0720, R² (last) = 0.4608
  x                   : R² (all) = 0.9923, R² (last) = 0.9979
  y                   : R² (all) = 0.9921, R² (last) = 0.9971

block_1_mlp_hidden:
  F_magnitude         : R² (all) = 0.4522, R² (last) = 0.8822
  F_direction_x       : R² (all) = 0.9850, R² (last) = 0.9973
  F_direction_y       : R² (all) = 0.9741, R² (last) = 0.9942
  Fx                  : R² (all) = 0.3948, R² (last) = 0.8564
  Fy                  : R² (all) = 0.2914, R² (last) = 0.6922
  r                   : R² (all) = 0.9846, R² (last) = 0.9992
  inv_r               : R² (all) = 0.7877, R² (last) = 0.9662
  r_squared           : R² (all) = 0.9887, R² (last) = 0.9995
  inv_r_squared       : R² (all) = 0.4522, R² (last) = 0.8822
  inv_r_cubed         : R² (all) = 0.1845, R² (last) = 0.7657
  x                   : R² (all) = 0.9978, R² (last) = 0.9999
  y                   : R² (all) = 0.9981, R² (last) = 0.9999

block_1_mlp_output:
  F_magnitude         : R² (all) = 0.3254, R² (last) = 0.6540
  F_direction_x       : R² (all) = 0.9655, R² (last) = 0.9871
  F_direction_y       : R² (all) = 0.9517, R² (last) = 0.9756
  Fx                  : R² (all) = 0.2952, R² (last) = 0.7198
  Fy                  : R² (all) = 0.2085, R² (last) = 0.4475
  r                   : R² (all) = 0.9472, R² (last) = 0.9826
  inv_r               : R² (all) = 0.6716, R² (last) = 0.8592
  r_squared           : R² (all) = 0.9419, R² (last) = 0.9826
  inv_r_squared       : R² (all) = 0.3254, R² (last) = 0.6540
  inv_r_cubed         : R² (all) = 0.1072, R² (last) = 0.4306
  x                   : R² (all) = 0.9922, R² (last) = 0.9978
  y                   : R² (all) = 0.9932, R² (last) = 0.9984

block_1_after_mlp_merge:
  F_magnitude         : R² (all) = 0.3703, R² (last) = 0.7536
  F_direction_x       : R² (all) = 0.9845, R² (last) = 0.9967
  F_direction_y       : R² (all) = 0.9656, R² (last) = 0.9937
  Fx                  : R² (all) = 0.3855, R² (last) = 0.8002
  Fy                  : R² (all) = 0.2513, R² (last) = 0.6174
  r                   : R² (all) = 0.9045, R² (last) = 0.9781
  inv_r               : R² (all) = 0.7248, R² (last) = 0.9159
  r_squared           : R² (all) = 0.8074, R² (last) = 0.9486
  inv_r_squared       : R² (all) = 0.3703, R² (last) = 0.7536
  inv_r_cubed         : R² (all) = 0.1341, R² (last) = 0.5538
  x                   : R² (all) = 0.9941, R² (last) = 0.9999
  y                   : R² (all) = 0.9969, R² (last) = 0.9998

after_ln_f:
  F_magnitude         : R² (all) = 0.2917, R² (last) = 0.6871
  F_direction_x       : R² (all) = 0.9728, R² (last) = 0.9950
  F_direction_y       : R² (all) = 0.9420, R² (last) = 0.9882
  Fx                  : R² (all) = 0.3362, R² (last) = 0.7647
  Fy                  : R² (all) = 0.2056, R² (last) = 0.5338
  r                   : R² (all) = 0.9278, R² (last) = 0.9826
  inv_r               : R² (all) = 0.6386, R² (last) = 0.8848
  r_squared           : R² (all) = 0.8741, R² (last) = 0.9626
  inv_r_squared       : R² (all) = 0.2917, R² (last) = 0.6871
  inv_r_cubed         : R² (all) = 0.0927, R² (last) = 0.4654
  x                   : R² (all) = 0.9962, R² (last) = 0.9996
  y                   : R² (all) = 0.9971, R² (last) = 0.9994
Evaluating on 500 trajectories...
Conditioning length: 50, Generating 50 more steps per trajectory...

Error Statistics (aggregated across all 500 trajectories):
Mean position error: 0.540492 ± 0.541658
Max position error: 4.751483
R² scores:
  X coordinate: 0.416548 ± 0.855163
  Y coordinate: 0.461353 ± 0.658903
Evaluating on 500 trajectories...
Conditioning length: 50, Generating 50 more steps per trajectory...

Error Statistics (aggregated across all 500 trajectories):
Mean position error: 0.547734 ± 0.517041
Max position error: 4.598270
R² scores:
  X coordinate: 0.424576 ± 0.721183
  Y coordinate: 0.451680 ± 0.661281
Evaluation at step 601 completed.

Step 700, Total Train Loss: 0.012140, Prediction Loss: 0.011191, Test Loss: 0.002559, Attention Entropy: 0.0949, Entropy Reg Loss: 0.000949, Entropy Reg Active: True, GPU Memory: 0.000 GB

Evaluating at step 701...
Activations collected:
  input_embed: torch.Size([1000, 99, 32])
  after_pos_emb: torch.Size([1000, 99, 32])
  block_0_attn_output: torch.Size([1000, 99, 32])
  block_0_after_attn_merge: torch.Size([1000, 99, 32])
  block_0_mlp_hidden: torch.Size([1000, 99, 128])
  block_0_mlp_output: torch.Size([1000, 99, 32])
  block_0_after_mlp_merge: torch.Size([1000, 99, 32])
  block_1_attn_output: torch.Size([1000, 99, 32])
  block_1_after_attn_merge: torch.Size([1000, 99, 32])
  block_1_mlp_hidden: torch.Size([1000, 99, 128])
  block_1_mlp_output: torch.Size([1000, 99, 32])
  block_1_after_mlp_merge: torch.Size([1000, 99, 32])
  after_ln_f: torch.Size([1000, 99, 32])

Linear Probe Results (R² scores):
================================================================================

input_embed:
  F_magnitude         : R² (all) = 0.0001, R² (last) = -0.0000
  F_direction_x       : R² (all) = 0.8247, R² (last) = 0.8259
  F_direction_y       : R² (all) = 0.8234, R² (last) = 0.8243
  Fx                  : R² (all) = 0.0582, R² (last) = 0.0643
  Fy                  : R² (all) = 0.0590, R² (last) = 0.0713
  r                   : R² (all) = 0.0001, R² (last) = 0.0025
  inv_r               : R² (all) = 0.0001, R² (last) = 0.0002
  r_squared           : R² (all) = 0.0000, R² (last) = 0.0042
  inv_r_squared       : R² (all) = 0.0001, R² (last) = -0.0000
  inv_r_cubed         : R² (all) = 0.0000, R² (last) = 0.0000
  x                   : R² (all) = 1.0000, R² (last) = 1.0000
  y                   : R² (all) = 1.0000, R² (last) = 1.0000

after_pos_emb:
  F_magnitude         : R² (all) = 0.0263, R² (last) = 0.0000
  F_direction_x       : R² (all) = 0.8247, R² (last) = 0.8259
  F_direction_y       : R² (all) = 0.8234, R² (last) = 0.8243
  Fx                  : R² (all) = 0.0584, R² (last) = 0.0643
  Fy                  : R² (all) = 0.0594, R² (last) = 0.0713
  r                   : R² (all) = 0.0555, R² (last) = 0.0031
  inv_r               : R² (all) = 0.0387, R² (last) = 0.0003
  r_squared           : R² (all) = 0.0627, R² (last) = 0.0046
  inv_r_squared       : R² (all) = 0.0263, R² (last) = 0.0000
  inv_r_cubed         : R² (all) = 0.0134, R² (last) = -0.0000
  x                   : R² (all) = 1.0000, R² (last) = 1.0000
  y                   : R² (all) = 1.0000, R² (last) = 1.0000

block_0_attn_output:
  F_magnitude         : R² (all) = 0.3618, R² (last) = 0.5016
  F_direction_x       : R² (all) = 0.8939, R² (last) = 0.9285
  F_direction_y       : R² (all) = 0.8169, R² (last) = 0.8466
  Fx                  : R² (all) = 0.2858, R² (last) = 0.4354
  Fy                  : R² (all) = 0.1359, R² (last) = 0.4104
  r                   : R² (all) = 0.8105, R² (last) = 0.8574
  inv_r               : R² (all) = 0.7244, R² (last) = 0.7825
  r_squared           : R² (all) = 0.6666, R² (last) = 0.7429
  inv_r_squared       : R² (all) = 0.3618, R² (last) = 0.5016
  inv_r_cubed         : R² (all) = 0.1154, R² (last) = 0.2799
  x                   : R² (all) = 0.8187, R² (last) = 0.8734
  y                   : R² (all) = 0.7869, R² (last) = 0.7982

block_0_after_attn_merge:
  F_magnitude         : R² (all) = 0.4201, R² (last) = 0.6012
  F_direction_x       : R² (all) = 0.9829, R² (last) = 0.9896
  F_direction_y       : R² (all) = 0.9713, R² (last) = 0.9780
  Fx                  : R² (all) = 0.3038, R² (last) = 0.5147
  Fy                  : R² (all) = 0.1917, R² (last) = 0.5107
  r                   : R² (all) = 0.8659, R² (last) = 0.9656
  inv_r               : R² (all) = 0.7999, R² (last) = 0.8693
  r_squared           : R² (all) = 0.7165, R² (last) = 0.8885
  inv_r_squared       : R² (all) = 0.4201, R² (last) = 0.6012
  inv_r_cubed         : R² (all) = 0.1462, R² (last) = 0.3648
  x                   : R² (all) = 0.9440, R² (last) = 0.9670
  y                   : R² (all) = 0.9389, R² (last) = 0.9527

block_0_mlp_hidden:
  F_magnitude         : R² (all) = 0.6044, R² (last) = 0.9125
  F_direction_x       : R² (all) = 0.9946, R² (last) = 0.9993
  F_direction_y       : R² (all) = 0.9914, R² (last) = 0.9986
  Fx                  : R² (all) = 0.4982, R² (last) = 0.8664
  Fy                  : R² (all) = 0.4027, R² (last) = 0.8897
  r                   : R² (all) = 0.9473, R² (last) = 0.9983
  inv_r               : R² (all) = 0.8956, R² (last) = 0.9815
  r_squared           : R² (all) = 0.8651, R² (last) = 0.9913
  inv_r_squared       : R² (all) = 0.6044, R² (last) = 0.9125
  inv_r_cubed         : R² (all) = 0.2952, R² (last) = 0.8172
  x                   : R² (all) = 0.9858, R² (last) = 0.9991
  y                   : R² (all) = 0.9867, R² (last) = 0.9988

block_0_mlp_output:
  F_magnitude         : R² (all) = 0.4242, R² (last) = 0.7074
  F_direction_x       : R² (all) = 0.9860, R² (last) = 0.9971
  F_direction_y       : R² (all) = 0.9788, R² (last) = 0.9941
  Fx                  : R² (all) = 0.3403, R² (last) = 0.6270
  Fy                  : R² (all) = 0.2608, R² (last) = 0.6056
  r                   : R² (all) = 0.8544, R² (last) = 0.9811
  inv_r               : R² (all) = 0.8009, R² (last) = 0.9262
  r_squared           : R² (all) = 0.7018, R² (last) = 0.9352
  inv_r_squared       : R² (all) = 0.4242, R² (last) = 0.7074
  inv_r_cubed         : R² (all) = 0.1493, R² (last) = 0.4466
  x                   : R² (all) = 0.9502, R² (last) = 0.9955
  y                   : R² (all) = 0.9581, R² (last) = 0.9926

block_0_after_mlp_merge:
  F_magnitude         : R² (all) = 0.3896, R² (last) = 0.6556
  F_direction_x       : R² (all) = 0.9873, R² (last) = 0.9944
  F_direction_y       : R² (all) = 0.9783, R² (last) = 0.9906
  Fx                  : R² (all) = 0.3539, R² (last) = 0.5795
  Fy                  : R² (all) = 0.2513, R² (last) = 0.5533
  r                   : R² (all) = 0.8638, R² (last) = 0.9830
  inv_r               : R² (all) = 0.7781, R² (last) = 0.9099
  r_squared           : R² (all) = 0.7184, R² (last) = 0.9449
  inv_r_squared       : R² (all) = 0.3896, R² (last) = 0.6556
  inv_r_cubed         : R² (all) = 0.1234, R² (last) = 0.3817
  x                   : R² (all) = 0.9997, R² (last) = 1.0000
  y                   : R² (all) = 0.9998, R² (last) = 1.0000

block_1_attn_output:
  F_magnitude         : R² (all) = 0.3092, R² (last) = 0.3845
  F_direction_x       : R² (all) = 0.9184, R² (last) = 0.9482
  F_direction_y       : R² (all) = 0.8666, R² (last) = 0.8927
  Fx                  : R² (all) = 0.2827, R² (last) = 0.4352
  Fy                  : R² (all) = 0.1507, R² (last) = 0.2964
  r                   : R² (all) = 0.8693, R² (last) = 0.9039
  inv_r               : R² (all) = 0.6853, R² (last) = 0.7221
  r_squared           : R² (all) = 0.7509, R² (last) = 0.8180
  inv_r_squared       : R² (all) = 0.3092, R² (last) = 0.3845
  inv_r_cubed         : R² (all) = 0.0892, R² (last) = 0.1524
  x                   : R² (all) = 0.9529, R² (last) = 0.9688
  y                   : R² (all) = 0.9434, R² (last) = 0.9617

block_1_after_attn_merge:
  F_magnitude         : R² (all) = 0.2356, R² (last) = 0.5721
  F_direction_x       : R² (all) = 0.9617, R² (last) = 0.9872
  F_direction_y       : R² (all) = 0.9451, R² (last) = 0.9724
  Fx                  : R² (all) = 0.2957, R² (last) = 0.5515
  Fy                  : R² (all) = 0.2109, R² (last) = 0.4983
  r                   : R² (all) = 0.9340, R² (last) = 0.9788
  inv_r               : R² (all) = 0.5945, R² (last) = 0.8492
  r_squared           : R² (all) = 0.8755, R² (last) = 0.9587
  inv_r_squared       : R² (all) = 0.2356, R² (last) = 0.5721
  inv_r_cubed         : R² (all) = 0.0595, R² (last) = 0.3103
  x                   : R² (all) = 0.9914, R² (last) = 0.9979
  y                   : R² (all) = 0.9913, R² (last) = 0.9968

block_1_mlp_hidden:
  F_magnitude         : R² (all) = 0.4319, R² (last) = 0.8322
  F_direction_x       : R² (all) = 0.9841, R² (last) = 0.9964
  F_direction_y       : R² (all) = 0.9730, R² (last) = 0.9935
  Fx                  : R² (all) = 0.3966, R² (last) = 0.7563
  Fy                  : R² (all) = 0.2865, R² (last) = 0.7482
  r                   : R² (all) = 0.9841, R² (last) = 0.9989
  inv_r               : R² (all) = 0.7857, R² (last) = 0.9553
  r_squared           : R² (all) = 0.9877, R² (last) = 0.9993
  inv_r_squared       : R² (all) = 0.4319, R² (last) = 0.8322
  inv_r_cubed         : R² (all) = 0.1571, R² (last) = 0.6731
  x                   : R² (all) = 0.9974, R² (last) = 0.9999
  y                   : R² (all) = 0.9979, R² (last) = 0.9998

block_1_mlp_output:
  F_magnitude         : R² (all) = 0.2983, R² (last) = 0.5530
  F_direction_x       : R² (all) = 0.9650, R² (last) = 0.9860
  F_direction_y       : R² (all) = 0.9494, R² (last) = 0.9739
  Fx                  : R² (all) = 0.3002, R² (last) = 0.5563
  Fy                  : R² (all) = 0.2079, R² (last) = 0.4593
  r                   : R² (all) = 0.9463, R² (last) = 0.9812
  inv_r               : R² (all) = 0.6563, R² (last) = 0.8215
  r_squared           : R² (all) = 0.9436, R² (last) = 0.9817
  inv_r_squared       : R² (all) = 0.2983, R² (last) = 0.5530
  inv_r_cubed         : R² (all) = 0.0859, R² (last) = 0.3178
  x                   : R² (all) = 0.9914, R² (last) = 0.9979
  y                   : R² (all) = 0.9926, R² (last) = 0.9982

block_1_after_mlp_merge:
  F_magnitude         : R² (all) = 0.3491, R² (last) = 0.6147
  F_direction_x       : R² (all) = 0.9848, R² (last) = 0.9952
  F_direction_y       : R² (all) = 0.9663, R² (last) = 0.9930
  Fx                  : R² (all) = 0.3893, R² (last) = 0.6056
  Fy                  : R² (all) = 0.2554, R² (last) = 0.6000
  r                   : R² (all) = 0.8994, R² (last) = 0.9763
  inv_r               : R² (all) = 0.7241, R² (last) = 0.8728
  r_squared           : R² (all) = 0.7967, R² (last) = 0.9427
  inv_r_squared       : R² (all) = 0.3491, R² (last) = 0.6147
  inv_r_cubed         : R² (all) = 0.1096, R² (last) = 0.3531
  x                   : R² (all) = 0.9945, R² (last) = 0.9999
  y                   : R² (all) = 0.9969, R² (last) = 0.9997

after_ln_f:
  F_magnitude         : R² (all) = 0.2786, R² (last) = 0.5652
  F_direction_x       : R² (all) = 0.9744, R² (last) = 0.9931
  F_direction_y       : R² (all) = 0.9450, R² (last) = 0.9889
  Fx                  : R² (all) = 0.3424, R² (last) = 0.5816
  Fy                  : R² (all) = 0.2142, R² (last) = 0.5491
  r                   : R² (all) = 0.9195, R² (last) = 0.9826
  inv_r               : R² (all) = 0.6427, R² (last) = 0.8441
  r_squared           : R² (all) = 0.8557, R² (last) = 0.9630
  inv_r_squared       : R² (all) = 0.2786, R² (last) = 0.5652
  inv_r_cubed         : R² (all) = 0.0769, R² (last) = 0.3040
  x                   : R² (all) = 0.9964, R² (last) = 0.9995
  y                   : R² (all) = 0.9970, R² (last) = 0.9992
Evaluating on 500 trajectories...
Conditioning length: 50, Generating 50 more steps per trajectory...

Error Statistics (aggregated across all 500 trajectories):
Mean position error: 0.468105 ± 0.468957
Max position error: 3.488440
R² scores:
  X coordinate: 0.674140 ± 0.447876
  Y coordinate: 0.607393 ± 0.513562
Evaluating on 500 trajectories...
Conditioning length: 50, Generating 50 more steps per trajectory...

Error Statistics (aggregated across all 500 trajectories):
Mean position error: 0.446564 ± 0.422146
Max position error: 2.998119
R² scores:
  X coordinate: 0.671803 ± 0.471549
  Y coordinate: 0.610139 ± 0.525018
Evaluation at step 701 completed.

Step 800, Total Train Loss: 0.011161, Prediction Loss: 0.010333, Test Loss: 0.002909, Attention Entropy: 0.0828, Entropy Reg Loss: 0.000828, Entropy Reg Active: True, GPU Memory: 0.000 GB

Evaluating at step 801...
Activations collected:
  input_embed: torch.Size([1000, 99, 32])
  after_pos_emb: torch.Size([1000, 99, 32])
  block_0_attn_output: torch.Size([1000, 99, 32])
  block_0_after_attn_merge: torch.Size([1000, 99, 32])
  block_0_mlp_hidden: torch.Size([1000, 99, 128])
  block_0_mlp_output: torch.Size([1000, 99, 32])
  block_0_after_mlp_merge: torch.Size([1000, 99, 32])
  block_1_attn_output: torch.Size([1000, 99, 32])
  block_1_after_attn_merge: torch.Size([1000, 99, 32])
  block_1_mlp_hidden: torch.Size([1000, 99, 128])
  block_1_mlp_output: torch.Size([1000, 99, 32])
  block_1_after_mlp_merge: torch.Size([1000, 99, 32])
  after_ln_f: torch.Size([1000, 99, 32])

Linear Probe Results (R² scores):
================================================================================

input_embed:
  F_magnitude         : R² (all) = 0.0003, R² (last) = 0.0012
  F_direction_x       : R² (all) = 0.8333, R² (last) = 0.8220
  F_direction_y       : R² (all) = 0.8336, R² (last) = 0.8304
  Fx                  : R² (all) = 0.0655, R² (last) = 0.0421
  Fy                  : R² (all) = 0.0643, R² (last) = 0.0659
  r                   : R² (all) = 0.0031, R² (last) = 0.0063
  inv_r               : R² (all) = 0.0010, R² (last) = 0.0030
  r_squared           : R² (all) = 0.0038, R² (last) = 0.0071
  inv_r_squared       : R² (all) = 0.0003, R² (last) = 0.0012
  inv_r_cubed         : R² (all) = 0.0001, R² (last) = 0.0004
  x                   : R² (all) = 1.0000, R² (last) = 1.0000
  y                   : R² (all) = 1.0000, R² (last) = 1.0000

after_pos_emb:
  F_magnitude         : R² (all) = 0.0342, R² (last) = 0.0012
  F_direction_x       : R² (all) = 0.8333, R² (last) = 0.8220
  F_direction_y       : R² (all) = 0.8336, R² (last) = 0.8304
  Fx                  : R² (all) = 0.0657, R² (last) = 0.0421
  Fy                  : R² (all) = 0.0645, R² (last) = 0.0659
  r                   : R² (all) = 0.0623, R² (last) = 0.0062
  inv_r               : R² (all) = 0.0471, R² (last) = 0.0030
  r_squared           : R² (all) = 0.0678, R² (last) = 0.0071
  inv_r_squared       : R² (all) = 0.0342, R² (last) = 0.0012
  inv_r_cubed         : R² (all) = 0.0201, R² (last) = 0.0004
  x                   : R² (all) = 1.0000, R² (last) = 1.0000
  y                   : R² (all) = 1.0000, R² (last) = 1.0000

block_0_attn_output:
  F_magnitude         : R² (all) = 0.4034, R² (last) = 0.4689
  F_direction_x       : R² (all) = 0.8904, R² (last) = 0.9305
  F_direction_y       : R² (all) = 0.8200, R² (last) = 0.8648
  Fx                  : R² (all) = 0.3153, R² (last) = 0.4424
  Fy                  : R² (all) = 0.1514, R² (last) = 0.2842
  r                   : R² (all) = 0.7936, R² (last) = 0.8306
  inv_r               : R² (all) = 0.7189, R² (last) = 0.7419
  r_squared           : R² (all) = 0.6578, R² (last) = 0.7077
  inv_r_squared       : R² (all) = 0.4034, R² (last) = 0.4689
  inv_r_cubed         : R² (all) = 0.1656, R² (last) = 0.2761
  x                   : R² (all) = 0.8129, R² (last) = 0.8628
  y                   : R² (all) = 0.7885, R² (last) = 0.8040

block_0_after_attn_merge:
  F_magnitude         : R² (all) = 0.4763, R² (last) = 0.5929
  F_direction_x       : R² (all) = 0.9838, R² (last) = 0.9894
  F_direction_y       : R² (all) = 0.9748, R² (last) = 0.9800
  Fx                  : R² (all) = 0.3355, R² (last) = 0.5222
  Fy                  : R² (all) = 0.2243, R² (last) = 0.3852
  r                   : R² (all) = 0.8666, R² (last) = 0.9584
  inv_r               : R² (all) = 0.8161, R² (last) = 0.8491
  r_squared           : R² (all) = 0.7191, R² (last) = 0.8673
  inv_r_squared       : R² (all) = 0.4763, R² (last) = 0.5929
  inv_r_cubed         : R² (all) = 0.2052, R² (last) = 0.3943
  x                   : R² (all) = 0.9457, R² (last) = 0.9655
  y                   : R² (all) = 0.9417, R² (last) = 0.9560

block_0_mlp_hidden:
  F_magnitude         : R² (all) = 0.6746, R² (last) = 0.8940
  F_direction_x       : R² (all) = 0.9951, R² (last) = 0.9992
  F_direction_y       : R² (all) = 0.9923, R² (last) = 0.9984
  Fx                  : R² (all) = 0.5482, R² (last) = 0.8575
  Fy                  : R² (all) = 0.4522, R² (last) = 0.8186
  r                   : R² (all) = 0.9447, R² (last) = 0.9976
  inv_r               : R² (all) = 0.9098, R² (last) = 0.9737
  r_squared           : R² (all) = 0.8608, R² (last) = 0.9880
  inv_r_squared       : R² (all) = 0.6746, R² (last) = 0.8940
  inv_r_cubed         : R² (all) = 0.4007, R² (last) = 0.7989
  x                   : R² (all) = 0.9857, R² (last) = 0.9989
  y                   : R² (all) = 0.9876, R² (last) = 0.9987

block_0_mlp_output:
  F_magnitude         : R² (all) = 0.4808, R² (last) = 0.7218
  F_direction_x       : R² (all) = 0.9868, R² (last) = 0.9963
  F_direction_y       : R² (all) = 0.9806, R² (last) = 0.9938
  Fx                  : R² (all) = 0.3734, R² (last) = 0.6519
  Fy                  : R² (all) = 0.2921, R² (last) = 0.5217
  r                   : R² (all) = 0.8527, R² (last) = 0.9723
  inv_r               : R² (all) = 0.8145, R² (last) = 0.9159
  r_squared           : R² (all) = 0.7027, R² (last) = 0.9091
  inv_r_squared       : R² (all) = 0.4808, R² (last) = 0.7218
  inv_r_cubed         : R² (all) = 0.2113, R² (last) = 0.5322
  x                   : R² (all) = 0.9508, R² (last) = 0.9940
  y                   : R² (all) = 0.9575, R² (last) = 0.9921

block_0_after_mlp_merge:
  F_magnitude         : R² (all) = 0.4422, R² (last) = 0.6701
  F_direction_x       : R² (all) = 0.9878, R² (last) = 0.9940
  F_direction_y       : R² (all) = 0.9804, R² (last) = 0.9909
  Fx                  : R² (all) = 0.3913, R² (last) = 0.5868
  Fy                  : R² (all) = 0.2812, R² (last) = 0.4668
  r                   : R² (all) = 0.8594, R² (last) = 0.9781
  inv_r               : R² (all) = 0.7918, R² (last) = 0.8983
  r_squared           : R² (all) = 0.7165, R² (last) = 0.9272
  inv_r_squared       : R² (all) = 0.4422, R² (last) = 0.6701
  inv_r_cubed         : R² (all) = 0.1755, R² (last) = 0.4560
  x                   : R² (all) = 0.9997, R² (last) = 1.0000
  y                   : R² (all) = 0.9997, R² (last) = 1.0000

block_1_attn_output:
  F_magnitude         : R² (all) = 0.3464, R² (last) = 0.3691
  F_direction_x       : R² (all) = 0.9226, R² (last) = 0.9494
  F_direction_y       : R² (all) = 0.8728, R² (last) = 0.9072
  Fx                  : R² (all) = 0.3176, R² (last) = 0.4039
  Fy                  : R² (all) = 0.1642, R² (last) = 0.2762
  r                   : R² (all) = 0.8643, R² (last) = 0.9001
  inv_r               : R² (all) = 0.6914, R² (last) = 0.6767
  r_squared           : R² (all) = 0.7521, R² (last) = 0.8150
  inv_r_squared       : R² (all) = 0.3464, R² (last) = 0.3691
  inv_r_cubed         : R² (all) = 0.1224, R² (last) = 0.1909
  x                   : R² (all) = 0.9548, R² (last) = 0.9684
  y                   : R² (all) = 0.9465, R² (last) = 0.9685

block_1_after_attn_merge:
  F_magnitude         : R² (all) = 0.2710, R² (last) = 0.5546
  F_direction_x       : R² (all) = 0.9649, R² (last) = 0.9865
  F_direction_y       : R² (all) = 0.9506, R² (last) = 0.9754
  Fx                  : R² (all) = 0.3319, R² (last) = 0.5067
  Fy                  : R² (all) = 0.2335, R² (last) = 0.4321
  r                   : R² (all) = 0.9234, R² (last) = 0.9726
  inv_r               : R² (all) = 0.6093, R² (last) = 0.8179
  r_squared           : R² (all) = 0.8625, R² (last) = 0.9461
  inv_r_squared       : R² (all) = 0.2710, R² (last) = 0.5546
  inv_r_cubed         : R² (all) = 0.0859, R² (last) = 0.3503
  x                   : R² (all) = 0.9913, R² (last) = 0.9975
  y                   : R² (all) = 0.9917, R² (last) = 0.9967

block_1_mlp_hidden:
  F_magnitude         : R² (all) = 0.4917, R² (last) = 0.7939
  F_direction_x       : R² (all) = 0.9852, R² (last) = 0.9958
  F_direction_y       : R² (all) = 0.9752, R² (last) = 0.9928
  Fx                  : R² (all) = 0.4421, R² (last) = 0.7145
  Fy                  : R² (all) = 0.3200, R² (last) = 0.6543
  r                   : R² (all) = 0.9830, R² (last) = 0.9987
  inv_r               : R² (all) = 0.8006, R² (last) = 0.9368
  r_squared           : R² (all) = 0.9863, R² (last) = 0.9990
  inv_r_squared       : R² (all) = 0.4917, R² (last) = 0.7939
  inv_r_cubed         : R² (all) = 0.2277, R² (last) = 0.6407
  x                   : R² (all) = 0.9973, R² (last) = 0.9998
  y                   : R² (all) = 0.9980, R² (last) = 0.9998

block_1_mlp_output:
  F_magnitude         : R² (all) = 0.3371, R² (last) = 0.5439
  F_direction_x       : R² (all) = 0.9677, R² (last) = 0.9855
  F_direction_y       : R² (all) = 0.9521, R² (last) = 0.9741
  Fx                  : R² (all) = 0.3363, R² (last) = 0.4922
  Fy                  : R² (all) = 0.2243, R² (last) = 0.4204
  r                   : R² (all) = 0.9408, R² (last) = 0.9770
  inv_r               : R² (all) = 0.6642, R² (last) = 0.7955
  r_squared           : R² (all) = 0.9396, R² (last) = 0.9791
  inv_r_squared       : R² (all) = 0.3371, R² (last) = 0.5439
  inv_r_cubed         : R² (all) = 0.1229, R² (last) = 0.3498
  x                   : R² (all) = 0.9913, R² (last) = 0.9977
  y                   : R² (all) = 0.9926, R² (last) = 0.9980

block_1_after_mlp_merge:
  F_magnitude         : R² (all) = 0.3880, R² (last) = 0.5946
  F_direction_x       : R² (all) = 0.9851, R² (last) = 0.9942
  F_direction_y       : R² (all) = 0.9697, R² (last) = 0.9920
  Fx                  : R² (all) = 0.4272, R² (last) = 0.6063
  Fy                  : R² (all) = 0.2836, R² (last) = 0.4966
  r                   : R² (all) = 0.8910, R² (last) = 0.9698
  inv_r               : R² (all) = 0.7275, R² (last) = 0.8459
  r_squared           : R² (all) = 0.7928, R² (last) = 0.9279
  inv_r_squared       : R² (all) = 0.3880, R² (last) = 0.5946
  inv_r_cubed         : R² (all) = 0.1509, R² (last) = 0.3882
  x                   : R² (all) = 0.9950, R² (last) = 0.9998
  y                   : R² (all) = 0.9971, R² (last) = 0.9997

after_ln_f:
  F_magnitude         : R² (all) = 0.3131, R² (last) = 0.5344
  F_direction_x       : R² (all) = 0.9768, R² (last) = 0.9921
  F_direction_y       : R² (all) = 0.9519, R² (last) = 0.9891
  Fx                  : R² (all) = 0.3782, R² (last) = 0.5642
  Fy                  : R² (all) = 0.2413, R² (last) = 0.4795
  r                   : R² (all) = 0.9074, R² (last) = 0.9813
  inv_r               : R² (all) = 0.6508, R² (last) = 0.8053
  r_squared           : R² (all) = 0.8420, R² (last) = 0.9590
  inv_r_squared       : R² (all) = 0.3131, R² (last) = 0.5344
  inv_r_cubed         : R² (all) = 0.1075, R² (last) = 0.3317
  x                   : R² (all) = 0.9966, R² (last) = 0.9993
  y                   : R² (all) = 0.9970, R² (last) = 0.9991
Evaluating on 500 trajectories...
Conditioning length: 50, Generating 50 more steps per trajectory...

Error Statistics (aggregated across all 500 trajectories):
Mean position error: 0.578296 ± 0.591736
Max position error: 3.998125
R² scores:
  X coordinate: 0.437303 ± 0.651427
  Y coordinate: 0.390266 ± 0.775520
Evaluating on 500 trajectories...
Conditioning length: 50, Generating 50 more steps per trajectory...

Error Statistics (aggregated across all 500 trajectories):
Mean position error: 0.599105 ± 0.614396
Max position error: 4.058235
R² scores:
  X coordinate: 0.393690 ± 0.767162
  Y coordinate: 0.373527 ± 0.821724
Evaluation at step 801 completed.

Step 900, Total Train Loss: 0.011528, Prediction Loss: 0.010763, Test Loss: 0.002636, Attention Entropy: 0.0766, Entropy Reg Loss: 0.000766, Entropy Reg Active: True, GPU Memory: 0.000 GB

Evaluating at step 901...
Activations collected:
  input_embed: torch.Size([1000, 99, 32])
  after_pos_emb: torch.Size([1000, 99, 32])
  block_0_attn_output: torch.Size([1000, 99, 32])
  block_0_after_attn_merge: torch.Size([1000, 99, 32])
  block_0_mlp_hidden: torch.Size([1000, 99, 128])
  block_0_mlp_output: torch.Size([1000, 99, 32])
  block_0_after_mlp_merge: torch.Size([1000, 99, 32])
  block_1_attn_output: torch.Size([1000, 99, 32])
  block_1_after_attn_merge: torch.Size([1000, 99, 32])
  block_1_mlp_hidden: torch.Size([1000, 99, 128])
  block_1_mlp_output: torch.Size([1000, 99, 32])
  block_1_after_mlp_merge: torch.Size([1000, 99, 32])
  after_ln_f: torch.Size([1000, 99, 32])

Linear Probe Results (R² scores):
================================================================================

input_embed:
  F_magnitude         : R² (all) = 0.0003, R² (last) = 0.0006
  F_direction_x       : R² (all) = 0.8240, R² (last) = 0.8286
  F_direction_y       : R² (all) = 0.8277, R² (last) = 0.8276
  Fx                  : R² (all) = 0.0677, R² (last) = 0.0892
  Fy                  : R² (all) = 0.0665, R² (last) = 0.0570
  r                   : R² (all) = 0.0040, R² (last) = 0.0011
  inv_r               : R² (all) = 0.0011, R² (last) = 0.0009
  r_squared           : R² (all) = 0.0054, R² (last) = 0.0008
  inv_r_squared       : R² (all) = 0.0003, R² (last) = 0.0006
  inv_r_cubed         : R² (all) = 0.0001, R² (last) = 0.0004
  x                   : R² (all) = 1.0000, R² (last) = 1.0000
  y                   : R² (all) = 1.0000, R² (last) = 1.0000

after_pos_emb:
  F_magnitude         : R² (all) = 0.0334, R² (last) = 0.0006
  F_direction_x       : R² (all) = 0.8240, R² (last) = 0.8286
  F_direction_y       : R² (all) = 0.8277, R² (last) = 0.8276
  Fx                  : R² (all) = 0.0680, R² (last) = 0.0893
  Fy                  : R² (all) = 0.0669, R² (last) = 0.0570
  r                   : R² (all) = 0.0672, R² (last) = 0.0011
  inv_r               : R² (all) = 0.0463, R² (last) = 0.0009
  r_squared           : R² (all) = 0.0762, R² (last) = 0.0008
  inv_r_squared       : R² (all) = 0.0334, R² (last) = 0.0006
  inv_r_cubed         : R² (all) = 0.0187, R² (last) = 0.0004
  x                   : R² (all) = 1.0000, R² (last) = 1.0000
  y                   : R² (all) = 1.0000, R² (last) = 1.0000

block_0_attn_output:
  F_magnitude         : R² (all) = 0.4020, R² (last) = 0.5821
  F_direction_x       : R² (all) = 0.8880, R² (last) = 0.9397
  F_direction_y       : R² (all) = 0.8148, R² (last) = 0.8497
  Fx                  : R² (all) = 0.3405, R² (last) = 0.5697
  Fy                  : R² (all) = 0.1569, R² (last) = 0.4533
  r                   : R² (all) = 0.7991, R² (last) = 0.8265
  inv_r               : R² (all) = 0.7237, R² (last) = 0.7805
  r_squared           : R² (all) = 0.6612, R² (last) = 0.7111
  inv_r_squared       : R² (all) = 0.4020, R² (last) = 0.5821
  inv_r_cubed         : R² (all) = 0.1516, R² (last) = 0.4327
  x                   : R² (all) = 0.8004, R² (last) = 0.8607
  y                   : R² (all) = 0.7835, R² (last) = 0.8054

block_0_after_attn_merge:
  F_magnitude         : R² (all) = 0.4813, R² (last) = 0.6666
  F_direction_x       : R² (all) = 0.9833, R² (last) = 0.9918
  F_direction_y       : R² (all) = 0.9751, R² (last) = 0.9808
  Fx                  : R² (all) = 0.3577, R² (last) = 0.6515
  Fy                  : R² (all) = 0.2390, R² (last) = 0.5022
  r                   : R² (all) = 0.8745, R² (last) = 0.9602
  inv_r               : R² (all) = 0.8253, R² (last) = 0.8858
  r_squared           : R² (all) = 0.7296, R² (last) = 0.8729
  inv_r_squared       : R² (all) = 0.4813, R² (last) = 0.6666
  inv_r_cubed         : R² (all) = 0.1916, R² (last) = 0.4633
  x                   : R² (all) = 0.9421, R² (last) = 0.9679
  y                   : R² (all) = 0.9401, R² (last) = 0.9499

block_0_mlp_hidden:
  F_magnitude         : R² (all) = 0.6830, R² (last) = 0.9450
  F_direction_x       : R² (all) = 0.9951, R² (last) = 0.9995
  F_direction_y       : R² (all) = 0.9925, R² (last) = 0.9987
  Fx                  : R² (all) = 0.5765, R² (last) = 0.9355
  Fy                  : R² (all) = 0.4637, R² (last) = 0.9087
  r                   : R² (all) = 0.9458, R² (last) = 0.9971
  inv_r               : R² (all) = 0.9175, R² (last) = 0.9861
  r_squared           : R² (all) = 0.8635, R² (last) = 0.9861
  inv_r_squared       : R² (all) = 0.6830, R² (last) = 0.9450
  inv_r_cubed         : R² (all) = 0.3865, R² (last) = 0.8981
  x                   : R² (all) = 0.9847, R² (last) = 0.9989
  y                   : R² (all) = 0.9877, R² (last) = 0.9985

block_0_mlp_output:
  F_magnitude         : R² (all) = 0.4871, R² (last) = 0.7311
  F_direction_x       : R² (all) = 0.9867, R² (last) = 0.9974
  F_direction_y       : R² (all) = 0.9809, R² (last) = 0.9937
  Fx                  : R² (all) = 0.4074, R² (last) = 0.7912
  Fy                  : R² (all) = 0.3044, R² (last) = 0.5952
  r                   : R² (all) = 0.8586, R² (last) = 0.9698
  inv_r               : R² (all) = 0.8246, R² (last) = 0.9296
  r_squared           : R² (all) = 0.7084, R² (last) = 0.9060
  inv_r_squared       : R² (all) = 0.4871, R² (last) = 0.7311
  inv_r_cubed         : R² (all) = 0.1986, R² (last) = 0.4983
  x                   : R² (all) = 0.9485, R² (last) = 0.9943
  y                   : R² (all) = 0.9567, R² (last) = 0.9919

block_0_after_mlp_merge:
  F_magnitude         : R² (all) = 0.4517, R² (last) = 0.6955
  F_direction_x       : R² (all) = 0.9873, R² (last) = 0.9955
  F_direction_y       : R² (all) = 0.9810, R² (last) = 0.9918
  Fx                  : R² (all) = 0.4198, R² (last) = 0.7453
  Fy                  : R² (all) = 0.2954, R² (last) = 0.5736
  r                   : R² (all) = 0.8602, R² (last) = 0.9757
  inv_r               : R² (all) = 0.8016, R² (last) = 0.9160
  r_squared           : R² (all) = 0.7188, R² (last) = 0.9230
  inv_r_squared       : R² (all) = 0.4517, R² (last) = 0.6955
  inv_r_cubed         : R² (all) = 0.1684, R² (last) = 0.4486
  x                   : R² (all) = 0.9997, R² (last) = 1.0000
  y                   : R² (all) = 0.9998, R² (last) = 1.0000

block_1_attn_output:
  F_magnitude         : R² (all) = 0.3682, R² (last) = 0.4484
  F_direction_x       : R² (all) = 0.9239, R² (last) = 0.9543
  F_direction_y       : R² (all) = 0.8773, R² (last) = 0.8998
  Fx                  : R² (all) = 0.3478, R² (last) = 0.5866
  Fy                  : R² (all) = 0.1785, R² (last) = 0.2636
  r                   : R² (all) = 0.8726, R² (last) = 0.9131
  inv_r               : R² (all) = 0.7179, R² (last) = 0.7481
  r_squared           : R² (all) = 0.7556, R² (last) = 0.8273
  inv_r_squared       : R² (all) = 0.3682, R² (last) = 0.4484
  inv_r_cubed         : R² (all) = 0.1225, R² (last) = 0.2269
  x                   : R² (all) = 0.9586, R² (last) = 0.9733
  y                   : R² (all) = 0.9515, R² (last) = 0.9701

block_1_after_attn_merge:
  F_magnitude         : R² (all) = 0.2895, R² (last) = 0.6040
  F_direction_x       : R² (all) = 0.9630, R² (last) = 0.9868
  F_direction_y       : R² (all) = 0.9509, R² (last) = 0.9710
  Fx                  : R² (all) = 0.3579, R² (last) = 0.6857
  Fy                  : R² (all) = 0.2465, R² (last) = 0.4638
  r                   : R² (all) = 0.9257, R² (last) = 0.9731
  inv_r               : R² (all) = 0.6323, R² (last) = 0.8505
  r_squared           : R² (all) = 0.8619, R² (last) = 0.9477
  inv_r_squared       : R² (all) = 0.2895, R² (last) = 0.6040
  inv_r_cubed         : R² (all) = 0.0863, R² (last) = 0.3613
  x                   : R² (all) = 0.9914, R² (last) = 0.9976
  y                   : R² (all) = 0.9918, R² (last) = 0.9965

block_1_mlp_hidden:
  F_magnitude         : R² (all) = 0.5039, R² (last) = 0.8090
  F_direction_x       : R² (all) = 0.9841, R² (last) = 0.9966
  F_direction_y       : R² (all) = 0.9756, R² (last) = 0.9931
  Fx                  : R² (all) = 0.4715, R² (last) = 0.8390
  Fy                  : R² (all) = 0.3376, R² (last) = 0.7285
  r                   : R² (all) = 0.9841, R² (last) = 0.9988
  inv_r               : R² (all) = 0.8141, R² (last) = 0.9480
  r_squared           : R² (all) = 0.9869, R² (last) = 0.9991
  inv_r_squared       : R² (all) = 0.5039, R² (last) = 0.8090
  inv_r_cubed         : R² (all) = 0.2164, R² (last) = 0.6157
  x                   : R² (all) = 0.9973, R² (last) = 0.9998
  y                   : R² (all) = 0.9980, R² (last) = 0.9998

block_1_mlp_output:
  F_magnitude         : R² (all) = 0.3540, R² (last) = 0.5660
  F_direction_x       : R² (all) = 0.9667, R² (last) = 0.9871
  F_direction_y       : R² (all) = 0.9520, R² (last) = 0.9685
  Fx                  : R² (all) = 0.3629, R² (last) = 0.6728
  Fy                  : R² (all) = 0.2387, R² (last) = 0.3766
  r                   : R² (all) = 0.9447, R² (last) = 0.9818
  inv_r               : R² (all) = 0.6834, R² (last) = 0.8234
  r_squared           : R² (all) = 0.9413, R² (last) = 0.9835
  inv_r_squared       : R² (all) = 0.3540, R² (last) = 0.5660
  inv_r_cubed         : R² (all) = 0.1211, R² (last) = 0.3192
  x                   : R² (all) = 0.9914, R² (last) = 0.9976
  y                   : R² (all) = 0.9928, R² (last) = 0.9981

block_1_after_mlp_merge:
  F_magnitude         : R² (all) = 0.4043, R² (last) = 0.6473
  F_direction_x       : R² (all) = 0.9847, R² (last) = 0.9954
  F_direction_y       : R² (all) = 0.9707, R² (last) = 0.9924
  Fx                  : R² (all) = 0.4628, R² (last) = 0.7575
  Fy                  : R² (all) = 0.2981, R² (last) = 0.5654
  r                   : R² (all) = 0.8885, R² (last) = 0.9660
  inv_r               : R² (all) = 0.7464, R² (last) = 0.8760
  r_squared           : R² (all) = 0.7859, R² (last) = 0.9200
  inv_r_squared       : R² (all) = 0.4043, R² (last) = 0.6473
  inv_r_cubed         : R² (all) = 0.1461, R² (last) = 0.4041
  x                   : R² (all) = 0.9961, R² (last) = 0.9998
  y                   : R² (all) = 0.9973, R² (last) = 0.9996

after_ln_f:
  F_magnitude         : R² (all) = 0.3324, R² (last) = 0.5697
  F_direction_x       : R² (all) = 0.9760, R² (last) = 0.9935
  F_direction_y       : R² (all) = 0.9523, R² (last) = 0.9868
  Fx                  : R² (all) = 0.4102, R² (last) = 0.7277
  Fy                  : R² (all) = 0.2529, R² (last) = 0.4877
  r                   : R² (all) = 0.9072, R² (last) = 0.9764
  inv_r               : R² (all) = 0.6734, R² (last) = 0.8319
  r_squared           : R² (all) = 0.8364, R² (last) = 0.9513
  inv_r_squared       : R² (all) = 0.3324, R² (last) = 0.5697
  inv_r_cubed         : R² (all) = 0.1069, R² (last) = 0.3251
  x                   : R² (all) = 0.9968, R² (last) = 0.9992
  y                   : R² (all) = 0.9972, R² (last) = 0.9991
Evaluating on 500 trajectories...
Conditioning length: 50, Generating 50 more steps per trajectory...

Error Statistics (aggregated across all 500 trajectories):
Mean position error: 0.608567 ± 0.539648
Max position error: 3.822399
R² scores:
  X coordinate: 0.282331 ± 0.789906
  Y coordinate: 0.319719 ± 0.776211
Evaluating on 500 trajectories...
Conditioning length: 50, Generating 50 more steps per trajectory...

Error Statistics (aggregated across all 500 trajectories):
Mean position error: 0.605516 ± 0.533020
Max position error: 3.860550
R² scores:
  X coordinate: 0.283633 ± 0.765638
  Y coordinate: 0.340440 ± 0.709507
Evaluation at step 901 completed.

Step 1000, Total Train Loss: 0.010802, Prediction Loss: 0.010124, Test Loss: 0.002216, Attention Entropy: 0.0678, Entropy Reg Loss: 0.000678, Entropy Reg Active: True, GPU Memory: 0.000 GB

Evaluating at step 1001...
Activations collected:
  input_embed: torch.Size([1000, 99, 32])
  after_pos_emb: torch.Size([1000, 99, 32])
  block_0_attn_output: torch.Size([1000, 99, 32])
  block_0_after_attn_merge: torch.Size([1000, 99, 32])
  block_0_mlp_hidden: torch.Size([1000, 99, 128])
  block_0_mlp_output: torch.Size([1000, 99, 32])
  block_0_after_mlp_merge: torch.Size([1000, 99, 32])
  block_1_attn_output: torch.Size([1000, 99, 32])
  block_1_after_attn_merge: torch.Size([1000, 99, 32])
  block_1_mlp_hidden: torch.Size([1000, 99, 128])
  block_1_mlp_output: torch.Size([1000, 99, 32])
  block_1_after_mlp_merge: torch.Size([1000, 99, 32])
  after_ln_f: torch.Size([1000, 99, 32])

Linear Probe Results (R² scores):
================================================================================

input_embed:
  F_magnitude         : R² (all) = -0.0000, R² (last) = 0.0003
  F_direction_x       : R² (all) = 0.8344, R² (last) = 0.8309
  F_direction_y       : R² (all) = 0.8301, R² (last) = 0.8333
  Fx                  : R² (all) = 0.0725, R² (last) = 0.0738
  Fy                  : R² (all) = 0.0716, R² (last) = 0.0737
  r                   : R² (all) = -0.0000, R² (last) = 0.0019
  inv_r               : R² (all) = -0.0000, R² (last) = 0.0010
  r_squared           : R² (all) = 0.0000, R² (last) = 0.0016
  inv_r_squared       : R² (all) = -0.0000, R² (last) = 0.0003
  inv_r_cubed         : R² (all) = 0.0000, R² (last) = 0.0001
  x                   : R² (all) = 1.0000, R² (last) = 1.0000
  y                   : R² (all) = 1.0000, R² (last) = 1.0000

after_pos_emb:
  F_magnitude         : R² (all) = 0.0307, R² (last) = 0.0003
  F_direction_x       : R² (all) = 0.8344, R² (last) = 0.8309
  F_direction_y       : R² (all) = 0.8301, R² (last) = 0.8332
  Fx                  : R² (all) = 0.0731, R² (last) = 0.0738
  Fy                  : R² (all) = 0.0718, R² (last) = 0.0737
  r                   : R² (all) = 0.0618, R² (last) = 0.0019
  inv_r               : R² (all) = 0.0431, R² (last) = 0.0010
  r_squared           : R² (all) = 0.0681, R² (last) = 0.0015
  inv_r_squared       : R² (all) = 0.0307, R² (last) = 0.0003
  inv_r_cubed         : R² (all) = 0.0182, R² (last) = 0.0001
  x                   : R² (all) = 1.0000, R² (last) = 1.0000
  y                   : R² (all) = 1.0000, R² (last) = 1.0000

block_0_attn_output:
  F_magnitude         : R² (all) = 0.4048, R² (last) = 0.4823
  F_direction_x       : R² (all) = 0.8878, R² (last) = 0.9374
  F_direction_y       : R² (all) = 0.8133, R² (last) = 0.8637
  Fx                  : R² (all) = 0.3261, R² (last) = 0.5260
  Fy                  : R² (all) = 0.1734, R² (last) = 0.2708
  r                   : R² (all) = 0.8040, R² (last) = 0.8331
  inv_r               : R² (all) = 0.7275, R² (last) = 0.7795
  r_squared           : R² (all) = 0.6661, R² (last) = 0.7227
  inv_r_squared       : R² (all) = 0.4048, R² (last) = 0.4823
  inv_r_cubed         : R² (all) = 0.1604, R² (last) = 0.2237
  x                   : R² (all) = 0.7967, R² (last) = 0.8592
  y                   : R² (all) = 0.7771, R² (last) = 0.8092

block_0_after_attn_merge:
  F_magnitude         : R² (all) = 0.4875, R² (last) = 0.5817
  F_direction_x       : R² (all) = 0.9849, R² (last) = 0.9925
  F_direction_y       : R² (all) = 0.9778, R² (last) = 0.9855
  Fx                  : R² (all) = 0.3518, R² (last) = 0.6204
  Fy                  : R² (all) = 0.2623, R² (last) = 0.3497
  r                   : R² (all) = 0.8611, R² (last) = 0.9546
  inv_r               : R² (all) = 0.8272, R² (last) = 0.8793
  r_squared           : R² (all) = 0.7114, R² (last) = 0.8674
  inv_r_squared       : R² (all) = 0.4875, R² (last) = 0.5817
  inv_r_cubed         : R² (all) = 0.2071, R² (last) = 0.2986
  x                   : R² (all) = 0.9437, R² (last) = 0.9670
  y                   : R² (all) = 0.9375, R² (last) = 0.9512

block_0_mlp_hidden:
  F_magnitude         : R² (all) = 0.6958, R² (last) = 0.8702
  F_direction_x       : R² (all) = 0.9957, R² (last) = 0.9996
  F_direction_y       : R² (all) = 0.9933, R² (last) = 0.9988
  Fx                  : R² (all) = 0.5751, R² (last) = 0.9085
  Fy                  : R² (all) = 0.4837, R² (last) = 0.7425
  r                   : R² (all) = 0.9401, R² (last) = 0.9971
  inv_r               : R² (all) = 0.9177, R² (last) = 0.9768
  r_squared           : R² (all) = 0.8526, R² (last) = 0.9860
  inv_r_squared       : R² (all) = 0.6958, R² (last) = 0.8702
  inv_r_cubed         : R² (all) = 0.4226, R² (last) = 0.7045
  x                   : R² (all) = 0.9850, R² (last) = 0.9987
  y                   : R² (all) = 0.9866, R² (last) = 0.9985

block_0_mlp_output:
  F_magnitude         : R² (all) = 0.4947, R² (last) = 0.6978
  F_direction_x       : R² (all) = 0.9878, R² (last) = 0.9975
  F_direction_y       : R² (all) = 0.9825, R² (last) = 0.9961
  Fx                  : R² (all) = 0.3995, R² (last) = 0.7467
  Fy                  : R² (all) = 0.3264, R² (last) = 0.5358
  r                   : R² (all) = 0.8520, R² (last) = 0.9705
  inv_r               : R² (all) = 0.8259, R² (last) = 0.9250
  r_squared           : R² (all) = 0.7017, R² (last) = 0.9085
  inv_r_squared       : R² (all) = 0.4947, R² (last) = 0.6978
  inv_r_cubed         : R² (all) = 0.2175, R² (last) = 0.4548
  x                   : R² (all) = 0.9497, R² (last) = 0.9936
  y                   : R² (all) = 0.9535, R² (last) = 0.9916

block_0_after_mlp_merge:
  F_magnitude         : R² (all) = 0.4560, R² (last) = 0.6518
  F_direction_x       : R² (all) = 0.9885, R² (last) = 0.9961
  F_direction_y       : R² (all) = 0.9825, R² (last) = 0.9938
  Fx                  : R² (all) = 0.4115, R² (last) = 0.7041
  Fy                  : R² (all) = 0.3121, R² (last) = 0.4614
  r                   : R² (all) = 0.8490, R² (last) = 0.9761
  inv_r               : R² (all) = 0.8005, R² (last) = 0.9154
  r_squared           : R² (all) = 0.7036, R² (last) = 0.9271
  inv_r_squared       : R² (all) = 0.4560, R² (last) = 0.6518
  inv_r_cubed         : R² (all) = 0.1818, R² (last) = 0.3562
  x                   : R² (all) = 0.9997, R² (last) = 1.0000
  y                   : R² (all) = 0.9997, R² (last) = 1.0000

block_1_attn_output:
  F_magnitude         : R² (all) = 0.3849, R² (last) = 0.4130
  F_direction_x       : R² (all) = 0.9309, R² (last) = 0.9571
  F_direction_y       : R² (all) = 0.8938, R² (last) = 0.9343
  Fx                  : R² (all) = 0.3398, R² (last) = 0.5080
  Fy                  : R² (all) = 0.2075, R² (last) = 0.3042
  r                   : R² (all) = 0.8668, R² (last) = 0.9030
  inv_r               : R² (all) = 0.7299, R² (last) = 0.7577
  r_squared           : R² (all) = 0.7445, R² (last) = 0.8117
  inv_r_squared       : R² (all) = 0.3849, R² (last) = 0.4130
  inv_r_cubed         : R² (all) = 0.1429, R² (last) = 0.1619
  x                   : R² (all) = 0.9617, R² (last) = 0.9771
  y                   : R² (all) = 0.9575, R² (last) = 0.9753

block_1_after_attn_merge:
  F_magnitude         : R² (all) = 0.2916, R² (last) = 0.5606
  F_direction_x       : R² (all) = 0.9690, R² (last) = 0.9863
  F_direction_y       : R² (all) = 0.9558, R² (last) = 0.9778
  Fx                  : R² (all) = 0.3530, R² (last) = 0.6191
  Fy                  : R² (all) = 0.2667, R² (last) = 0.4387
  r                   : R² (all) = 0.9189, R² (last) = 0.9760
  inv_r               : R² (all) = 0.6330, R² (last) = 0.8439
  r_squared           : R² (all) = 0.8505, R² (last) = 0.9531
  inv_r_squared       : R² (all) = 0.2916, R² (last) = 0.5606
  inv_r_cubed         : R² (all) = 0.0935, R² (last) = 0.3212
  x                   : R² (all) = 0.9925, R² (last) = 0.9976
  y                   : R² (all) = 0.9920, R² (last) = 0.9971

block_1_mlp_hidden:
  F_magnitude         : R² (all) = 0.5069, R² (last) = 0.8619
  F_direction_x       : R² (all) = 0.9864, R² (last) = 0.9974
  F_direction_y       : R² (all) = 0.9789, R² (last) = 0.9938
  Fx                  : R² (all) = 0.4665, R² (last) = 0.7922
  Fy                  : R² (all) = 0.3670, R² (last) = 0.7581
  r                   : R² (all) = 0.9831, R² (last) = 0.9989
  inv_r               : R² (all) = 0.8105, R² (last) = 0.9609
  r_squared           : R² (all) = 0.9860, R² (last) = 0.9990
  inv_r_squared       : R² (all) = 0.5069, R² (last) = 0.8619
  inv_r_cubed         : R² (all) = 0.2359, R² (last) = 0.7602
  x                   : R² (all) = 0.9975, R² (last) = 0.9998
  y                   : R² (all) = 0.9982, R² (last) = 0.9998

block_1_mlp_output:
  F_magnitude         : R² (all) = 0.3497, R² (last) = 0.5494
  F_direction_x       : R² (all) = 0.9721, R² (last) = 0.9883
  F_direction_y       : R² (all) = 0.9576, R² (last) = 0.9783
  Fx                  : R² (all) = 0.3578, R² (last) = 0.5901
  Fy                  : R² (all) = 0.2642, R² (last) = 0.4184
  r                   : R² (all) = 0.9450, R² (last) = 0.9814
  inv_r               : R² (all) = 0.6761, R² (last) = 0.8210
  r_squared           : R² (all) = 0.9442, R² (last) = 0.9840
  inv_r_squared       : R² (all) = 0.3497, R² (last) = 0.5494
  inv_r_cubed         : R² (all) = 0.1288, R² (last) = 0.3301
  x                   : R² (all) = 0.9924, R² (last) = 0.9977
  y                   : R² (all) = 0.9932, R² (last) = 0.9984

block_1_after_mlp_merge:
  F_magnitude         : R² (all) = 0.4120, R² (last) = 0.6134
  F_direction_x       : R² (all) = 0.9864, R² (last) = 0.9958
  F_direction_y       : R² (all) = 0.9734, R² (last) = 0.9937
  Fx                  : R² (all) = 0.4496, R² (last) = 0.7070
  Fy                  : R² (all) = 0.3150, R² (last) = 0.4994
  r                   : R² (all) = 0.8824, R² (last) = 0.9695
  inv_r               : R² (all) = 0.7458, R² (last) = 0.8752
  r_squared           : R² (all) = 0.7775, R² (last) = 0.9259
  inv_r_squared       : R² (all) = 0.4120, R² (last) = 0.6134
  inv_r_cubed         : R² (all) = 0.1652, R² (last) = 0.3733
  x                   : R² (all) = 0.9960, R² (last) = 0.9997
  y                   : R² (all) = 0.9976, R² (last) = 0.9996

after_ln_f:
  F_magnitude         : R² (all) = 0.3337, R² (last) = 0.5411
  F_direction_x       : R² (all) = 0.9791, R² (last) = 0.9939
  F_direction_y       : R² (all) = 0.9577, R² (last) = 0.9896
  Fx                  : R² (all) = 0.3963, R² (last) = 0.6694
  Fy                  : R² (all) = 0.2708, R² (last) = 0.4671
  r                   : R² (all) = 0.8959, R² (last) = 0.9764
  inv_r               : R² (all) = 0.6682, R² (last) = 0.8321
  r_squared           : R² (all) = 0.8212, R² (last) = 0.9492
  inv_r_squared       : R² (all) = 0.3337, R² (last) = 0.5411
  inv_r_cubed         : R² (all) = 0.1183, R² (last) = 0.3078
  x                   : R² (all) = 0.9969, R² (last) = 0.9992
  y                   : R² (all) = 0.9974, R² (last) = 0.9990
Evaluating on 500 trajectories...
Conditioning length: 50, Generating 50 more steps per trajectory...

Error Statistics (aggregated across all 500 trajectories):
Mean position error: 0.420043 ± 0.398297
Max position error: 2.782705
R² scores:
  X coordinate: 0.686388 ± 0.404856
  Y coordinate: 0.669749 ± 0.447244
Evaluating on 500 trajectories...
Conditioning length: 50, Generating 50 more steps per trajectory...

Error Statistics (aggregated across all 500 trajectories):
Mean position error: 0.418313 ± 0.391786
Max position error: 2.788253
R² scores:
  X coordinate: 0.659714 ± 0.462157
  Y coordinate: 0.648520 ± 0.497829
Evaluation at step 1001 completed.

Step 1100, Total Train Loss: 0.010542, Prediction Loss: 0.009910, Test Loss: 0.001901, Attention Entropy: 0.0632, Entropy Reg Loss: 0.000632, Entropy Reg Active: True, GPU Memory: 0.000 GB

Evaluating at step 1101...
Activations collected:
  input_embed: torch.Size([1000, 99, 32])
  after_pos_emb: torch.Size([1000, 99, 32])
  block_0_attn_output: torch.Size([1000, 99, 32])
  block_0_after_attn_merge: torch.Size([1000, 99, 32])
  block_0_mlp_hidden: torch.Size([1000, 99, 128])
  block_0_mlp_output: torch.Size([1000, 99, 32])
  block_0_after_mlp_merge: torch.Size([1000, 99, 32])
  block_1_attn_output: torch.Size([1000, 99, 32])
  block_1_after_attn_merge: torch.Size([1000, 99, 32])
  block_1_mlp_hidden: torch.Size([1000, 99, 128])
  block_1_mlp_output: torch.Size([1000, 99, 32])
  block_1_after_mlp_merge: torch.Size([1000, 99, 32])
  after_ln_f: torch.Size([1000, 99, 32])

Linear Probe Results (R² scores):
================================================================================

input_embed:
  F_magnitude         : R² (all) = 0.0003, R² (last) = 0.0006
  F_direction_x       : R² (all) = 0.8261, R² (last) = 0.8319
  F_direction_y       : R² (all) = 0.8278, R² (last) = 0.8303
  Fx                  : R² (all) = 0.0578, R² (last) = 0.0580
  Fy                  : R² (all) = 0.0595, R² (last) = 0.0847
  r                   : R² (all) = 0.0027, R² (last) = 0.0040
  inv_r               : R² (all) = 0.0009, R² (last) = 0.0016
  r_squared           : R² (all) = 0.0032, R² (last) = 0.0048
  inv_r_squared       : R² (all) = 0.0003, R² (last) = 0.0006
  inv_r_cubed         : R² (all) = 0.0000, R² (last) = 0.0001
  x                   : R² (all) = 1.0000, R² (last) = 1.0000
  y                   : R² (all) = 1.0000, R² (last) = 1.0000

after_pos_emb:
  F_magnitude         : R² (all) = 0.0304, R² (last) = 0.0005
  F_direction_x       : R² (all) = 0.8261, R² (last) = 0.8319
  F_direction_y       : R² (all) = 0.8278, R² (last) = 0.8303
  Fx                  : R² (all) = 0.0580, R² (last) = 0.0579
  Fy                  : R² (all) = 0.0599, R² (last) = 0.0846
  r                   : R² (all) = 0.0629, R² (last) = 0.0040
  inv_r               : R² (all) = 0.0439, R² (last) = 0.0014
  r_squared           : R² (all) = 0.0704, R² (last) = 0.0049
  inv_r_squared       : R² (all) = 0.0304, R² (last) = 0.0005
  inv_r_cubed         : R² (all) = 0.0164, R² (last) = 0.0001
  x                   : R² (all) = 1.0000, R² (last) = 1.0000
  y                   : R² (all) = 1.0000, R² (last) = 1.0000

block_0_attn_output:
  F_magnitude         : R² (all) = 0.3568, R² (last) = 0.4694
  F_direction_x       : R² (all) = 0.8888, R² (last) = 0.9338
  F_direction_y       : R² (all) = 0.8066, R² (last) = 0.8554
  Fx                  : R² (all) = 0.3017, R² (last) = 0.4507
  Fy                  : R² (all) = 0.1496, R² (last) = 0.3069
  r                   : R² (all) = 0.7958, R² (last) = 0.8308
  inv_r               : R² (all) = 0.7018, R² (last) = 0.7492
  r_squared           : R² (all) = 0.6541, R² (last) = 0.7151
  inv_r_squared       : R² (all) = 0.3568, R² (last) = 0.4694
  inv_r_cubed         : R² (all) = 0.1208, R² (last) = 0.2430
  x                   : R² (all) = 0.7945, R² (last) = 0.8533
  y                   : R² (all) = 0.7715, R² (last) = 0.8119

block_0_after_attn_merge:
  F_magnitude         : R² (all) = 0.4414, R² (last) = 0.5933
  F_direction_x       : R² (all) = 0.9845, R² (last) = 0.9917
  F_direction_y       : R² (all) = 0.9768, R² (last) = 0.9836
  Fx                  : R² (all) = 0.3293, R² (last) = 0.5385
  Fy                  : R² (all) = 0.2244, R² (last) = 0.4063
  r                   : R² (all) = 0.8632, R² (last) = 0.9549
  inv_r               : R² (all) = 0.8088, R² (last) = 0.8649
  r_squared           : R² (all) = 0.7104, R² (last) = 0.8624
  inv_r_squared       : R² (all) = 0.4414, R² (last) = 0.5934
  inv_r_cubed         : R² (all) = 0.1655, R² (last) = 0.3470
  x                   : R² (all) = 0.9418, R² (last) = 0.9661
  y                   : R² (all) = 0.9379, R² (last) = 0.9505

block_0_mlp_hidden:
  F_magnitude         : R² (all) = 0.6452, R² (last) = 0.9109
  F_direction_x       : R² (all) = 0.9954, R² (last) = 0.9993
  F_direction_y       : R² (all) = 0.9928, R² (last) = 0.9989
  Fx                  : R² (all) = 0.5374, R² (last) = 0.8738
  Fy                  : R² (all) = 0.4270, R² (last) = 0.8439
  r                   : R² (all) = 0.9391, R² (last) = 0.9970
  inv_r               : R² (all) = 0.9066, R² (last) = 0.9802
  r_squared           : R² (all) = 0.8479, R² (last) = 0.9855
  inv_r_squared       : R² (all) = 0.6452, R² (last) = 0.9109
  inv_r_cubed         : R² (all) = 0.3477, R² (last) = 0.8107
  x                   : R² (all) = 0.9837, R² (last) = 0.9988
  y                   : R² (all) = 0.9863, R² (last) = 0.9985

block_0_mlp_output:
  F_magnitude         : R² (all) = 0.4454, R² (last) = 0.7333
  F_direction_x       : R² (all) = 0.9872, R² (last) = 0.9964
  F_direction_y       : R² (all) = 0.9816, R² (last) = 0.9950
  Fx                  : R² (all) = 0.3707, R² (last) = 0.6960
  Fy                  : R² (all) = 0.2835, R² (last) = 0.5875
  r                   : R² (all) = 0.8512, R² (last) = 0.9685
  inv_r               : R² (all) = 0.8069, R² (last) = 0.9244
  r_squared           : R² (all) = 0.6952, R² (last) = 0.9013
  inv_r_squared       : R² (all) = 0.4454, R² (last) = 0.7333
  inv_r_cubed         : R² (all) = 0.1709, R² (last) = 0.5270
  x                   : R² (all) = 0.9476, R² (last) = 0.9938
  y                   : R² (all) = 0.9528, R² (last) = 0.9913

block_0_after_mlp_merge:
  F_magnitude         : R² (all) = 0.4102, R² (last) = 0.7256
  F_direction_x       : R² (all) = 0.9880, R² (last) = 0.9950
  F_direction_y       : R² (all) = 0.9817, R² (last) = 0.9927
  Fx                  : R² (all) = 0.3821, R² (last) = 0.6222
  Fy                  : R² (all) = 0.2649, R² (last) = 0.5495
  r                   : R² (all) = 0.8473, R² (last) = 0.9765
  inv_r               : R² (all) = 0.7817, R² (last) = 0.9222
  r_squared           : R² (all) = 0.6985, R² (last) = 0.9258
  inv_r_squared       : R² (all) = 0.4102, R² (last) = 0.7256
  inv_r_cubed         : R² (all) = 0.1421, R² (last) = 0.5026
  x                   : R² (all) = 0.9997, R² (last) = 1.0000
  y                   : R² (all) = 0.9997, R² (last) = 1.0000

block_1_attn_output:
  F_magnitude         : R² (all) = 0.3471, R² (last) = 0.4950
  F_direction_x       : R² (all) = 0.9296, R² (last) = 0.9495
  F_direction_y       : R² (all) = 0.8840, R² (last) = 0.9283
  Fx                  : R² (all) = 0.3183, R² (last) = 0.4979
  Fy                  : R² (all) = 0.1699, R² (last) = 0.3846
  r                   : R² (all) = 0.8651, R² (last) = 0.9144
  inv_r               : R² (all) = 0.7119, R² (last) = 0.7710
  r_squared           : R² (all) = 0.7387, R² (last) = 0.8252
  inv_r_squared       : R² (all) = 0.3471, R² (last) = 0.4950
  inv_r_cubed         : R² (all) = 0.1128, R² (last) = 0.2904
  x                   : R² (all) = 0.9623, R² (last) = 0.9792
  y                   : R² (all) = 0.9559, R² (last) = 0.9759

block_1_after_attn_merge:
  F_magnitude         : R² (all) = 0.2630, R² (last) = 0.5909
  F_direction_x       : R² (all) = 0.9676, R² (last) = 0.9860
  F_direction_y       : R² (all) = 0.9528, R² (last) = 0.9762
  Fx                  : R² (all) = 0.3271, R² (last) = 0.5610
  Fy                  : R² (all) = 0.2202, R² (last) = 0.4892
  r                   : R² (all) = 0.9145, R² (last) = 0.9736
  inv_r               : R² (all) = 0.6174, R² (last) = 0.8366
  r_squared           : R² (all) = 0.8415, R² (last) = 0.9498
  inv_r_squared       : R² (all) = 0.2630, R² (last) = 0.5909
  inv_r_cubed         : R² (all) = 0.0738, R² (last) = 0.3646
  x                   : R² (all) = 0.9917, R² (last) = 0.9973
  y                   : R² (all) = 0.9918, R² (last) = 0.9968

block_1_mlp_hidden:
  F_magnitude         : R² (all) = 0.4623, R² (last) = 0.8408
  F_direction_x       : R² (all) = 0.9858, R² (last) = 0.9962
  F_direction_y       : R² (all) = 0.9769, R² (last) = 0.9935
  Fx                  : R² (all) = 0.4374, R² (last) = 0.7658
  Fy                  : R² (all) = 0.3093, R² (last) = 0.7298
  r                   : R² (all) = 0.9828, R² (last) = 0.9988
  inv_r               : R² (all) = 0.7959, R² (last) = 0.9546
  r_squared           : R² (all) = 0.9852, R² (last) = 0.9989
  inv_r_squared       : R² (all) = 0.4623, R² (last) = 0.8407
  inv_r_cubed         : R² (all) = 0.1866, R² (last) = 0.6900
  x                   : R² (all) = 0.9973, R² (last) = 0.9998
  y                   : R² (all) = 0.9979, R² (last) = 0.9998

block_1_mlp_output:
  F_magnitude         : R² (all) = 0.3167, R² (last) = 0.5680
  F_direction_x       : R² (all) = 0.9707, R² (last) = 0.9867
  F_direction_y       : R² (all) = 0.9544, R² (last) = 0.9780
  Fx                  : R² (all) = 0.3298, R² (last) = 0.5448
  Fy                  : R² (all) = 0.2183, R² (last) = 0.4967
  r                   : R² (all) = 0.9441, R² (last) = 0.9825
  inv_r               : R² (all) = 0.6612, R² (last) = 0.8203
  r_squared           : R² (all) = 0.9422, R² (last) = 0.9844
  inv_r_squared       : R² (all) = 0.3167, R² (last) = 0.5680
  inv_r_cubed         : R² (all) = 0.1013, R² (last) = 0.3389
  x                   : R² (all) = 0.9917, R² (last) = 0.9979
  y                   : R² (all) = 0.9929, R² (last) = 0.9983

block_1_after_mlp_merge:
  F_magnitude         : R² (all) = 0.3728, R² (last) = 0.6833
  F_direction_x       : R² (all) = 0.9853, R² (last) = 0.9950
  F_direction_y       : R² (all) = 0.9706, R² (last) = 0.9926
  Fx                  : R² (all) = 0.4142, R² (last) = 0.6726
  Fy                  : R² (all) = 0.2636, R² (last) = 0.5941
  r                   : R² (all) = 0.8740, R² (last) = 0.9688
  inv_r               : R² (all) = 0.7283, R² (last) = 0.8846
  r_squared           : R² (all) = 0.7625, R² (last) = 0.9215
  inv_r_squared       : R² (all) = 0.3728, R² (last) = 0.6833
  inv_r_cubed         : R² (all) = 0.1299, R² (last) = 0.4740
  x                   : R² (all) = 0.9960, R² (last) = 0.9997
  y                   : R² (all) = 0.9974, R² (last) = 0.9997

after_ln_f:
  F_magnitude         : R² (all) = 0.3015, R² (last) = 0.6168
  F_direction_x       : R² (all) = 0.9778, R² (last) = 0.9927
  F_direction_y       : R² (all) = 0.9538, R² (last) = 0.9884
  Fx                  : R² (all) = 0.3655, R² (last) = 0.6279
  Fy                  : R² (all) = 0.2226, R² (last) = 0.5452
  r                   : R² (all) = 0.8895, R² (last) = 0.9769
  inv_r               : R² (all) = 0.6532, R² (last) = 0.8435
  r_squared           : R² (all) = 0.8080, R² (last) = 0.9513
  inv_r_squared       : R² (all) = 0.3015, R² (last) = 0.6168
  inv_r_cubed         : R² (all) = 0.0925, R² (last) = 0.4067
  x                   : R² (all) = 0.9969, R² (last) = 0.9993
  y                   : R² (all) = 0.9971, R² (last) = 0.9991
Evaluating on 500 trajectories...
Conditioning length: 50, Generating 50 more steps per trajectory...

Error Statistics (aggregated across all 500 trajectories):
Mean position error: 0.421692 ± 0.409480
Max position error: 2.974141
R² scores:
  X coordinate: 0.646324 ± 0.455638
  Y coordinate: 0.643484 ± 0.455103
Evaluating on 500 trajectories...
Conditioning length: 50, Generating 50 more steps per trajectory...

Error Statistics (aggregated across all 500 trajectories):
Mean position error: 0.384043 ± 0.365367
Max position error: 2.858628
R² scores:
  X coordinate: 0.688443 ± 0.428295
  Y coordinate: 0.687850 ± 0.436809
Evaluation at step 1101 completed.

Step 1200, Total Train Loss: 0.010274, Prediction Loss: 0.009622, Test Loss: 0.001851, Attention Entropy: 0.0652, Entropy Reg Loss: 0.000652, Entropy Reg Active: True, GPU Memory: 0.000 GB

Evaluating at step 1201...
Activations collected:
  input_embed: torch.Size([1000, 99, 32])
  after_pos_emb: torch.Size([1000, 99, 32])
  block_0_attn_output: torch.Size([1000, 99, 32])
  block_0_after_attn_merge: torch.Size([1000, 99, 32])
  block_0_mlp_hidden: torch.Size([1000, 99, 128])
  block_0_mlp_output: torch.Size([1000, 99, 32])
  block_0_after_mlp_merge: torch.Size([1000, 99, 32])
  block_1_attn_output: torch.Size([1000, 99, 32])
  block_1_after_attn_merge: torch.Size([1000, 99, 32])
  block_1_mlp_hidden: torch.Size([1000, 99, 128])
  block_1_mlp_output: torch.Size([1000, 99, 32])
  block_1_after_mlp_merge: torch.Size([1000, 99, 32])
  after_ln_f: torch.Size([1000, 99, 32])

Linear Probe Results (R² scores):
================================================================================

input_embed:
  F_magnitude         : R² (all) = 0.0003, R² (last) = 0.0002
  F_direction_x       : R² (all) = 0.8302, R² (last) = 0.8288
  F_direction_y       : R² (all) = 0.8302, R² (last) = 0.8384
  Fx                  : R² (all) = 0.0608, R² (last) = 0.0620
  Fy                  : R² (all) = 0.0615, R² (last) = 0.0824
  r                   : R² (all) = 0.0017, R² (last) = 0.0045
  inv_r               : R² (all) = 0.0008, R² (last) = 0.0008
  r_squared           : R² (all) = 0.0019, R² (last) = 0.0079
  inv_r_squared       : R² (all) = 0.0003, R² (last) = 0.0002
  inv_r_cubed         : R² (all) = 0.0001, R² (last) = 0.0000
  x                   : R² (all) = 1.0000, R² (last) = 1.0000
  y                   : R² (all) = 1.0000, R² (last) = 1.0000

after_pos_emb:
  F_magnitude         : R² (all) = 0.0339, R² (last) = 0.0002
  F_direction_x       : R² (all) = 0.8303, R² (last) = 0.8288
  F_direction_y       : R² (all) = 0.8302, R² (last) = 0.8384
  Fx                  : R² (all) = 0.0611, R² (last) = 0.0620
  Fy                  : R² (all) = 0.0616, R² (last) = 0.0824
  r                   : R² (all) = 0.0672, R² (last) = 0.0047
  inv_r               : R² (all) = 0.0488, R² (last) = 0.0008
  r_squared           : R² (all) = 0.0733, R² (last) = 0.0081
  inv_r_squared       : R² (all) = 0.0339, R² (last) = 0.0002
  inv_r_cubed         : R² (all) = 0.0190, R² (last) = 0.0000
  x                   : R² (all) = 1.0000, R² (last) = 1.0000
  y                   : R² (all) = 1.0000, R² (last) = 1.0000

block_0_attn_output:
  F_magnitude         : R² (all) = 0.3616, R² (last) = 0.5066
  F_direction_x       : R² (all) = 0.8877, R² (last) = 0.9367
  F_direction_y       : R² (all) = 0.8125, R² (last) = 0.8762
  Fx                  : R² (all) = 0.3022, R² (last) = 0.4956
  Fy                  : R² (all) = 0.1544, R² (last) = 0.3528
  r                   : R² (all) = 0.7880, R² (last) = 0.8332
  inv_r               : R² (all) = 0.6981, R² (last) = 0.7556
  r_squared           : R² (all) = 0.6469, R² (last) = 0.7153
  inv_r_squared       : R² (all) = 0.3616, R² (last) = 0.5066
  inv_r_cubed         : R² (all) = 0.1329, R² (last) = 0.3153
  x                   : R² (all) = 0.7925, R² (last) = 0.8646
  y                   : R² (all) = 0.7734, R² (last) = 0.8207

block_0_after_attn_merge:
  F_magnitude         : R² (all) = 0.4494, R² (last) = 0.6484
  F_direction_x       : R² (all) = 0.9851, R² (last) = 0.9913
  F_direction_y       : R² (all) = 0.9783, R² (last) = 0.9864
  Fx                  : R² (all) = 0.3278, R² (last) = 0.6209
  Fy                  : R² (all) = 0.2349, R² (last) = 0.4728
  r                   : R² (all) = 0.8517, R² (last) = 0.9517
  inv_r               : R² (all) = 0.8123, R² (last) = 0.8792
  r_squared           : R² (all) = 0.6948, R² (last) = 0.8567
  inv_r_squared       : R² (all) = 0.4494, R² (last) = 0.6484
  inv_r_cubed         : R² (all) = 0.1773, R² (last) = 0.4522
  x                   : R² (all) = 0.9412, R² (last) = 0.9660
  y                   : R² (all) = 0.9370, R² (last) = 0.9521

block_0_mlp_hidden:
  F_magnitude         : R² (all) = 0.6531, R² (last) = 0.9376
  F_direction_x       : R² (all) = 0.9956, R² (last) = 0.9993
  F_direction_y       : R² (all) = 0.9933, R² (last) = 0.9990
  Fx                  : R² (all) = 0.5324, R² (last) = 0.9123
  Fy                  : R² (all) = 0.4465, R² (last) = 0.8681
  r                   : R² (all) = 0.9352, R² (last) = 0.9970
  inv_r               : R² (all) = 0.9085, R² (last) = 0.9853
  r_squared           : R² (all) = 0.8421, R² (last) = 0.9856
  inv_r_squared       : R² (all) = 0.6531, R² (last) = 0.9376
  inv_r_cubed         : R² (all) = 0.3701, R² (last) = 0.8718
  x                   : R² (all) = 0.9832, R² (last) = 0.9990
  y                   : R² (all) = 0.9857, R² (last) = 0.9983

block_0_mlp_output:
  F_magnitude         : R² (all) = 0.4531, R² (last) = 0.7763
  F_direction_x       : R² (all) = 0.9873, R² (last) = 0.9959
  F_direction_y       : R² (all) = 0.9826, R² (last) = 0.9957
  Fx                  : R² (all) = 0.3644, R² (last) = 0.7082
  Fy                  : R² (all) = 0.2905, R² (last) = 0.6134
  r                   : R² (all) = 0.8423, R² (last) = 0.9652
  inv_r               : R² (all) = 0.8113, R² (last) = 0.9363
  r_squared           : R² (all) = 0.6839, R² (last) = 0.8935
  inv_r_squared       : R² (all) = 0.4531, R² (last) = 0.7763
  inv_r_cubed         : R² (all) = 0.1814, R² (last) = 0.6088
  x                   : R² (all) = 0.9465, R² (last) = 0.9933
  y                   : R² (all) = 0.9519, R² (last) = 0.9911

block_0_after_mlp_merge:
  F_magnitude         : R² (all) = 0.4180, R² (last) = 0.7477
  F_direction_x       : R² (all) = 0.9884, R² (last) = 0.9950
  F_direction_y       : R² (all) = 0.9827, R² (last) = 0.9938
  Fx                  : R² (all) = 0.3806, R² (last) = 0.6740
  Fy                  : R² (all) = 0.2773, R² (last) = 0.5897
  r                   : R² (all) = 0.8385, R² (last) = 0.9767
  inv_r               : R² (all) = 0.7848, R² (last) = 0.9281
  r_squared           : R² (all) = 0.6868, R² (last) = 0.9291
  inv_r_squared       : R² (all) = 0.4180, R² (last) = 0.7477
  inv_r_cubed         : R² (all) = 0.1534, R² (last) = 0.5525
  x                   : R² (all) = 0.9997, R² (last) = 1.0000
  y                   : R² (all) = 0.9997, R² (last) = 1.0000

block_1_attn_output:
  F_magnitude         : R² (all) = 0.3463, R² (last) = 0.4302
  F_direction_x       : R² (all) = 0.9305, R² (last) = 0.9351
  F_direction_y       : R² (all) = 0.8859, R² (last) = 0.9201
  Fx                  : R² (all) = 0.3141, R² (last) = 0.3968
  Fy                  : R² (all) = 0.1657, R² (last) = 0.2802
  r                   : R² (all) = 0.8559, R² (last) = 0.8977
  inv_r               : R² (all) = 0.7070, R² (last) = 0.7252
  r_squared           : R² (all) = 0.7299, R² (last) = 0.8098
  inv_r_squared       : R² (all) = 0.3463, R² (last) = 0.4302
  inv_r_cubed         : R² (all) = 0.1168, R² (last) = 0.2246
  x                   : R² (all) = 0.9613, R² (last) = 0.9731
  y                   : R² (all) = 0.9565, R² (last) = 0.9738

block_1_after_attn_merge:
  F_magnitude         : R² (all) = 0.2665, R² (last) = 0.6610
  F_direction_x       : R² (all) = 0.9683, R² (last) = 0.9849
  F_direction_y       : R² (all) = 0.9551, R² (last) = 0.9771
  Fx                  : R² (all) = 0.3264, R² (last) = 0.6135
  Fy                  : R² (all) = 0.2320, R² (last) = 0.5535
  r                   : R² (all) = 0.9121, R² (last) = 0.9715
  inv_r               : R² (all) = 0.6193, R² (last) = 0.8552
  r_squared           : R² (all) = 0.8387, R² (last) = 0.9499
  inv_r_squared       : R² (all) = 0.2665, R² (last) = 0.6610
  inv_r_cubed         : R² (all) = 0.0783, R² (last) = 0.5007
  x                   : R² (all) = 0.9916, R² (last) = 0.9975
  y                   : R² (all) = 0.9919, R² (last) = 0.9969

block_1_mlp_hidden:
  F_magnitude         : R² (all) = 0.4670, R² (last) = 0.8980
  F_direction_x       : R² (all) = 0.9862, R² (last) = 0.9966
  F_direction_y       : R² (all) = 0.9783, R² (last) = 0.9943
  Fx                  : R² (all) = 0.4322, R² (last) = 0.8388
  Fy                  : R² (all) = 0.3276, R² (last) = 0.7816
  r                   : R² (all) = 0.9825, R² (last) = 0.9987
  inv_r               : R² (all) = 0.7973, R² (last) = 0.9663
  r_squared           : R² (all) = 0.9853, R² (last) = 0.9990
  inv_r_squared       : R² (all) = 0.4670, R² (last) = 0.8980
  inv_r_cubed         : R² (all) = 0.1969, R² (last) = 0.8223
  x                   : R² (all) = 0.9972, R² (last) = 0.9998
  y                   : R² (all) = 0.9980, R² (last) = 0.9998

block_1_mlp_output:
  F_magnitude         : R² (all) = 0.3198, R² (last) = 0.6710
  F_direction_x       : R² (all) = 0.9714, R² (last) = 0.9855
  F_direction_y       : R² (all) = 0.9569, R² (last) = 0.9773
  Fx                  : R² (all) = 0.3312, R² (last) = 0.5768
  Fy                  : R² (all) = 0.2298, R² (last) = 0.4915
  r                   : R² (all) = 0.9438, R² (last) = 0.9811
  inv_r               : R² (all) = 0.6626, R² (last) = 0.8529
  r_squared           : R² (all) = 0.9424, R² (last) = 0.9838
  inv_r_squared       : R² (all) = 0.3198, R² (last) = 0.6710
  inv_r_cubed         : R² (all) = 0.1067, R² (last) = 0.5123
  x                   : R² (all) = 0.9915, R² (last) = 0.9976
  y                   : R² (all) = 0.9930, R² (last) = 0.9982

block_1_after_mlp_merge:
  F_magnitude         : R² (all) = 0.3715, R² (last) = 0.7100
  F_direction_x       : R² (all) = 0.9857, R² (last) = 0.9942
  F_direction_y       : R² (all) = 0.9719, R² (last) = 0.9931
  Fx                  : R² (all) = 0.4135, R² (last) = 0.6732
  Fy                  : R² (all) = 0.2745, R² (last) = 0.6324
  r                   : R² (all) = 0.8693, R² (last) = 0.9644
  inv_r               : R² (all) = 0.7242, R² (last) = 0.8865
  r_squared           : R² (all) = 0.7579, R² (last) = 0.9150
  inv_r_squared       : R² (all) = 0.3715, R² (last) = 0.7100
  inv_r_cubed         : R² (all) = 0.1347, R² (last) = 0.5541
  x                   : R² (all) = 0.9960, R² (last) = 0.9997
  y                   : R² (all) = 0.9975, R² (last) = 0.9997

after_ln_f:
  F_magnitude         : R² (all) = 0.3018, R² (last) = 0.6555
  F_direction_x       : R² (all) = 0.9782, R² (last) = 0.9923
  F_direction_y       : R² (all) = 0.9561, R² (last) = 0.9888
  Fx                  : R² (all) = 0.3651, R² (last) = 0.6537
  Fy                  : R² (all) = 0.2336, R² (last) = 0.5859
  r                   : R² (all) = 0.8863, R² (last) = 0.9732
  inv_r               : R² (all) = 0.6515, R² (last) = 0.8515
  r_squared           : R² (all) = 0.8047, R² (last) = 0.9459
  inv_r_squared       : R² (all) = 0.3018, R² (last) = 0.6555
  inv_r_cubed         : R² (all) = 0.0962, R² (last) = 0.4985
  x                   : R² (all) = 0.9969, R² (last) = 0.9992
  y                   : R² (all) = 0.9973, R² (last) = 0.9990
Evaluating on 500 trajectories...
Conditioning length: 50, Generating 50 more steps per trajectory...

Error Statistics (aggregated across all 500 trajectories):
Mean position error: 0.393555 ± 0.380430
Max position error: 2.725404
R² scores:
  X coordinate: 0.659994 ± 0.458956
  Y coordinate: 0.640787 ± 0.475932
Evaluating on 500 trajectories...
Conditioning length: 50, Generating 50 more steps per trajectory...

Error Statistics (aggregated across all 500 trajectories):
Mean position error: 0.423439 ± 0.417320
Max position error: 3.312266
R² scores:
  X coordinate: 0.660381 ± 0.435403
  Y coordinate: 0.641175 ± 0.479419
Evaluation at step 1201 completed.

Step 1300, Total Train Loss: 0.010421, Prediction Loss: 0.009823, Test Loss: 0.001989, Attention Entropy: 0.0598, Entropy Reg Loss: 0.000598, Entropy Reg Active: True, GPU Memory: 0.000 GB

Evaluating at step 1301...
Activations collected:
  input_embed: torch.Size([1000, 99, 32])
  after_pos_emb: torch.Size([1000, 99, 32])
  block_0_attn_output: torch.Size([1000, 99, 32])
  block_0_after_attn_merge: torch.Size([1000, 99, 32])
  block_0_mlp_hidden: torch.Size([1000, 99, 128])
  block_0_mlp_output: torch.Size([1000, 99, 32])
  block_0_after_mlp_merge: torch.Size([1000, 99, 32])
  block_1_attn_output: torch.Size([1000, 99, 32])
  block_1_after_attn_merge: torch.Size([1000, 99, 32])
  block_1_mlp_hidden: torch.Size([1000, 99, 128])
  block_1_mlp_output: torch.Size([1000, 99, 32])
  block_1_after_mlp_merge: torch.Size([1000, 99, 32])
  after_ln_f: torch.Size([1000, 99, 32])

Linear Probe Results (R² scores):
================================================================================

input_embed:
  F_magnitude         : R² (all) = 0.0000, R² (last) = 0.0002
  F_direction_x       : R² (all) = 0.8293, R² (last) = 0.8269
  F_direction_y       : R² (all) = 0.8308, R² (last) = 0.8353
  Fx                  : R² (all) = 0.0665, R² (last) = 0.0896
  Fy                  : R² (all) = 0.0714, R² (last) = 0.1006
  r                   : R² (all) = 0.0003, R² (last) = 0.0016
  inv_r               : R² (all) = 0.0000, R² (last) = 0.0004
  r_squared           : R² (all) = 0.0008, R² (last) = 0.0024
  inv_r_squared       : R² (all) = 0.0000, R² (last) = 0.0002
  inv_r_cubed         : R² (all) = 0.0000, R² (last) = 0.0001
  x                   : R² (all) = 1.0000, R² (last) = 1.0000
  y                   : R² (all) = 1.0000, R² (last) = 1.0000

after_pos_emb:
  F_magnitude         : R² (all) = 0.0349, R² (last) = 0.0001
  F_direction_x       : R² (all) = 0.8294, R² (last) = 0.8269
  F_direction_y       : R² (all) = 0.8308, R² (last) = 0.8353
  Fx                  : R² (all) = 0.0669, R² (last) = 0.0896
  Fy                  : R² (all) = 0.0720, R² (last) = 0.1006
  r                   : R² (all) = 0.0600, R² (last) = 0.0010
  inv_r               : R² (all) = 0.0476, R² (last) = 0.0002
  r_squared           : R² (all) = 0.0637, R² (last) = 0.0015
  inv_r_squared       : R² (all) = 0.0349, R² (last) = 0.0002
  inv_r_cubed         : R² (all) = 0.0203, R² (last) = 0.0000
  x                   : R² (all) = 1.0000, R² (last) = 1.0000
  y                   : R² (all) = 1.0000, R² (last) = 1.0000

block_0_attn_output:
  F_magnitude         : R² (all) = 0.3876, R² (last) = 0.5940
  F_direction_x       : R² (all) = 0.8858, R² (last) = 0.9371
  F_direction_y       : R² (all) = 0.8058, R² (last) = 0.8686
  Fx                  : R² (all) = 0.3168, R² (last) = 0.6091
  Fy                  : R² (all) = 0.1812, R² (last) = 0.3830
  r                   : R² (all) = 0.7853, R² (last) = 0.8282
  inv_r               : R² (all) = 0.7065, R² (last) = 0.7921
  r_squared           : R² (all) = 0.6439, R² (last) = 0.7165
  inv_r_squared       : R² (all) = 0.3876, R² (last) = 0.5940
  inv_r_cubed         : R² (all) = 0.1475, R² (last) = 0.4013
  x                   : R² (all) = 0.7872, R² (last) = 0.8561
  y                   : R² (all) = 0.7655, R² (last) = 0.8103

block_0_after_attn_merge:
  F_magnitude         : R² (all) = 0.4816, R² (last) = 0.7146
  F_direction_x       : R² (all) = 0.9848, R² (last) = 0.9925
  F_direction_y       : R² (all) = 0.9781, R² (last) = 0.9855
  Fx                  : R² (all) = 0.3437, R² (last) = 0.6990
  Fy                  : R² (all) = 0.2657, R² (last) = 0.4928
  r                   : R² (all) = 0.8537, R² (last) = 0.9524
  inv_r               : R² (all) = 0.8204, R² (last) = 0.9042
  r_squared           : R² (all) = 0.6977, R² (last) = 0.8549
  inv_r_squared       : R² (all) = 0.4816, R² (last) = 0.7146
  inv_r_cubed         : R² (all) = 0.2003, R² (last) = 0.5145
  x                   : R² (all) = 0.9416, R² (last) = 0.9663
  y                   : R² (all) = 0.9386, R² (last) = 0.9500

block_0_mlp_hidden:
  F_magnitude         : R² (all) = 0.6847, R² (last) = 0.9512
  F_direction_x       : R² (all) = 0.9956, R² (last) = 0.9994
  F_direction_y       : R² (all) = 0.9933, R² (last) = 0.9991
  Fx                  : R² (all) = 0.5640, R² (last) = 0.9400
  Fy                  : R² (all) = 0.4879, R² (last) = 0.8742
  r                   : R² (all) = 0.9354, R² (last) = 0.9971
  inv_r               : R² (all) = 0.9157, R² (last) = 0.9891
  r_squared           : R² (all) = 0.8409, R² (last) = 0.9857
  inv_r_squared       : R² (all) = 0.6847, R² (last) = 0.9512
  inv_r_cubed         : R² (all) = 0.4000, R² (last) = 0.8822
  x                   : R² (all) = 0.9832, R² (last) = 0.9988
  y                   : R² (all) = 0.9858, R² (last) = 0.9984

block_0_mlp_output:
  F_magnitude         : R² (all) = 0.4843, R² (last) = 0.7938
  F_direction_x       : R² (all) = 0.9871, R² (last) = 0.9976
  F_direction_y       : R² (all) = 0.9823, R² (last) = 0.9960
  Fx                  : R² (all) = 0.3836, R² (last) = 0.8366
  Fy                  : R² (all) = 0.3260, R² (last) = 0.6639
  r                   : R² (all) = 0.8431, R² (last) = 0.9677
  inv_r               : R² (all) = 0.8177, R² (last) = 0.9421
  r_squared           : R² (all) = 0.6845, R² (last) = 0.8976
  inv_r_squared       : R² (all) = 0.4843, R² (last) = 0.7938
  inv_r_cubed         : R² (all) = 0.2059, R² (last) = 0.6057
  x                   : R² (all) = 0.9465, R² (last) = 0.9932
  y                   : R² (all) = 0.9518, R² (last) = 0.9909

block_0_after_mlp_merge:
  F_magnitude         : R² (all) = 0.4472, R² (last) = 0.8086
  F_direction_x       : R² (all) = 0.9883, R² (last) = 0.9961
  F_direction_y       : R² (all) = 0.9826, R² (last) = 0.9940
  Fx                  : R² (all) = 0.4044, R² (last) = 0.7840
  Fy                  : R² (all) = 0.3119, R² (last) = 0.6384
  r                   : R² (all) = 0.8375, R² (last) = 0.9762
  inv_r               : R² (all) = 0.7919, R² (last) = 0.9462
  r_squared           : R² (all) = 0.6855, R² (last) = 0.9266
  inv_r_squared       : R² (all) = 0.4472, R² (last) = 0.8086
  inv_r_cubed         : R² (all) = 0.1725, R² (last) = 0.6187
  x                   : R² (all) = 0.9997, R² (last) = 1.0000
  y                   : R² (all) = 0.9997, R² (last) = 1.0000

block_1_attn_output:
  F_magnitude         : R² (all) = 0.3771, R² (last) = 0.5302
  F_direction_x       : R² (all) = 0.9316, R² (last) = 0.9628
  F_direction_y       : R² (all) = 0.8850, R² (last) = 0.9285
  Fx                  : R² (all) = 0.3412, R² (last) = 0.6291
  Fy                  : R² (all) = 0.1928, R² (last) = 0.3684
  r                   : R² (all) = 0.8569, R² (last) = 0.8979
  inv_r               : R² (all) = 0.7218, R² (last) = 0.7839
  r_squared           : R² (all) = 0.7274, R² (last) = 0.7993
  inv_r_squared       : R² (all) = 0.3771, R² (last) = 0.5302
  inv_r_cubed         : R² (all) = 0.1343, R² (last) = 0.3026
  x                   : R² (all) = 0.9618, R² (last) = 0.9774
  y                   : R² (all) = 0.9555, R² (last) = 0.9760

block_1_after_attn_merge:
  F_magnitude         : R² (all) = 0.2911, R² (last) = 0.6694
  F_direction_x       : R² (all) = 0.9686, R² (last) = 0.9883
  F_direction_y       : R² (all) = 0.9549, R² (last) = 0.9774
  Fx                  : R² (all) = 0.3489, R² (last) = 0.7325
  Fy                  : R² (all) = 0.2582, R² (last) = 0.5353
  r                   : R² (all) = 0.9115, R² (last) = 0.9705
  inv_r               : R² (all) = 0.6296, R² (last) = 0.8633
  r_squared           : R² (all) = 0.8382, R² (last) = 0.9443
  inv_r_squared       : R² (all) = 0.2911, R² (last) = 0.6693
  inv_r_cubed         : R² (all) = 0.0917, R² (last) = 0.4655
  x                   : R² (all) = 0.9915, R² (last) = 0.9974
  y                   : R² (all) = 0.9922, R² (last) = 0.9967

block_1_mlp_hidden:
  F_magnitude         : R² (all) = 0.5044, R² (last) = 0.8871
  F_direction_x       : R² (all) = 0.9862, R² (last) = 0.9974
  F_direction_y       : R² (all) = 0.9778, R² (last) = 0.9936
  Fx                  : R² (all) = 0.4630, R² (last) = 0.8668
  Fy                  : R² (all) = 0.3565, R² (last) = 0.7439
  r                   : R² (all) = 0.9820, R² (last) = 0.9986
  inv_r               : R² (all) = 0.8083, R² (last) = 0.9626
  r_squared           : R² (all) = 0.9847, R² (last) = 0.9988
  inv_r_squared       : R² (all) = 0.5044, R² (last) = 0.8871
  inv_r_cubed         : R² (all) = 0.2279, R² (last) = 0.7890
  x                   : R² (all) = 0.9971, R² (last) = 0.9998
  y                   : R² (all) = 0.9980, R² (last) = 0.9998

block_1_mlp_output:
  F_magnitude         : R² (all) = 0.3479, R² (last) = 0.6625
  F_direction_x       : R² (all) = 0.9716, R² (last) = 0.9900
  F_direction_y       : R² (all) = 0.9565, R² (last) = 0.9784
  Fx                  : R² (all) = 0.3565, R² (last) = 0.7085
  Fy                  : R² (all) = 0.2568, R² (last) = 0.5267
  r                   : R² (all) = 0.9415, R² (last) = 0.9806
  inv_r               : R² (all) = 0.6718, R² (last) = 0.8482
  r_squared           : R² (all) = 0.9395, R² (last) = 0.9837
  inv_r_squared       : R² (all) = 0.3479, R² (last) = 0.6625
  inv_r_cubed         : R² (all) = 0.1249, R² (last) = 0.4691
  x                   : R² (all) = 0.9913, R² (last) = 0.9970
  y                   : R² (all) = 0.9929, R² (last) = 0.9981

block_1_after_mlp_merge:
  F_magnitude         : R² (all) = 0.4034, R² (last) = 0.7198
  F_direction_x       : R² (all) = 0.9855, R² (last) = 0.9959
  F_direction_y       : R² (all) = 0.9715, R² (last) = 0.9931
  Fx                  : R² (all) = 0.4383, R² (last) = 0.7944
  Fy                  : R² (all) = 0.3057, R² (last) = 0.6448
  r                   : R² (all) = 0.8704, R² (last) = 0.9615
  inv_r               : R² (all) = 0.7368, R² (last) = 0.8914
  r_squared           : R² (all) = 0.7578, R² (last) = 0.9092
  inv_r_squared       : R² (all) = 0.4034, R² (last) = 0.7198
  inv_r_cubed         : R² (all) = 0.1553, R² (last) = 0.5275
  x                   : R² (all) = 0.9958, R² (last) = 0.9997
  y                   : R² (all) = 0.9973, R² (last) = 0.9996

after_ln_f:
  F_magnitude         : R² (all) = 0.3295, R² (last) = 0.6533
  F_direction_x       : R² (all) = 0.9782, R² (last) = 0.9945
  F_direction_y       : R² (all) = 0.9550, R² (last) = 0.9883
  Fx                  : R² (all) = 0.3889, R² (last) = 0.7775
  Fy                  : R² (all) = 0.2593, R² (last) = 0.5960
  r                   : R² (all) = 0.8849, R² (last) = 0.9726
  inv_r               : R² (all) = 0.6623, R² (last) = 0.8506
  r_squared           : R² (all) = 0.8023, R² (last) = 0.9446
  inv_r_squared       : R² (all) = 0.3295, R² (last) = 0.6533
  inv_r_cubed         : R² (all) = 0.1127, R² (last) = 0.4547
  x                   : R² (all) = 0.9968, R² (last) = 0.9992
  y                   : R² (all) = 0.9970, R² (last) = 0.9990
Evaluating on 500 trajectories...
Conditioning length: 50, Generating 50 more steps per trajectory...

Error Statistics (aggregated across all 500 trajectories):
Mean position error: 0.465938 ± 0.418628
Max position error: 2.714725
R² scores:
  X coordinate: 0.584967 ± 0.465376
  Y coordinate: 0.566695 ± 0.482975
Evaluating on 500 trajectories...
Conditioning length: 50, Generating 50 more steps per trajectory...

Error Statistics (aggregated across all 500 trajectories):
Mean position error: 0.436310 ± 0.404243
Max position error: 3.068389
R² scores:
  X coordinate: 0.575822 ± 0.520340
  Y coordinate: 0.576742 ± 0.536766
Evaluation at step 1301 completed.

Step 1400, Total Train Loss: 0.010667, Prediction Loss: 0.010011, Test Loss: 0.001699, Attention Entropy: 0.0656, Entropy Reg Loss: 0.000656, Entropy Reg Active: True, GPU Memory: 0.000 GB

Evaluating at step 1401...
Activations collected:
  input_embed: torch.Size([1000, 99, 32])
  after_pos_emb: torch.Size([1000, 99, 32])
  block_0_attn_output: torch.Size([1000, 99, 32])
  block_0_after_attn_merge: torch.Size([1000, 99, 32])
  block_0_mlp_hidden: torch.Size([1000, 99, 128])
  block_0_mlp_output: torch.Size([1000, 99, 32])
  block_0_after_mlp_merge: torch.Size([1000, 99, 32])
  block_1_attn_output: torch.Size([1000, 99, 32])
  block_1_after_attn_merge: torch.Size([1000, 99, 32])
  block_1_mlp_hidden: torch.Size([1000, 99, 128])
  block_1_mlp_output: torch.Size([1000, 99, 32])
  block_1_after_mlp_merge: torch.Size([1000, 99, 32])
  after_ln_f: torch.Size([1000, 99, 32])

Linear Probe Results (R² scores):
================================================================================

input_embed:
  F_magnitude         : R² (all) = 0.0002, R² (last) = 0.0008
  F_direction_x       : R² (all) = 0.8370, R² (last) = 0.8386
  F_direction_y       : R² (all) = 0.8337, R² (last) = 0.8378
  Fx                  : R² (all) = 0.0599, R² (last) = 0.0831
  Fy                  : R² (all) = 0.0596, R² (last) = 0.1027
  r                   : R² (all) = 0.0011, R² (last) = 0.0054
  inv_r               : R² (all) = 0.0005, R² (last) = 0.0021
  r_squared           : R² (all) = 0.0012, R² (last) = 0.0070
  inv_r_squared       : R² (all) = 0.0002, R² (last) = 0.0008
  inv_r_cubed         : R² (all) = 0.0000, R² (last) = 0.0002
  x                   : R² (all) = 1.0000, R² (last) = 1.0000
  y                   : R² (all) = 1.0000, R² (last) = 1.0000

after_pos_emb:
  F_magnitude         : R² (all) = 0.0266, R² (last) = 0.0008
  F_direction_x       : R² (all) = 0.8370, R² (last) = 0.8386
  F_direction_y       : R² (all) = 0.8337, R² (last) = 0.8378
  Fx                  : R² (all) = 0.0601, R² (last) = 0.0831
  Fy                  : R² (all) = 0.0598, R² (last) = 0.1027
  r                   : R² (all) = 0.0623, R² (last) = 0.0054
  inv_r               : R² (all) = 0.0413, R² (last) = 0.0021
  r_squared           : R² (all) = 0.0696, R² (last) = 0.0069
  inv_r_squared       : R² (all) = 0.0266, R² (last) = 0.0008
  inv_r_cubed         : R² (all) = 0.0135, R² (last) = 0.0002
  x                   : R² (all) = 1.0000, R² (last) = 1.0000
  y                   : R² (all) = 1.0000, R² (last) = 1.0000

block_0_attn_output:
  F_magnitude         : R² (all) = 0.3408, R² (last) = 0.5162
  F_direction_x       : R² (all) = 0.8860, R² (last) = 0.9417
  F_direction_y       : R² (all) = 0.8064, R² (last) = 0.8613
  Fx                  : R² (all) = 0.2832, R² (last) = 0.4962
  Fy                  : R² (all) = 0.1539, R² (last) = 0.3929
  r                   : R² (all) = 0.7933, R² (last) = 0.8156
  inv_r               : R² (all) = 0.6908, R² (last) = 0.7824
  r_squared           : R² (all) = 0.6567, R² (last) = 0.7008
  inv_r_squared       : R² (all) = 0.3408, R² (last) = 0.5162
  inv_r_cubed         : R² (all) = 0.1129, R² (last) = 0.2666
  x                   : R² (all) = 0.7926, R² (last) = 0.8614
  y                   : R² (all) = 0.7727, R² (last) = 0.8141

block_0_after_attn_merge:
  F_magnitude         : R² (all) = 0.4386, R² (last) = 0.6348
  F_direction_x       : R² (all) = 0.9850, R² (last) = 0.9930
  F_direction_y       : R² (all) = 0.9783, R² (last) = 0.9862
  Fx                  : R² (all) = 0.3085, R² (last) = 0.5860
  Fy                  : R² (all) = 0.2370, R² (last) = 0.4911
  r                   : R² (all) = 0.8544, R² (last) = 0.9561
  inv_r               : R² (all) = 0.8106, R² (last) = 0.8935
  r_squared           : R² (all) = 0.7013, R² (last) = 0.8688
  inv_r_squared       : R² (all) = 0.4386, R² (last) = 0.6347
  inv_r_cubed         : R² (all) = 0.1644, R² (last) = 0.3719
  x                   : R² (all) = 0.9450, R² (last) = 0.9681
  y                   : R² (all) = 0.9396, R² (last) = 0.9509

block_0_mlp_hidden:
  F_magnitude         : R² (all) = 0.6478, R² (last) = 0.9265
  F_direction_x       : R² (all) = 0.9956, R² (last) = 0.9996
  F_direction_y       : R² (all) = 0.9933, R² (last) = 0.9992
  Fx                  : R² (all) = 0.5156, R² (last) = 0.9404
  Fy                  : R² (all) = 0.4377, R² (last) = 0.8851
  r                   : R² (all) = 0.9353, R² (last) = 0.9972
  inv_r               : R² (all) = 0.9078, R² (last) = 0.9856
  r_squared           : R² (all) = 0.8423, R² (last) = 0.9863
  inv_r_squared       : R² (all) = 0.6478, R² (last) = 0.9265
  inv_r_cubed         : R² (all) = 0.3580, R² (last) = 0.8376
  x                   : R² (all) = 0.9842, R² (last) = 0.9989
  y                   : R² (all) = 0.9861, R² (last) = 0.9985

block_0_mlp_output:
  F_magnitude         : R² (all) = 0.4443, R² (last) = 0.7321
  F_direction_x       : R² (all) = 0.9871, R² (last) = 0.9974
  F_direction_y       : R² (all) = 0.9824, R² (last) = 0.9960
  Fx                  : R² (all) = 0.3476, R² (last) = 0.7200
  Fy                  : R² (all) = 0.2842, R² (last) = 0.6540
  r                   : R² (all) = 0.8459, R² (last) = 0.9678
  inv_r               : R² (all) = 0.8096, R² (last) = 0.9348
  r_squared           : R² (all) = 0.6920, R² (last) = 0.9019
  inv_r_squared       : R² (all) = 0.4443, R² (last) = 0.7321
  inv_r_cubed         : R² (all) = 0.1713, R² (last) = 0.4928
  x                   : R² (all) = 0.9494, R² (last) = 0.9932
  y                   : R² (all) = 0.9528, R² (last) = 0.9909

block_0_after_mlp_merge:
  F_magnitude         : R² (all) = 0.4079, R² (last) = 0.7585
  F_direction_x       : R² (all) = 0.9885, R² (last) = 0.9960
  F_direction_y       : R² (all) = 0.9827, R² (last) = 0.9938
  Fx                  : R² (all) = 0.3625, R² (last) = 0.6674
  Fy                  : R² (all) = 0.2763, R² (last) = 0.6102
  r                   : R² (all) = 0.8410, R² (last) = 0.9774
  inv_r               : R² (all) = 0.7831, R² (last) = 0.9449
  r_squared           : R² (all) = 0.6934, R² (last) = 0.9312
  inv_r_squared       : R² (all) = 0.4079, R² (last) = 0.7585
  inv_r_cubed         : R² (all) = 0.1417, R² (last) = 0.4940
  x                   : R² (all) = 0.9997, R² (last) = 1.0000
  y                   : R² (all) = 0.9997, R² (last) = 1.0000

block_1_attn_output:
  F_magnitude         : R² (all) = 0.3357, R² (last) = 0.4804
  F_direction_x       : R² (all) = 0.9324, R² (last) = 0.9603
  F_direction_y       : R² (all) = 0.8879, R² (last) = 0.9212
  Fx                  : R² (all) = 0.2953, R² (last) = 0.4925
  Fy                  : R² (all) = 0.1585, R² (last) = 0.3142
  r                   : R² (all) = 0.8613, R² (last) = 0.9032
  inv_r               : R² (all) = 0.7087, R² (last) = 0.7909
  r_squared           : R² (all) = 0.7345, R² (last) = 0.8091
  inv_r_squared       : R² (all) = 0.3357, R² (last) = 0.4804
  inv_r_cubed         : R² (all) = 0.1062, R² (last) = 0.2083
  x                   : R² (all) = 0.9630, R² (last) = 0.9795
  y                   : R² (all) = 0.9585, R² (last) = 0.9751

block_1_after_attn_merge:
  F_magnitude         : R² (all) = 0.2579, R² (last) = 0.6111
  F_direction_x       : R² (all) = 0.9692, R² (last) = 0.9879
  F_direction_y       : R² (all) = 0.9558, R² (last) = 0.9768
  Fx                  : R² (all) = 0.3103, R² (last) = 0.6101
  Fy                  : R² (all) = 0.2276, R² (last) = 0.5215
  r                   : R² (all) = 0.9156, R² (last) = 0.9731
  inv_r               : R² (all) = 0.6183, R² (last) = 0.8607
  r_squared           : R² (all) = 0.8444, R² (last) = 0.9495
  inv_r_squared       : R² (all) = 0.2579, R² (last) = 0.6111
  inv_r_cubed         : R² (all) = 0.0714, R² (last) = 0.3420
  x                   : R² (all) = 0.9920, R² (last) = 0.9974
  y                   : R² (all) = 0.9926, R² (last) = 0.9971

block_1_mlp_hidden:
  F_magnitude         : R² (all) = 0.4658, R² (last) = 0.8434
  F_direction_x       : R² (all) = 0.9863, R² (last) = 0.9972
  F_direction_y       : R² (all) = 0.9783, R² (last) = 0.9939
  Fx                  : R² (all) = 0.4196, R² (last) = 0.7921
  Fy                  : R² (all) = 0.3201, R² (last) = 0.7167
  r                   : R² (all) = 0.9827, R² (last) = 0.9988
  inv_r               : R² (all) = 0.7993, R² (last) = 0.9612
  r_squared           : R² (all) = 0.9853, R² (last) = 0.9989
  inv_r_squared       : R² (all) = 0.4658, R² (last) = 0.8434
  inv_r_cubed         : R² (all) = 0.1948, R² (last) = 0.6747
  x                   : R² (all) = 0.9972, R² (last) = 0.9998
  y                   : R² (all) = 0.9981, R² (last) = 0.9998

block_1_mlp_output:
  F_magnitude         : R² (all) = 0.3086, R² (last) = 0.5842
  F_direction_x       : R² (all) = 0.9723, R² (last) = 0.9901
  F_direction_y       : R² (all) = 0.9574, R² (last) = 0.9770
  Fx                  : R² (all) = 0.3162, R² (last) = 0.6012
  Fy                  : R² (all) = 0.2245, R² (last) = 0.4891
  r                   : R² (all) = 0.9442, R² (last) = 0.9818
  inv_r               : R² (all) = 0.6589, R² (last) = 0.8425
  r_squared           : R² (all) = 0.9433, R² (last) = 0.9849
  inv_r_squared       : R² (all) = 0.3086, R² (last) = 0.5842
  inv_r_cubed         : R² (all) = 0.0978, R² (last) = 0.3135
  x                   : R² (all) = 0.9919, R² (last) = 0.9975
  y                   : R² (all) = 0.9934, R² (last) = 0.9984

block_1_after_mlp_merge:
  F_magnitude         : R² (all) = 0.3613, R² (last) = 0.6469
  F_direction_x       : R² (all) = 0.9857, R² (last) = 0.9959
  F_direction_y       : R² (all) = 0.9719, R² (last) = 0.9937
  Fx                  : R² (all) = 0.3964, R² (last) = 0.6916
  Fy                  : R² (all) = 0.2689, R² (last) = 0.6563
  r                   : R² (all) = 0.8752, R² (last) = 0.9661
  inv_r               : R² (all) = 0.7248, R² (last) = 0.8829
  r_squared           : R² (all) = 0.7650, R² (last) = 0.9184
  inv_r_squared       : R² (all) = 0.3613, R² (last) = 0.6469
  inv_r_cubed         : R² (all) = 0.1246, R² (last) = 0.3865
  x                   : R² (all) = 0.9959, R² (last) = 0.9997
  y                   : R² (all) = 0.9976, R² (last) = 0.9996

after_ln_f:
  F_magnitude         : R² (all) = 0.2921, R² (last) = 0.5783
  F_direction_x       : R² (all) = 0.9784, R² (last) = 0.9942
  F_direction_y       : R² (all) = 0.9562, R² (last) = 0.9881
  Fx                  : R² (all) = 0.3480, R² (last) = 0.6607
  Fy                  : R² (all) = 0.2292, R² (last) = 0.5911
  r                   : R² (all) = 0.8872, R² (last) = 0.9740
  inv_r               : R² (all) = 0.6497, R² (last) = 0.8412
  r_squared           : R² (all) = 0.8062, R² (last) = 0.9493
  inv_r_squared       : R² (all) = 0.2921, R² (last) = 0.5783
  inv_r_cubed         : R² (all) = 0.0885, R² (last) = 0.3161
  x                   : R² (all) = 0.9969, R² (last) = 0.9992
  y                   : R² (all) = 0.9974, R² (last) = 0.9990
Evaluating on 500 trajectories...
Conditioning length: 50, Generating 50 more steps per trajectory...

Error Statistics (aggregated across all 500 trajectories):
Mean position error: 0.392220 ± 0.380289
Max position error: 2.918342
R² scores:
  X coordinate: 0.644525 ± 0.480965
  Y coordinate: 0.639876 ± 0.499079
Evaluating on 500 trajectories...
Conditioning length: 50, Generating 50 more steps per trajectory...

Error Statistics (aggregated across all 500 trajectories):
Mean position error: 0.443173 ± 0.450763
Max position error: 3.182719
R² scores:
  X coordinate: 0.603230 ± 0.514976
  Y coordinate: 0.593460 ± 0.535189
Evaluation at step 1401 completed.

Step 1500, Total Train Loss: 0.010568, Prediction Loss: 0.009954, Test Loss: 0.001976, Attention Entropy: 0.0614, Entropy Reg Loss: 0.000614, Entropy Reg Active: True, GPU Memory: 0.000 GB

Evaluating at step 1501...
Activations collected:
  input_embed: torch.Size([1000, 99, 32])
  after_pos_emb: torch.Size([1000, 99, 32])
  block_0_attn_output: torch.Size([1000, 99, 32])
  block_0_after_attn_merge: torch.Size([1000, 99, 32])
  block_0_mlp_hidden: torch.Size([1000, 99, 128])
  block_0_mlp_output: torch.Size([1000, 99, 32])
  block_0_after_mlp_merge: torch.Size([1000, 99, 32])
  block_1_attn_output: torch.Size([1000, 99, 32])
  block_1_after_attn_merge: torch.Size([1000, 99, 32])
  block_1_mlp_hidden: torch.Size([1000, 99, 128])
  block_1_mlp_output: torch.Size([1000, 99, 32])
  block_1_after_mlp_merge: torch.Size([1000, 99, 32])
  after_ln_f: torch.Size([1000, 99, 32])

Linear Probe Results (R² scores):
================================================================================

input_embed:
  F_magnitude         : R² (all) = 0.0003, R² (last) = 0.0005
  F_direction_x       : R² (all) = 0.8353, R² (last) = 0.8360
  F_direction_y       : R² (all) = 0.8333, R² (last) = 0.8451
  Fx                  : R² (all) = 0.0546, R² (last) = 0.0264
  Fy                  : R² (all) = 0.0572, R² (last) = 0.0723
  r                   : R² (all) = 0.0039, R² (last) = 0.0054
  inv_r               : R² (all) = 0.0013, R² (last) = 0.0020
  r_squared           : R² (all) = 0.0045, R² (last) = 0.0063
  inv_r_squared       : R² (all) = 0.0003, R² (last) = 0.0005
  inv_r_cubed         : R² (all) = 0.0001, R² (last) = 0.0001
  x                   : R² (all) = 1.0000, R² (last) = 1.0000
  y                   : R² (all) = 1.0000, R² (last) = 1.0000

after_pos_emb:
  F_magnitude         : R² (all) = 0.0302, R² (last) = 0.0005
  F_direction_x       : R² (all) = 0.8354, R² (last) = 0.8360
  F_direction_y       : R² (all) = 0.8334, R² (last) = 0.8451
  Fx                  : R² (all) = 0.0550, R² (last) = 0.0264
  Fy                  : R² (all) = 0.0574, R² (last) = 0.0721
  r                   : R² (all) = 0.0670, R² (last) = 0.0053
  inv_r               : R² (all) = 0.0471, R² (last) = 0.0020
  r_squared           : R² (all) = 0.0726, R² (last) = 0.0062
  inv_r_squared       : R² (all) = 0.0302, R² (last) = 0.0005
  inv_r_cubed         : R² (all) = 0.0150, R² (last) = 0.0001
  x                   : R² (all) = 1.0000, R² (last) = 1.0000
  y                   : R² (all) = 1.0000, R² (last) = 1.0000

block_0_attn_output:
  F_magnitude         : R² (all) = 0.3336, R² (last) = 0.3475
  F_direction_x       : R² (all) = 0.8869, R² (last) = 0.9390
  F_direction_y       : R² (all) = 0.8066, R² (last) = 0.8557
  Fx                  : R² (all) = 0.2679, R² (last) = 0.2978
  Fy                  : R² (all) = 0.1566, R² (last) = 0.3962
  r                   : R² (all) = 0.7873, R² (last) = 0.8226
  inv_r               : R² (all) = 0.6759, R² (last) = 0.7220
  r_squared           : R² (all) = 0.6506, R² (last) = 0.7065
  inv_r_squared       : R² (all) = 0.3336, R² (last) = 0.3475
  inv_r_cubed         : R² (all) = 0.1176, R² (last) = 0.1435
  x                   : R² (all) = 0.7929, R² (last) = 0.8603
  y                   : R² (all) = 0.7709, R² (last) = 0.8145

block_0_after_attn_merge:
  F_magnitude         : R² (all) = 0.4272, R² (last) = 0.4343
  F_direction_x       : R² (all) = 0.9851, R² (last) = 0.9918
  F_direction_y       : R² (all) = 0.9787, R² (last) = 0.9864
  Fx                  : R² (all) = 0.2986, R² (last) = 0.3573
  Fy                  : R² (all) = 0.2315, R² (last) = 0.4927
  r                   : R² (all) = 0.8495, R² (last) = 0.9524
  inv_r               : R² (all) = 0.7996, R² (last) = 0.8207
  r_squared           : R² (all) = 0.6935, R² (last) = 0.8607
  inv_r_squared       : R² (all) = 0.4272, R² (last) = 0.4343
  inv_r_cubed         : R² (all) = 0.1618, R² (last) = 0.1986
  x                   : R² (all) = 0.9448, R² (last) = 0.9688
  y                   : R² (all) = 0.9390, R² (last) = 0.9506

block_0_mlp_hidden:
  F_magnitude         : R² (all) = 0.6385, R² (last) = 0.7714
  F_direction_x       : R² (all) = 0.9954, R² (last) = 0.9993
  F_direction_y       : R² (all) = 0.9933, R² (last) = 0.9991
  Fx                  : R² (all) = 0.4994, R² (last) = 0.7155
  Fy                  : R² (all) = 0.4328, R² (last) = 0.8407
  r                   : R² (all) = 0.9343, R² (last) = 0.9971
  inv_r               : R² (all) = 0.9029, R² (last) = 0.9592
  r_squared           : R² (all) = 0.8393, R² (last) = 0.9855
  inv_r_squared       : R² (all) = 0.6385, R² (last) = 0.7714
  inv_r_cubed         : R² (all) = 0.3511, R² (last) = 0.5515
  x                   : R² (all) = 0.9840, R² (last) = 0.9989
  y                   : R² (all) = 0.9854, R² (last) = 0.9986

block_0_mlp_output:
  F_magnitude         : R² (all) = 0.4312, R² (last) = 0.5433
  F_direction_x       : R² (all) = 0.9869, R² (last) = 0.9971
  F_direction_y       : R² (all) = 0.9823, R² (last) = 0.9960
  Fx                  : R² (all) = 0.3288, R² (last) = 0.4997
  Fy                  : R² (all) = 0.2778, R² (last) = 0.6220
  r                   : R² (all) = 0.8411, R² (last) = 0.9626
  inv_r               : R² (all) = 0.7983, R² (last) = 0.8769
  r_squared           : R² (all) = 0.6839, R² (last) = 0.8877
  inv_r_squared       : R² (all) = 0.4312, R² (last) = 0.5432
  inv_r_cubed         : R² (all) = 0.1665, R² (last) = 0.3040
  x                   : R² (all) = 0.9486, R² (last) = 0.9929
  y                   : R² (all) = 0.9511, R² (last) = 0.9914

block_0_after_mlp_merge:
  F_magnitude         : R² (all) = 0.3959, R² (last) = 0.5407
  F_direction_x       : R² (all) = 0.9885, R² (last) = 0.9951
  F_direction_y       : R² (all) = 0.9827, R² (last) = 0.9941
  Fx                  : R² (all) = 0.3482, R² (last) = 0.4527
  Fy                  : R² (all) = 0.2672, R² (last) = 0.6029
  r                   : R² (all) = 0.8366, R² (last) = 0.9772
  inv_r               : R² (all) = 0.7712, R² (last) = 0.8821
  r_squared           : R² (all) = 0.6864, R² (last) = 0.9304
  inv_r_squared       : R² (all) = 0.3959, R² (last) = 0.5407
  inv_r_cubed         : R² (all) = 0.1395, R² (last) = 0.2843
  x                   : R² (all) = 0.9997, R² (last) = 1.0000
  y                   : R² (all) = 0.9997, R² (last) = 1.0000

block_1_attn_output:
  F_magnitude         : R² (all) = 0.3306, R² (last) = 0.3317
  F_direction_x       : R² (all) = 0.9323, R² (last) = 0.9611
  F_direction_y       : R² (all) = 0.8892, R² (last) = 0.9304
  Fx                  : R² (all) = 0.2856, R² (last) = 0.3065
  Fy                  : R² (all) = 0.1565, R² (last) = 0.2831
  r                   : R² (all) = 0.8512, R² (last) = 0.9072
  inv_r               : R² (all) = 0.6963, R² (last) = 0.7239
  r_squared           : R² (all) = 0.7212, R² (last) = 0.8137
  inv_r_squared       : R² (all) = 0.3306, R² (last) = 0.3317
  inv_r_cubed         : R² (all) = 0.1095, R² (last) = 0.1428
  x                   : R² (all) = 0.9622, R² (last) = 0.9804
  y                   : R² (all) = 0.9580, R² (last) = 0.9778

block_1_after_attn_merge:
  F_magnitude         : R² (all) = 0.2485, R² (last) = 0.3737
  F_direction_x       : R² (all) = 0.9698, R² (last) = 0.9856
  F_direction_y       : R² (all) = 0.9567, R² (last) = 0.9785
  Fx                  : R² (all) = 0.2938, R² (last) = 0.3458
  Fy                  : R² (all) = 0.2243, R² (last) = 0.4603
  r                   : R² (all) = 0.9110, R² (last) = 0.9701
  inv_r               : R² (all) = 0.6060, R² (last) = 0.7580
  r_squared           : R² (all) = 0.8362, R² (last) = 0.9460
  inv_r_squared       : R² (all) = 0.2485, R² (last) = 0.3737
  inv_r_cubed         : R² (all) = 0.0696, R² (last) = 0.1697
  x                   : R² (all) = 0.9920, R² (last) = 0.9976
  y                   : R² (all) = 0.9918, R² (last) = 0.9970

block_1_mlp_hidden:
  F_magnitude         : R² (all) = 0.4523, R² (last) = 0.6436
  F_direction_x       : R² (all) = 0.9861, R² (last) = 0.9960
  F_direction_y       : R² (all) = 0.9788, R² (last) = 0.9944
  Fx                  : R² (all) = 0.3960, R² (last) = 0.5791
  Fy                  : R² (all) = 0.3172, R² (last) = 0.7005
  r                   : R² (all) = 0.9819, R² (last) = 0.9983
  inv_r               : R² (all) = 0.7884, R² (last) = 0.9044
  r_squared           : R² (all) = 0.9846, R² (last) = 0.9988
  inv_r_squared       : R² (all) = 0.4523, R² (last) = 0.6436
  inv_r_cubed         : R² (all) = 0.1887, R² (last) = 0.4364
  x                   : R² (all) = 0.9970, R² (last) = 0.9998
  y                   : R² (all) = 0.9979, R² (last) = 0.9998

block_1_mlp_output:
  F_magnitude         : R² (all) = 0.2971, R² (last) = 0.3860
  F_direction_x       : R² (all) = 0.9725, R² (last) = 0.9876
  F_direction_y       : R² (all) = 0.9583, R² (last) = 0.9778
  Fx                  : R² (all) = 0.2981, R² (last) = 0.3405
  Fy                  : R² (all) = 0.2216, R² (last) = 0.4251
  r                   : R² (all) = 0.9420, R² (last) = 0.9810
  inv_r               : R² (all) = 0.6438, R² (last) = 0.7591
  r_squared           : R² (all) = 0.9399, R² (last) = 0.9847
  inv_r_squared       : R² (all) = 0.2971, R² (last) = 0.3860
  inv_r_cubed         : R² (all) = 0.0961, R² (last) = 0.1805
  x                   : R² (all) = 0.9917, R² (last) = 0.9973
  y                   : R² (all) = 0.9928, R² (last) = 0.9981

block_1_after_mlp_merge:
  F_magnitude         : R² (all) = 0.3546, R² (last) = 0.4642
  F_direction_x       : R² (all) = 0.9856, R² (last) = 0.9947
  F_direction_y       : R² (all) = 0.9721, R² (last) = 0.9938
  Fx                  : R² (all) = 0.3808, R² (last) = 0.4599
  Fy                  : R² (all) = 0.2617, R² (last) = 0.5841
  r                   : R² (all) = 0.8705, R² (last) = 0.9623
  inv_r               : R² (all) = 0.7137, R² (last) = 0.8130
  r_squared           : R² (all) = 0.7593, R² (last) = 0.9134
  inv_r_squared       : R² (all) = 0.3546, R² (last) = 0.4642
  inv_r_cubed         : R² (all) = 0.1255, R² (last) = 0.2504
  x                   : R² (all) = 0.9959, R² (last) = 0.9997
  y                   : R² (all) = 0.9975, R² (last) = 0.9997

after_ln_f:
  F_magnitude         : R² (all) = 0.2841, R² (last) = 0.4077
  F_direction_x       : R² (all) = 0.9784, R² (last) = 0.9924
  F_direction_y       : R² (all) = 0.9563, R² (last) = 0.9889
  Fx                  : R² (all) = 0.3312, R² (last) = 0.4148
  Fy                  : R² (all) = 0.2216, R² (last) = 0.5144
  r                   : R² (all) = 0.8849, R² (last) = 0.9717
  inv_r               : R² (all) = 0.6380, R² (last) = 0.7675
  r_squared           : R² (all) = 0.8021, R² (last) = 0.9480
  inv_r_squared       : R² (all) = 0.2841, R² (last) = 0.4077
  inv_r_cubed         : R² (all) = 0.0882, R² (last) = 0.2083
  x                   : R² (all) = 0.9968, R² (last) = 0.9991
  y                   : R² (all) = 0.9972, R² (last) = 0.9990
Evaluating on 500 trajectories...
Conditioning length: 50, Generating 50 more steps per trajectory...

Error Statistics (aggregated across all 500 trajectories):
Mean position error: 0.431238 ± 0.412172
Max position error: 2.979764
R² scores:
  X coordinate: 0.618652 ± 0.482628
  Y coordinate: 0.617553 ± 0.499897
Evaluating on 500 trajectories...
Conditioning length: 50, Generating 50 more steps per trajectory...

Error Statistics (aggregated across all 500 trajectories):
Mean position error: 0.422307 ± 0.384963
Max position error: 2.669337
R² scores:
  X coordinate: 0.609083 ± 0.494648
  Y coordinate: 0.614152 ± 0.483006
Evaluation at step 1501 completed.

Step 1600, Total Train Loss: 0.010394, Prediction Loss: 0.009804, Test Loss: 0.001659, Attention Entropy: 0.0590, Entropy Reg Loss: 0.000590, Entropy Reg Active: True, GPU Memory: 0.000 GB

Evaluating at step 1601...
Activations collected:
  input_embed: torch.Size([1000, 99, 32])
  after_pos_emb: torch.Size([1000, 99, 32])
  block_0_attn_output: torch.Size([1000, 99, 32])
  block_0_after_attn_merge: torch.Size([1000, 99, 32])
  block_0_mlp_hidden: torch.Size([1000, 99, 128])
  block_0_mlp_output: torch.Size([1000, 99, 32])
  block_0_after_mlp_merge: torch.Size([1000, 99, 32])
  block_1_attn_output: torch.Size([1000, 99, 32])
  block_1_after_attn_merge: torch.Size([1000, 99, 32])
  block_1_mlp_hidden: torch.Size([1000, 99, 128])
  block_1_mlp_output: torch.Size([1000, 99, 32])
  block_1_after_mlp_merge: torch.Size([1000, 99, 32])
  after_ln_f: torch.Size([1000, 99, 32])

Linear Probe Results (R² scores):
================================================================================

input_embed:
  F_magnitude         : R² (all) = 0.0001, R² (last) = 0.0002
  F_direction_x       : R² (all) = 0.8330, R² (last) = 0.8285
  F_direction_y       : R² (all) = 0.8305, R² (last) = 0.8354
  Fx                  : R² (all) = 0.0609, R² (last) = 0.0484
  Fy                  : R² (all) = 0.0668, R² (last) = 0.0653
  r                   : R² (all) = 0.0009, R² (last) = 0.0018
  inv_r               : R² (all) = 0.0004, R² (last) = 0.0006
  r_squared           : R² (all) = 0.0009, R² (last) = 0.0021
  inv_r_squared       : R² (all) = 0.0001, R² (last) = 0.0001
  inv_r_cubed         : R² (all) = 0.0000, R² (last) = 0.0000
  x                   : R² (all) = 1.0000, R² (last) = 1.0000
  y                   : R² (all) = 1.0000, R² (last) = 1.0000

after_pos_emb:
  F_magnitude         : R² (all) = 0.0313, R² (last) = 0.0001
  F_direction_x       : R² (all) = 0.8331, R² (last) = 0.8285
  F_direction_y       : R² (all) = 0.8306, R² (last) = 0.8354
  Fx                  : R² (all) = 0.0612, R² (last) = 0.0484
  Fy                  : R² (all) = 0.0671, R² (last) = 0.0653
  r                   : R² (all) = 0.0558, R² (last) = 0.0014
  inv_r               : R² (all) = 0.0443, R² (last) = 0.0004
  r_squared           : R² (all) = 0.0604, R² (last) = 0.0018
  inv_r_squared       : R² (all) = 0.0313, R² (last) = 0.0000
  inv_r_cubed         : R² (all) = 0.0164, R² (last) = 0.0000
  x                   : R² (all) = 1.0000, R² (last) = 1.0000
  y                   : R² (all) = 1.0000, R² (last) = 1.0000

block_0_attn_output:
  F_magnitude         : R² (all) = 0.3497, R² (last) = 0.4019
  F_direction_x       : R² (all) = 0.8863, R² (last) = 0.9365
  F_direction_y       : R² (all) = 0.8009, R² (last) = 0.8651
  Fx                  : R² (all) = 0.2852, R² (last) = 0.4072
  Fy                  : R² (all) = 0.1672, R² (last) = 0.3247
  r                   : R² (all) = 0.7872, R² (last) = 0.8127
  inv_r               : R² (all) = 0.6863, R² (last) = 0.7141
  r_squared           : R² (all) = 0.6519, R² (last) = 0.6924
  inv_r_squared       : R² (all) = 0.3497, R² (last) = 0.4019
  inv_r_cubed         : R² (all) = 0.1199, R² (last) = 0.1930
  x                   : R² (all) = 0.7871, R² (last) = 0.8472
  y                   : R² (all) = 0.7622, R² (last) = 0.8171

block_0_after_attn_merge:
  F_magnitude         : R² (all) = 0.4462, R² (last) = 0.5191
  F_direction_x       : R² (all) = 0.9848, R² (last) = 0.9918
  F_direction_y       : R² (all) = 0.9778, R² (last) = 0.9840
  Fx                  : R² (all) = 0.3141, R² (last) = 0.4842
  Fy                  : R² (all) = 0.2510, R² (last) = 0.4479
  r                   : R² (all) = 0.8495, R² (last) = 0.9467
  inv_r               : R² (all) = 0.8131, R² (last) = 0.8383
  r_squared           : R² (all) = 0.6925, R² (last) = 0.8416
  inv_r_squared       : R² (all) = 0.4462, R² (last) = 0.5191
  inv_r_cubed         : R² (all) = 0.1648, R² (last) = 0.2822
  x                   : R² (all) = 0.9447, R² (last) = 0.9681
  y                   : R² (all) = 0.9383, R² (last) = 0.9491

block_0_mlp_hidden:
  F_magnitude         : R² (all) = 0.6466, R² (last) = 0.8578
  F_direction_x       : R² (all) = 0.9955, R² (last) = 0.9993
  F_direction_y       : R² (all) = 0.9932, R² (last) = 0.9991
  Fx                  : R² (all) = 0.5210, R² (last) = 0.8417
  Fy                  : R² (all) = 0.4566, R² (last) = 0.8637
  r                   : R² (all) = 0.9344, R² (last) = 0.9964
  inv_r               : R² (all) = 0.9090, R² (last) = 0.9708
  r_squared           : R² (all) = 0.8386, R² (last) = 0.9826
  inv_r_squared       : R² (all) = 0.6466, R² (last) = 0.8578
  inv_r_cubed         : R² (all) = 0.3452, R² (last) = 0.7065
  x                   : R² (all) = 0.9840, R² (last) = 0.9987
  y                   : R² (all) = 0.9854, R² (last) = 0.9984

block_0_mlp_output:
  F_magnitude         : R² (all) = 0.4499, R² (last) = 0.6202
  F_direction_x       : R² (all) = 0.9866, R² (last) = 0.9957
  F_direction_y       : R² (all) = 0.9817, R² (last) = 0.9948
  Fx                  : R² (all) = 0.3459, R² (last) = 0.5656
  Fy                  : R² (all) = 0.3016, R² (last) = 0.5301
  r                   : R² (all) = 0.8399, R² (last) = 0.9639
  inv_r               : R² (all) = 0.8106, R² (last) = 0.8919
  r_squared           : R² (all) = 0.6820, R² (last) = 0.8866
  inv_r_squared       : R² (all) = 0.4499, R² (last) = 0.6202
  inv_r_cubed         : R² (all) = 0.1704, R² (last) = 0.3790
  x                   : R² (all) = 0.9487, R² (last) = 0.9922
  y                   : R² (all) = 0.9506, R² (last) = 0.9898

block_0_after_mlp_merge:
  F_magnitude         : R² (all) = 0.4156, R² (last) = 0.6227
  F_direction_x       : R² (all) = 0.9884, R² (last) = 0.9948
  F_direction_y       : R² (all) = 0.9823, R² (last) = 0.9926
  Fx                  : R² (all) = 0.3692, R² (last) = 0.5303
  Fy                  : R² (all) = 0.2935, R² (last) = 0.5162
  r                   : R² (all) = 0.8369, R² (last) = 0.9729
  inv_r               : R² (all) = 0.7861, R² (last) = 0.8924
  r_squared           : R² (all) = 0.6863, R² (last) = 0.9163
  inv_r_squared       : R² (all) = 0.4156, R² (last) = 0.6227
  inv_r_cubed         : R² (all) = 0.1424, R² (last) = 0.3745
  x                   : R² (all) = 0.9997, R² (last) = 1.0000
  y                   : R² (all) = 0.9997, R² (last) = 1.0000

block_1_attn_output:
  F_magnitude         : R² (all) = 0.3571, R² (last) = 0.3567
  F_direction_x       : R² (all) = 0.9294, R² (last) = 0.9442
  F_direction_y       : R² (all) = 0.8841, R² (last) = 0.9162
  Fx                  : R² (all) = 0.2996, R² (last) = 0.4136
  Fy                  : R² (all) = 0.1763, R² (last) = 0.2865
  r                   : R² (all) = 0.8548, R² (last) = 0.8932
  inv_r               : R² (all) = 0.7184, R² (last) = 0.6938
  r_squared           : R² (all) = 0.7280, R² (last) = 0.7920
  inv_r_squared       : R² (all) = 0.3571, R² (last) = 0.3567
  inv_r_cubed         : R² (all) = 0.1165, R² (last) = 0.1722
  x                   : R² (all) = 0.9607, R² (last) = 0.9724
  y                   : R² (all) = 0.9564, R² (last) = 0.9723

block_1_after_attn_merge:
  F_magnitude         : R² (all) = 0.2642, R² (last) = 0.4996
  F_direction_x       : R² (all) = 0.9692, R² (last) = 0.9858
  F_direction_y       : R² (all) = 0.9541, R² (last) = 0.9754
  Fx                  : R² (all) = 0.3142, R² (last) = 0.4714
  Fy                  : R² (all) = 0.2400, R² (last) = 0.4871
  r                   : R² (all) = 0.9140, R² (last) = 0.9704
  inv_r               : R² (all) = 0.6219, R² (last) = 0.8023
  r_squared           : R² (all) = 0.8404, R² (last) = 0.9415
  inv_r_squared       : R² (all) = 0.2642, R² (last) = 0.4996
  inv_r_cubed         : R² (all) = 0.0718, R² (last) = 0.2725
  x                   : R² (all) = 0.9919, R² (last) = 0.9973
  y                   : R² (all) = 0.9922, R² (last) = 0.9966

block_1_mlp_hidden:
  F_magnitude         : R² (all) = 0.4671, R² (last) = 0.7534
  F_direction_x       : R² (all) = 0.9860, R² (last) = 0.9966
  F_direction_y       : R² (all) = 0.9781, R² (last) = 0.9941
  Fx                  : R² (all) = 0.4211, R² (last) = 0.6853
  Fy                  : R² (all) = 0.3348, R² (last) = 0.7611
  r                   : R² (all) = 0.9820, R² (last) = 0.9985
  inv_r               : R² (all) = 0.8002, R² (last) = 0.9322
  r_squared           : R² (all) = 0.9846, R² (last) = 0.9987
  inv_r_squared       : R² (all) = 0.4671, R² (last) = 0.7534
  inv_r_cubed         : R² (all) = 0.1885, R² (last) = 0.5531
  x                   : R² (all) = 0.9970, R² (last) = 0.9998
  y                   : R² (all) = 0.9980, R² (last) = 0.9997

block_1_mlp_output:
  F_magnitude         : R² (all) = 0.3133, R² (last) = 0.4796
  F_direction_x       : R² (all) = 0.9719, R² (last) = 0.9866
  F_direction_y       : R² (all) = 0.9565, R² (last) = 0.9756
  Fx                  : R² (all) = 0.3192, R² (last) = 0.4512
  Fy                  : R² (all) = 0.2411, R² (last) = 0.4429
  r                   : R² (all) = 0.9432, R² (last) = 0.9786
  inv_r               : R² (all) = 0.6603, R² (last) = 0.7802
  r_squared           : R² (all) = 0.9415, R² (last) = 0.9834
  inv_r_squared       : R² (all) = 0.3133, R² (last) = 0.4796
  inv_r_cubed         : R² (all) = 0.0971, R² (last) = 0.2545
  x                   : R² (all) = 0.9917, R² (last) = 0.9968
  y                   : R² (all) = 0.9930, R² (last) = 0.9980

block_1_after_mlp_merge:
  F_magnitude         : R² (all) = 0.3736, R² (last) = 0.5402
  F_direction_x       : R² (all) = 0.9855, R² (last) = 0.9940
  F_direction_y       : R² (all) = 0.9704, R² (last) = 0.9930
  Fx                  : R² (all) = 0.4051, R² (last) = 0.5815
  Fy                  : R² (all) = 0.2821, R² (last) = 0.5789
  r                   : R² (all) = 0.8730, R² (last) = 0.9599
  inv_r               : R² (all) = 0.7305, R² (last) = 0.8278
  r_squared           : R² (all) = 0.7623, R² (last) = 0.9032
  inv_r_squared       : R² (all) = 0.3736, R² (last) = 0.5402
  inv_r_cubed         : R² (all) = 0.1270, R² (last) = 0.3167
  x                   : R² (all) = 0.9958, R² (last) = 0.9996
  y                   : R² (all) = 0.9973, R² (last) = 0.9996

after_ln_f:
  F_magnitude         : R² (all) = 0.3003, R² (last) = 0.4539
  F_direction_x       : R² (all) = 0.9782, R² (last) = 0.9923
  F_direction_y       : R² (all) = 0.9539, R² (last) = 0.9877
  Fx                  : R² (all) = 0.3531, R² (last) = 0.5394
  Fy                  : R² (all) = 0.2402, R² (last) = 0.5186
  r                   : R² (all) = 0.8875, R² (last) = 0.9685
  inv_r               : R² (all) = 0.6537, R² (last) = 0.7698
  r_squared           : R² (all) = 0.8059, R² (last) = 0.9386
  inv_r_squared       : R² (all) = 0.3003, R² (last) = 0.4539
  inv_r_cubed         : R² (all) = 0.0892, R² (last) = 0.2385
  x                   : R² (all) = 0.9968, R² (last) = 0.9990
  y                   : R² (all) = 0.9970, R² (last) = 0.9988
Evaluating on 500 trajectories...
Conditioning length: 50, Generating 50 more steps per trajectory...

Error Statistics (aggregated across all 500 trajectories):
Mean position error: 0.394220 ± 0.431255
Max position error: 3.328385
R² scores:
  X coordinate: 0.662470 ± 0.513273
  Y coordinate: 0.654729 ± 0.491311
Evaluating on 500 trajectories...
Conditioning length: 50, Generating 50 more steps per trajectory...

Error Statistics (aggregated across all 500 trajectories):
Mean position error: 0.425682 ± 0.468567
Max position error: 3.521613
R² scores:
  X coordinate: 0.622227 ± 0.561833
  Y coordinate: 0.630140 ± 0.530876
Evaluation at step 1601 completed.

Step 1700, Total Train Loss: 0.010399, Prediction Loss: 0.009838, Test Loss: 0.002210, Attention Entropy: 0.0561, Entropy Reg Loss: 0.000561, Entropy Reg Active: True, GPU Memory: 0.000 GB

Evaluating at step 1701...
Activations collected:
  input_embed: torch.Size([1000, 99, 32])
  after_pos_emb: torch.Size([1000, 99, 32])
  block_0_attn_output: torch.Size([1000, 99, 32])
  block_0_after_attn_merge: torch.Size([1000, 99, 32])
  block_0_mlp_hidden: torch.Size([1000, 99, 128])
  block_0_mlp_output: torch.Size([1000, 99, 32])
  block_0_after_mlp_merge: torch.Size([1000, 99, 32])
  block_1_attn_output: torch.Size([1000, 99, 32])
  block_1_after_attn_merge: torch.Size([1000, 99, 32])
  block_1_mlp_hidden: torch.Size([1000, 99, 128])
  block_1_mlp_output: torch.Size([1000, 99, 32])
  block_1_after_mlp_merge: torch.Size([1000, 99, 32])
  after_ln_f: torch.Size([1000, 99, 32])

Linear Probe Results (R² scores):
================================================================================

input_embed:
  F_magnitude         : R² (all) = 0.0001, R² (last) = 0.0001
  F_direction_x       : R² (all) = 0.8342, R² (last) = 0.8335
  F_direction_y       : R² (all) = 0.8336, R² (last) = 0.8380
  Fx                  : R² (all) = 0.0568, R² (last) = 0.0576
  Fy                  : R² (all) = 0.0640, R² (last) = 0.0702
  r                   : R² (all) = 0.0013, R² (last) = 0.0002
  inv_r               : R² (all) = 0.0004, R² (last) = 0.0002
  r_squared           : R² (all) = 0.0017, R² (last) = 0.0001
  inv_r_squared       : R² (all) = 0.0001, R² (last) = 0.0001
  inv_r_cubed         : R² (all) = 0.0000, R² (last) = 0.0000
  x                   : R² (all) = 1.0000, R² (last) = 1.0000
  y                   : R² (all) = 1.0000, R² (last) = 1.0000

after_pos_emb:
  F_magnitude         : R² (all) = 0.0299, R² (last) = 0.0001
  F_direction_x       : R² (all) = 0.8343, R² (last) = 0.8335
  F_direction_y       : R² (all) = 0.8336, R² (last) = 0.8380
  Fx                  : R² (all) = 0.0569, R² (last) = 0.0576
  Fy                  : R² (all) = 0.0643, R² (last) = 0.0702
  r                   : R² (all) = 0.0643, R² (last) = 0.0002
  inv_r               : R² (all) = 0.0465, R² (last) = 0.0003
  r_squared           : R² (all) = 0.0705, R² (last) = 0.0001
  inv_r_squared       : R² (all) = 0.0299, R² (last) = 0.0001
  inv_r_cubed         : R² (all) = 0.0131, R² (last) = 0.0000
  x                   : R² (all) = 1.0000, R² (last) = 1.0000
  y                   : R² (all) = 1.0000, R² (last) = 1.0000

block_0_attn_output:
  F_magnitude         : R² (all) = 0.3407, R² (last) = 0.3843
  F_direction_x       : R² (all) = 0.8853, R² (last) = 0.9337
  F_direction_y       : R² (all) = 0.8063, R² (last) = 0.8608
  Fx                  : R² (all) = 0.2886, R² (last) = 0.4139
  Fy                  : R² (all) = 0.1576, R² (last) = 0.2848
  r                   : R² (all) = 0.7911, R² (last) = 0.8386
  inv_r               : R² (all) = 0.6970, R² (last) = 0.7215
  r_squared           : R² (all) = 0.6559, R² (last) = 0.7271
  inv_r_squared       : R² (all) = 0.3407, R² (last) = 0.3843
  inv_r_cubed         : R² (all) = 0.0986, R² (last) = 0.1678
  x                   : R² (all) = 0.7921, R² (last) = 0.8505
  y                   : R² (all) = 0.7686, R² (last) = 0.8149

block_0_after_attn_merge:
  F_magnitude         : R² (all) = 0.4368, R² (last) = 0.4954
  F_direction_x       : R² (all) = 0.9851, R² (last) = 0.9922
  F_direction_y       : R² (all) = 0.9783, R² (last) = 0.9851
  Fx                  : R² (all) = 0.3182, R² (last) = 0.5112
  Fy                  : R² (all) = 0.2405, R² (last) = 0.3693
  r                   : R² (all) = 0.8518, R² (last) = 0.9571
  inv_r               : R² (all) = 0.8172, R² (last) = 0.8308
  r_squared           : R² (all) = 0.6983, R² (last) = 0.8751
  inv_r_squared       : R² (all) = 0.4368, R² (last) = 0.4954
  inv_r_cubed         : R² (all) = 0.1449, R² (last) = 0.2511
  x                   : R² (all) = 0.9457, R² (last) = 0.9683
  y                   : R² (all) = 0.9405, R² (last) = 0.9522

block_0_mlp_hidden:
  F_magnitude         : R² (all) = 0.6269, R² (last) = 0.8545
  F_direction_x       : R² (all) = 0.9957, R² (last) = 0.9993
  F_direction_y       : R² (all) = 0.9934, R² (last) = 0.9991
  Fx                  : R² (all) = 0.5243, R² (last) = 0.8616
  Fy                  : R² (all) = 0.4459, R² (last) = 0.8355
  r                   : R² (all) = 0.9351, R² (last) = 0.9971
  inv_r               : R² (all) = 0.9091, R² (last) = 0.9655
  r_squared           : R² (all) = 0.8410, R² (last) = 0.9862
  inv_r_squared       : R² (all) = 0.6269, R² (last) = 0.8545
  inv_r_cubed         : R² (all) = 0.3052, R² (last) = 0.7375
  x                   : R² (all) = 0.9843, R² (last) = 0.9990
  y                   : R² (all) = 0.9857, R² (last) = 0.9987

block_0_mlp_output:
  F_magnitude         : R² (all) = 0.4408, R² (last) = 0.6316
  F_direction_x       : R² (all) = 0.9869, R² (last) = 0.9971
  F_direction_y       : R² (all) = 0.9819, R² (last) = 0.9961
  Fx                  : R² (all) = 0.3517, R² (last) = 0.6883
  Fy                  : R² (all) = 0.2881, R² (last) = 0.5458
  r                   : R² (all) = 0.8407, R² (last) = 0.9690
  inv_r               : R² (all) = 0.8156, R² (last) = 0.8937
  r_squared           : R² (all) = 0.6851, R² (last) = 0.9041
  inv_r_squared       : R² (all) = 0.4408, R² (last) = 0.6316
  inv_r_cubed         : R² (all) = 0.1501, R² (last) = 0.4032
  x                   : R² (all) = 0.9496, R² (last) = 0.9930
  y                   : R² (all) = 0.9523, R² (last) = 0.9909

block_0_after_mlp_merge:
  F_magnitude         : R² (all) = 0.4083, R² (last) = 0.5998
  F_direction_x       : R² (all) = 0.9886, R² (last) = 0.9956
  F_direction_y       : R² (all) = 0.9828, R² (last) = 0.9938
  Fx                  : R² (all) = 0.3713, R² (last) = 0.6081
  Fy                  : R² (all) = 0.2831, R² (last) = 0.4866
  r                   : R² (all) = 0.8375, R² (last) = 0.9785
  inv_r               : R² (all) = 0.7908, R² (last) = 0.8852
  r_squared           : R² (all) = 0.6898, R² (last) = 0.9331
  inv_r_squared       : R² (all) = 0.4083, R² (last) = 0.5998
  inv_r_cubed         : R² (all) = 0.1259, R² (last) = 0.3402
  x                   : R² (all) = 0.9997, R² (last) = 1.0000
  y                   : R² (all) = 0.9997, R² (last) = 1.0000

block_1_attn_output:
  F_magnitude         : R² (all) = 0.3454, R² (last) = 0.3763
  F_direction_x       : R² (all) = 0.9321, R² (last) = 0.9625
  F_direction_y       : R² (all) = 0.8890, R² (last) = 0.9255
  Fx                  : R² (all) = 0.3007, R² (last) = 0.4365
  Fy                  : R² (all) = 0.1804, R² (last) = 0.2536
  r                   : R² (all) = 0.8601, R² (last) = 0.8998
  inv_r               : R² (all) = 0.7242, R² (last) = 0.7228
  r_squared           : R² (all) = 0.7324, R² (last) = 0.8076
  inv_r_squared       : R² (all) = 0.3454, R² (last) = 0.3763
  inv_r_cubed         : R² (all) = 0.0978, R² (last) = 0.1646
  x                   : R² (all) = 0.9642, R² (last) = 0.9787
  y                   : R² (all) = 0.9583, R² (last) = 0.9745

block_1_after_attn_merge:
  F_magnitude         : R² (all) = 0.2651, R² (last) = 0.5095
  F_direction_x       : R² (all) = 0.9698, R² (last) = 0.9885
  F_direction_y       : R² (all) = 0.9558, R² (last) = 0.9764
  Fx                  : R² (all) = 0.3210, R² (last) = 0.5486
  Fy                  : R² (all) = 0.2346, R² (last) = 0.4513
  r                   : R² (all) = 0.9162, R² (last) = 0.9719
  inv_r               : R² (all) = 0.6337, R² (last) = 0.8068
  r_squared           : R² (all) = 0.8432, R² (last) = 0.9459
  inv_r_squared       : R² (all) = 0.2651, R² (last) = 0.5095
  inv_r_cubed         : R² (all) = 0.0654, R² (last) = 0.2939
  x                   : R² (all) = 0.9923, R² (last) = 0.9977
  y                   : R² (all) = 0.9923, R² (last) = 0.9969

block_1_mlp_hidden:
  F_magnitude         : R² (all) = 0.4576, R² (last) = 0.7881
  F_direction_x       : R² (all) = 0.9868, R² (last) = 0.9972
  F_direction_y       : R² (all) = 0.9789, R² (last) = 0.9939
  Fx                  : R² (all) = 0.4331, R² (last) = 0.7380
  Fy                  : R² (all) = 0.3296, R² (last) = 0.6993
  r                   : R² (all) = 0.9828, R² (last) = 0.9986
  inv_r               : R² (all) = 0.8060, R² (last) = 0.9377
  r_squared           : R² (all) = 0.9852, R² (last) = 0.9989
  inv_r_squared       : R² (all) = 0.4576, R² (last) = 0.7881
  inv_r_cubed         : R² (all) = 0.1670, R² (last) = 0.6393
  x                   : R² (all) = 0.9971, R² (last) = 0.9998
  y                   : R² (all) = 0.9980, R² (last) = 0.9998

block_1_mlp_output:
  F_magnitude         : R² (all) = 0.3117, R² (last) = 0.4943
  F_direction_x       : R² (all) = 0.9725, R² (last) = 0.9904
  F_direction_y       : R² (all) = 0.9577, R² (last) = 0.9758
  Fx                  : R² (all) = 0.3284, R² (last) = 0.5434
  Fy                  : R² (all) = 0.2346, R² (last) = 0.4090
  r                   : R² (all) = 0.9450, R² (last) = 0.9796
  inv_r               : R² (all) = 0.6701, R² (last) = 0.7894
  r_squared           : R² (all) = 0.9425, R² (last) = 0.9839
  inv_r_squared       : R² (all) = 0.3117, R² (last) = 0.4943
  inv_r_cubed         : R² (all) = 0.0877, R² (last) = 0.2792
  x                   : R² (all) = 0.9921, R² (last) = 0.9975
  y                   : R² (all) = 0.9931, R² (last) = 0.9982

block_1_after_mlp_merge:
  F_magnitude         : R² (all) = 0.3631, R² (last) = 0.5411
  F_direction_x       : R² (all) = 0.9859, R² (last) = 0.9957
  F_direction_y       : R² (all) = 0.9717, R² (last) = 0.9928
  Fx                  : R² (all) = 0.4039, R² (last) = 0.6579
  Fy                  : R² (all) = 0.2760, R² (last) = 0.5337
  r                   : R² (all) = 0.8756, R² (last) = 0.9626
  inv_r               : R² (all) = 0.7357, R² (last) = 0.8318
  r_squared           : R² (all) = 0.7649, R² (last) = 0.9124
  inv_r_squared       : R² (all) = 0.3631, R² (last) = 0.5411
  inv_r_cubed         : R² (all) = 0.1098, R² (last) = 0.3171
  x                   : R² (all) = 0.9961, R² (last) = 0.9997
  y                   : R² (all) = 0.9974, R² (last) = 0.9996

after_ln_f:
  F_magnitude         : R² (all) = 0.2949, R² (last) = 0.4870
  F_direction_x       : R² (all) = 0.9784, R² (last) = 0.9943
  F_direction_y       : R² (all) = 0.9554, R² (last) = 0.9865
  Fx                  : R² (all) = 0.3552, R² (last) = 0.6198
  Fy                  : R² (all) = 0.2325, R² (last) = 0.4645
  r                   : R² (all) = 0.8902, R² (last) = 0.9714
  inv_r               : R² (all) = 0.6609, R² (last) = 0.7923
  r_squared           : R² (all) = 0.8086, R² (last) = 0.9459
  inv_r_squared       : R² (all) = 0.2949, R² (last) = 0.4870
  inv_r_cubed         : R² (all) = 0.0786, R² (last) = 0.2695
  x                   : R² (all) = 0.9970, R² (last) = 0.9992
  y                   : R² (all) = 0.9971, R² (last) = 0.9990
Evaluating on 500 trajectories...
Conditioning length: 50, Generating 50 more steps per trajectory...

Error Statistics (aggregated across all 500 trajectories):
Mean position error: 0.475360 ± 0.430929
Max position error: 2.888285
R² scores:
  X coordinate: 0.509291 ± 0.581020
  Y coordinate: 0.513414 ± 0.588150
Evaluating on 500 trajectories...
Conditioning length: 50, Generating 50 more steps per trajectory...

Error Statistics (aggregated across all 500 trajectories):
Mean position error: 0.448059 ± 0.415207
Max position error: 2.820966
R² scores:
  X coordinate: 0.597643 ± 0.509931
  Y coordinate: 0.589224 ± 0.503736
Evaluation at step 1701 completed.

Step 1800, Total Train Loss: 0.010653, Prediction Loss: 0.010047, Test Loss: 0.001964, Attention Entropy: 0.0606, Entropy Reg Loss: 0.000606, Entropy Reg Active: True, GPU Memory: 0.000 GB

Evaluating at step 1801...
Activations collected:
  input_embed: torch.Size([1000, 99, 32])
  after_pos_emb: torch.Size([1000, 99, 32])
  block_0_attn_output: torch.Size([1000, 99, 32])
  block_0_after_attn_merge: torch.Size([1000, 99, 32])
  block_0_mlp_hidden: torch.Size([1000, 99, 128])
  block_0_mlp_output: torch.Size([1000, 99, 32])
  block_0_after_mlp_merge: torch.Size([1000, 99, 32])
  block_1_attn_output: torch.Size([1000, 99, 32])
  block_1_after_attn_merge: torch.Size([1000, 99, 32])
  block_1_mlp_hidden: torch.Size([1000, 99, 128])
  block_1_mlp_output: torch.Size([1000, 99, 32])
  block_1_after_mlp_merge: torch.Size([1000, 99, 32])
  after_ln_f: torch.Size([1000, 99, 32])

Linear Probe Results (R² scores):
================================================================================

input_embed:
  F_magnitude         : R² (all) = 0.0001, R² (last) = 0.0000
  F_direction_x       : R² (all) = 0.8370, R² (last) = 0.8335
  F_direction_y       : R² (all) = 0.8287, R² (last) = 0.8355
  Fx                  : R² (all) = 0.0681, R² (last) = 0.0639
  Fy                  : R² (all) = 0.0729, R² (last) = 0.1052
  r                   : R² (all) = 0.0003, R² (last) = 0.0013
  inv_r               : R² (all) = 0.0002, R² (last) = 0.0003
  r_squared           : R² (all) = 0.0005, R² (last) = 0.0018
  inv_r_squared       : R² (all) = 0.0001, R² (last) = 0.0000
  inv_r_cubed         : R² (all) = 0.0000, R² (last) = 0.0000
  x                   : R² (all) = 1.0000, R² (last) = 1.0000
  y                   : R² (all) = 1.0000, R² (last) = 1.0000

after_pos_emb:
  F_magnitude         : R² (all) = 0.0307, R² (last) = 0.0000
  F_direction_x       : R² (all) = 0.8371, R² (last) = 0.8335
  F_direction_y       : R² (all) = 0.8288, R² (last) = 0.8355
  Fx                  : R² (all) = 0.0684, R² (last) = 0.0639
  Fy                  : R² (all) = 0.0735, R² (last) = 0.1052
  r                   : R² (all) = 0.0640, R² (last) = 0.0015
  inv_r               : R² (all) = 0.0445, R² (last) = 0.0003
  r_squared           : R² (all) = 0.0705, R² (last) = 0.0020
  inv_r_squared       : R² (all) = 0.0307, R² (last) = 0.0000
  inv_r_cubed         : R² (all) = 0.0169, R² (last) = 0.0000
  x                   : R² (all) = 1.0000, R² (last) = 1.0000
  y                   : R² (all) = 1.0000, R² (last) = 1.0000

block_0_attn_output:
  F_magnitude         : R² (all) = 0.3845, R² (last) = 0.5103
  F_direction_x       : R² (all) = 0.8861, R² (last) = 0.9322
  F_direction_y       : R² (all) = 0.8069, R² (last) = 0.8851
  Fx                  : R² (all) = 0.3139, R² (last) = 0.4474
  Fy                  : R² (all) = 0.1825, R² (last) = 0.4411
  r                   : R² (all) = 0.7916, R² (last) = 0.8214
  inv_r               : R² (all) = 0.7117, R² (last) = 0.7722
  r_squared           : R² (all) = 0.6548, R² (last) = 0.7085
  inv_r_squared       : R² (all) = 0.3845, R² (last) = 0.5103
  inv_r_cubed         : R² (all) = 0.1423, R² (last) = 0.2928
  x                   : R² (all) = 0.7885, R² (last) = 0.8466
  y                   : R² (all) = 0.7684, R² (last) = 0.8348

block_0_after_attn_merge:
  F_magnitude         : R² (all) = 0.4832, R² (last) = 0.6392
  F_direction_x       : R² (all) = 0.9857, R² (last) = 0.9921
  F_direction_y       : R² (all) = 0.9790, R² (last) = 0.9875
  Fx                  : R² (all) = 0.3384, R² (last) = 0.5515
  Fy                  : R² (all) = 0.2753, R² (last) = 0.5607
  r                   : R² (all) = 0.8455, R² (last) = 0.9514
  inv_r               : R² (all) = 0.8286, R² (last) = 0.8871
  r_squared           : R² (all) = 0.6909, R² (last) = 0.8607
  inv_r_squared       : R² (all) = 0.4832, R² (last) = 0.6392
  inv_r_cubed         : R² (all) = 0.1964, R² (last) = 0.4192
  x                   : R² (all) = 0.9460, R² (last) = 0.9660
  y                   : R² (all) = 0.9379, R² (last) = 0.9519

block_0_mlp_hidden:
  F_magnitude         : R² (all) = 0.6765, R² (last) = 0.9246
  F_direction_x       : R² (all) = 0.9958, R² (last) = 0.9994
  F_direction_y       : R² (all) = 0.9938, R² (last) = 0.9992
  Fx                  : R² (all) = 0.5570, R² (last) = 0.9007
  Fy                  : R² (all) = 0.4963, R² (last) = 0.9080
  r                   : R² (all) = 0.9331, R² (last) = 0.9967
  inv_r               : R² (all) = 0.9155, R² (last) = 0.9842
  r_squared           : R² (all) = 0.8377, R² (last) = 0.9846
  inv_r_squared       : R² (all) = 0.6765, R² (last) = 0.9246
  inv_r_cubed         : R² (all) = 0.3913, R² (last) = 0.8427
  x                   : R² (all) = 0.9844, R² (last) = 0.9987
  y                   : R² (all) = 0.9849, R² (last) = 0.9984

block_0_mlp_output:
  F_magnitude         : R² (all) = 0.4855, R² (last) = 0.7537
  F_direction_x       : R² (all) = 0.9871, R² (last) = 0.9971
  F_direction_y       : R² (all) = 0.9826, R² (last) = 0.9966
  Fx                  : R² (all) = 0.3685, R² (last) = 0.6857
  Fy                  : R² (all) = 0.3294, R² (last) = 0.7335
  r                   : R² (all) = 0.8374, R² (last) = 0.9613
  inv_r               : R² (all) = 0.8264, R² (last) = 0.9325
  r_squared           : R² (all) = 0.6829, R² (last) = 0.8856
  inv_r_squared       : R² (all) = 0.4855, R² (last) = 0.7537
  inv_r_cubed         : R² (all) = 0.2005, R² (last) = 0.5690
  x                   : R² (all) = 0.9494, R² (last) = 0.9923
  y                   : R² (all) = 0.9492, R² (last) = 0.9899

block_0_after_mlp_merge:
  F_magnitude         : R² (all) = 0.4510, R² (last) = 0.7544
  F_direction_x       : R² (all) = 0.9891, R² (last) = 0.9953
  F_direction_y       : R² (all) = 0.9833, R² (last) = 0.9942
  Fx                  : R² (all) = 0.3950, R² (last) = 0.6284
  Fy                  : R² (all) = 0.3213, R² (last) = 0.6756
  r                   : R² (all) = 0.8347, R² (last) = 0.9735
  inv_r               : R² (all) = 0.8010, R² (last) = 0.9357
  r_squared           : R² (all) = 0.6874, R² (last) = 0.9193
  inv_r_squared       : R² (all) = 0.4510, R² (last) = 0.7544
  inv_r_cubed         : R² (all) = 0.1715, R² (last) = 0.5401
  x                   : R² (all) = 0.9997, R² (last) = 1.0000
  y                   : R² (all) = 0.9997, R² (last) = 1.0000

block_1_attn_output:
  F_magnitude         : R² (all) = 0.3955, R² (last) = 0.4711
  F_direction_x       : R² (all) = 0.9347, R² (last) = 0.9455
  F_direction_y       : R² (all) = 0.8921, R² (last) = 0.9327
  Fx                  : R² (all) = 0.3330, R² (last) = 0.3966
  Fy                  : R² (all) = 0.2072, R² (last) = 0.3644
  r                   : R² (all) = 0.8565, R² (last) = 0.9009
  inv_r               : R² (all) = 0.7421, R² (last) = 0.7798
  r_squared           : R² (all) = 0.7283, R² (last) = 0.8086
  inv_r_squared       : R² (all) = 0.3955, R² (last) = 0.4711
  inv_r_cubed         : R² (all) = 0.1448, R² (last) = 0.2308
  x                   : R² (all) = 0.9643, R² (last) = 0.9744
  y                   : R² (all) = 0.9598, R² (last) = 0.9794

block_1_after_attn_merge:
  F_magnitude         : R² (all) = 0.2949, R² (last) = 0.5843
  F_direction_x       : R² (all) = 0.9716, R² (last) = 0.9853
  F_direction_y       : R² (all) = 0.9571, R² (last) = 0.9777
  Fx                  : R² (all) = 0.3395, R² (last) = 0.5171
  Fy                  : R² (all) = 0.2724, R² (last) = 0.5607
  r                   : R² (all) = 0.9167, R² (last) = 0.9713
  inv_r               : R² (all) = 0.6465, R² (last) = 0.8391
  r_squared           : R² (all) = 0.8416, R² (last) = 0.9480
  inv_r_squared       : R² (all) = 0.2949, R² (last) = 0.5843
  inv_r_cubed         : R² (all) = 0.0896, R² (last) = 0.3528
  x                   : R² (all) = 0.9925, R² (last) = 0.9972
  y                   : R² (all) = 0.9921, R² (last) = 0.9967

block_1_mlp_hidden:
  F_magnitude         : R² (all) = 0.5018, R² (last) = 0.8290
  F_direction_x       : R² (all) = 0.9875, R² (last) = 0.9964
  F_direction_y       : R² (all) = 0.9797, R² (last) = 0.9945
  Fx                  : R² (all) = 0.4478, R² (last) = 0.7510
  Fy                  : R² (all) = 0.3770, R² (last) = 0.7833
  r                   : R² (all) = 0.9832, R² (last) = 0.9987
  inv_r               : R² (all) = 0.8146, R² (last) = 0.9530
  r_squared           : R² (all) = 0.9853, R² (last) = 0.9988
  inv_r_squared       : R² (all) = 0.5018, R² (last) = 0.8290
  inv_r_cubed         : R² (all) = 0.2206, R² (last) = 0.6773
  x                   : R² (all) = 0.9972, R² (last) = 0.9998
  y                   : R² (all) = 0.9980, R² (last) = 0.9998

block_1_mlp_output:
  F_magnitude         : R² (all) = 0.3414, R² (last) = 0.5548
  F_direction_x       : R² (all) = 0.9743, R² (last) = 0.9878
  F_direction_y       : R² (all) = 0.9597, R² (last) = 0.9787
  Fx                  : R² (all) = 0.3456, R² (last) = 0.5098
  Fy                  : R² (all) = 0.2750, R² (last) = 0.5398
  r                   : R² (all) = 0.9469, R² (last) = 0.9797
  inv_r               : R² (all) = 0.6788, R² (last) = 0.8177
  r_squared           : R² (all) = 0.9431, R² (last) = 0.9845
  inv_r_squared       : R² (all) = 0.3414, R² (last) = 0.5548
  inv_r_cubed         : R² (all) = 0.1169, R² (last) = 0.3210
  x                   : R² (all) = 0.9923, R² (last) = 0.9971
  y                   : R² (all) = 0.9930, R² (last) = 0.9983

block_1_after_mlp_merge:
  F_magnitude         : R² (all) = 0.4056, R² (last) = 0.6706
  F_direction_x       : R² (all) = 0.9865, R² (last) = 0.9945
  F_direction_y       : R² (all) = 0.9722, R² (last) = 0.9929
  Fx                  : R² (all) = 0.4297, R² (last) = 0.6265
  Fy                  : R² (all) = 0.3165, R² (last) = 0.6771
  r                   : R² (all) = 0.8772, R² (last) = 0.9616
  inv_r               : R² (all) = 0.7482, R² (last) = 0.8814
  r_squared           : R² (all) = 0.7670, R² (last) = 0.9128
  inv_r_squared       : R² (all) = 0.4056, R² (last) = 0.6706
  inv_r_cubed         : R² (all) = 0.1532, R² (last) = 0.4625
  x                   : R² (all) = 0.9960, R² (last) = 0.9997
  y                   : R² (all) = 0.9975, R² (last) = 0.9996

after_ln_f:
  F_magnitude         : R² (all) = 0.3293, R² (last) = 0.5906
  F_direction_x       : R² (all) = 0.9794, R² (last) = 0.9924
  F_direction_y       : R² (all) = 0.9567, R² (last) = 0.9877
  Fx                  : R² (all) = 0.3756, R² (last) = 0.5845
  Fy                  : R² (all) = 0.2718, R² (last) = 0.6179
  r                   : R² (all) = 0.8935, R² (last) = 0.9686
  inv_r               : R² (all) = 0.6736, R² (last) = 0.8351
  r_squared           : R² (all) = 0.8117, R² (last) = 0.9420
  inv_r_squared       : R² (all) = 0.3293, R² (last) = 0.5905
  inv_r_cubed         : R² (all) = 0.1089, R² (last) = 0.3755
  x                   : R² (all) = 0.9970, R² (last) = 0.9991
  y                   : R² (all) = 0.9974, R² (last) = 0.9990
Evaluating on 500 trajectories...
Conditioning length: 50, Generating 50 more steps per trajectory...

Error Statistics (aggregated across all 500 trajectories):
Mean position error: 0.372504 ± 0.370736
Max position error: 2.728916
R² scores:
  X coordinate: 0.723576 ± 0.378211
  Y coordinate: 0.700061 ± 0.415878
Evaluating on 500 trajectories...
Conditioning length: 50, Generating 50 more steps per trajectory...

Error Statistics (aggregated across all 500 trajectories):
Mean position error: 0.369016 ± 0.382516
Max position error: 3.115105
R² scores:
  X coordinate: 0.719558 ± 0.404125
  Y coordinate: 0.716900 ± 0.406341
Evaluation at step 1801 completed.

Step 1900, Total Train Loss: 0.010488, Prediction Loss: 0.009888, Test Loss: 0.002036, Attention Entropy: 0.0601, Entropy Reg Loss: 0.000601, Entropy Reg Active: True, GPU Memory: 0.000 GB

Evaluating at step 1901...
Activations collected:
  input_embed: torch.Size([1000, 99, 32])
  after_pos_emb: torch.Size([1000, 99, 32])
  block_0_attn_output: torch.Size([1000, 99, 32])
  block_0_after_attn_merge: torch.Size([1000, 99, 32])
  block_0_mlp_hidden: torch.Size([1000, 99, 128])
  block_0_mlp_output: torch.Size([1000, 99, 32])
  block_0_after_mlp_merge: torch.Size([1000, 99, 32])
  block_1_attn_output: torch.Size([1000, 99, 32])
  block_1_after_attn_merge: torch.Size([1000, 99, 32])
  block_1_mlp_hidden: torch.Size([1000, 99, 128])
  block_1_mlp_output: torch.Size([1000, 99, 32])
  block_1_after_mlp_merge: torch.Size([1000, 99, 32])
  after_ln_f: torch.Size([1000, 99, 32])

Linear Probe Results (R² scores):
================================================================================

input_embed:
  F_magnitude         : R² (all) = 0.0000, R² (last) = 0.0001
  F_direction_x       : R² (all) = 0.8279, R² (last) = 0.8277
  F_direction_y       : R² (all) = 0.8231, R² (last) = 0.8266
  Fx                  : R² (all) = 0.0624, R² (last) = 0.0723
  Fy                  : R² (all) = 0.0625, R² (last) = 0.0191
  r                   : R² (all) = 0.0000, R² (last) = 0.0007
  inv_r               : R² (all) = 0.0000, R² (last) = 0.0003
  r_squared           : R² (all) = 0.0001, R² (last) = 0.0015
  inv_r_squared       : R² (all) = 0.0000, R² (last) = 0.0001
  inv_r_cubed         : R² (all) = 0.0000, R² (last) = 0.0000
  x                   : R² (all) = 1.0000, R² (last) = 1.0000
  y                   : R² (all) = 1.0000, R² (last) = 1.0000

after_pos_emb:
  F_magnitude         : R² (all) = 0.0306, R² (last) = 0.0001
  F_direction_x       : R² (all) = 0.8279, R² (last) = 0.8277
  F_direction_y       : R² (all) = 0.8231, R² (last) = 0.8266
  Fx                  : R² (all) = 0.0627, R² (last) = 0.0723
  Fy                  : R² (all) = 0.0628, R² (last) = 0.0191
  r                   : R² (all) = 0.0627, R² (last) = 0.0008
  inv_r               : R² (all) = 0.0455, R² (last) = 0.0003
  r_squared           : R² (all) = 0.0694, R² (last) = 0.0016
  inv_r_squared       : R² (all) = 0.0306, R² (last) = 0.0001
  inv_r_cubed         : R² (all) = 0.0150, R² (last) = 0.0000
  x                   : R² (all) = 1.0000, R² (last) = 1.0000
  y                   : R² (all) = 1.0000, R² (last) = 1.0000

block_0_attn_output:
  F_magnitude         : R² (all) = 0.3476, R² (last) = 0.3384
  F_direction_x       : R² (all) = 0.8838, R² (last) = 0.9393
  F_direction_y       : R² (all) = 0.8061, R² (last) = 0.8656
  Fx                  : R² (all) = 0.3013, R² (last) = 0.4206
  Fy                  : R² (all) = 0.1720, R² (last) = 0.3019
  r                   : R² (all) = 0.7930, R² (last) = 0.8377
  inv_r               : R² (all) = 0.6913, R² (last) = 0.6983
  r_squared           : R² (all) = 0.6615, R² (last) = 0.7197
  inv_r_squared       : R² (all) = 0.3476, R² (last) = 0.3384
  inv_r_cubed         : R² (all) = 0.1078, R² (last) = 0.1947
  x                   : R² (all) = 0.7832, R² (last) = 0.8488
  y                   : R² (all) = 0.7660, R² (last) = 0.8137

block_0_after_attn_merge:
  F_magnitude         : R² (all) = 0.4484, R² (last) = 0.4416
  F_direction_x       : R² (all) = 0.9845, R² (last) = 0.9925
  F_direction_y       : R² (all) = 0.9778, R² (last) = 0.9846
  Fx                  : R² (all) = 0.3310, R² (last) = 0.4944
  Fy                  : R² (all) = 0.2568, R² (last) = 0.3948
  r                   : R² (all) = 0.8460, R² (last) = 0.9513
  inv_r               : R² (all) = 0.8174, R² (last) = 0.8195
  r_squared           : R² (all) = 0.6916, R² (last) = 0.8575
  inv_r_squared       : R² (all) = 0.4484, R² (last) = 0.4416
  inv_r_cubed         : R² (all) = 0.1560, R² (last) = 0.2697
  x                   : R² (all) = 0.9438, R² (last) = 0.9655
  y                   : R² (all) = 0.9363, R² (last) = 0.9502

block_0_mlp_hidden:
  F_magnitude         : R² (all) = 0.6438, R² (last) = 0.8700
  F_direction_x       : R² (all) = 0.9954, R² (last) = 0.9994
  F_direction_y       : R² (all) = 0.9934, R² (last) = 0.9988
  Fx                  : R² (all) = 0.5344, R² (last) = 0.8823
  Fy                  : R² (all) = 0.4660, R² (last) = 0.8659
  r                   : R² (all) = 0.9336, R² (last) = 0.9966
  inv_r               : R² (all) = 0.9107, R² (last) = 0.9668
  r_squared           : R² (all) = 0.8374, R² (last) = 0.9845
  inv_r_squared       : R² (all) = 0.6438, R² (last) = 0.8700
  inv_r_cubed         : R² (all) = 0.3294, R² (last) = 0.8253
  x                   : R² (all) = 0.9838, R² (last) = 0.9986
  y                   : R² (all) = 0.9843, R² (last) = 0.9983

block_0_mlp_output:
  F_magnitude         : R² (all) = 0.4496, R² (last) = 0.4840
  F_direction_x       : R² (all) = 0.9861, R² (last) = 0.9968
  F_direction_y       : R² (all) = 0.9818, R² (last) = 0.9952
  Fx                  : R² (all) = 0.3601, R² (last) = 0.5862
  Fy                  : R² (all) = 0.3102, R² (last) = 0.4715
  r                   : R² (all) = 0.8372, R² (last) = 0.9619
  inv_r               : R² (all) = 0.8141, R² (last) = 0.8597
  r_squared           : R² (all) = 0.6824, R² (last) = 0.8856
  inv_r_squared       : R² (all) = 0.4496, R² (last) = 0.4840
  inv_r_cubed         : R² (all) = 0.1583, R² (last) = 0.2877
  x                   : R² (all) = 0.9477, R² (last) = 0.9914
  y                   : R² (all) = 0.9482, R² (last) = 0.9900

block_0_after_mlp_merge:
  F_magnitude         : R² (all) = 0.4184, R² (last) = 0.4327
  F_direction_x       : R² (all) = 0.9881, R² (last) = 0.9950
  F_direction_y       : R² (all) = 0.9821, R² (last) = 0.9926
  Fx                  : R² (all) = 0.3840, R² (last) = 0.5380
  Fy                  : R² (all) = 0.2914, R² (last) = 0.3750
  r                   : R² (all) = 0.8365, R² (last) = 0.9757
  inv_r               : R² (all) = 0.7906, R² (last) = 0.8499
  r_squared           : R² (all) = 0.6889, R² (last) = 0.9233
  inv_r_squared       : R² (all) = 0.4184, R² (last) = 0.4327
  inv_r_cubed         : R² (all) = 0.1356, R² (last) = 0.2153
  x                   : R² (all) = 0.9997, R² (last) = 1.0000
  y                   : R² (all) = 0.9997, R² (last) = 1.0000

block_1_attn_output:
  F_magnitude         : R² (all) = 0.3619, R² (last) = 0.2078
  F_direction_x       : R² (all) = 0.9308, R² (last) = 0.9500
  F_direction_y       : R² (all) = 0.8827, R² (last) = 0.8927
  Fx                  : R² (all) = 0.3252, R² (last) = 0.4125
  Fy                  : R² (all) = 0.1738, R² (last) = 0.0927
  r                   : R² (all) = 0.8551, R² (last) = 0.8929
  inv_r               : R² (all) = 0.7296, R² (last) = 0.6484
  r_squared           : R² (all) = 0.7271, R² (last) = 0.7998
  inv_r_squared       : R² (all) = 0.3619, R² (last) = 0.2078
  inv_r_cubed         : R² (all) = 0.1098, R² (last) = 0.0666
  x                   : R² (all) = 0.9631, R² (last) = 0.9762
  y                   : R² (all) = 0.9576, R² (last) = 0.9733

block_1_after_attn_merge:
  F_magnitude         : R² (all) = 0.2796, R² (last) = 0.3431
  F_direction_x       : R² (all) = 0.9690, R² (last) = 0.9866
  F_direction_y       : R² (all) = 0.9548, R² (last) = 0.9720
  Fx                  : R² (all) = 0.3319, R² (last) = 0.5022
  Fy                  : R² (all) = 0.2467, R² (last) = 0.3073
  r                   : R² (all) = 0.9157, R² (last) = 0.9718
  inv_r               : R² (all) = 0.6445, R² (last) = 0.7589
  r_squared           : R² (all) = 0.8399, R² (last) = 0.9464
  inv_r_squared       : R² (all) = 0.2796, R² (last) = 0.3431
  inv_r_cubed         : R² (all) = 0.0727, R² (last) = 0.1639
  x                   : R² (all) = 0.9921, R² (last) = 0.9975
  y                   : R² (all) = 0.9919, R² (last) = 0.9967

block_1_mlp_hidden:
  F_magnitude         : R² (all) = 0.4714, R² (last) = 0.7068
  F_direction_x       : R² (all) = 0.9863, R² (last) = 0.9972
  F_direction_y       : R² (all) = 0.9787, R² (last) = 0.9922
  Fx                  : R² (all) = 0.4382, R² (last) = 0.7412
  Fy                  : R² (all) = 0.3444, R² (last) = 0.6540
  r                   : R² (all) = 0.9834, R² (last) = 0.9985
  inv_r               : R² (all) = 0.8102, R² (last) = 0.9208
  r_squared           : R² (all) = 0.9855, R² (last) = 0.9987
  inv_r_squared       : R² (all) = 0.4714, R² (last) = 0.7068
  inv_r_cubed         : R² (all) = 0.1770, R² (last) = 0.5798
  x                   : R² (all) = 0.9970, R² (last) = 0.9998
  y                   : R² (all) = 0.9980, R² (last) = 0.9997

block_1_mlp_output:
  F_magnitude         : R² (all) = 0.3233, R² (last) = 0.3331
  F_direction_x       : R² (all) = 0.9724, R² (last) = 0.9884
  F_direction_y       : R² (all) = 0.9578, R² (last) = 0.9692
  Fx                  : R² (all) = 0.3389, R² (last) = 0.5013
  Fy                  : R² (all) = 0.2506, R² (last) = 0.2472
  r                   : R² (all) = 0.9469, R² (last) = 0.9809
  inv_r               : R² (all) = 0.6757, R² (last) = 0.7408
  r_squared           : R² (all) = 0.9443, R² (last) = 0.9848
  inv_r_squared       : R² (all) = 0.3233, R² (last) = 0.3331
  inv_r_cubed         : R² (all) = 0.0953, R² (last) = 0.1586
  x                   : R² (all) = 0.9920, R² (last) = 0.9974
  y                   : R² (all) = 0.9932, R² (last) = 0.9982

block_1_after_mlp_merge:
  F_magnitude         : R² (all) = 0.3790, R² (last) = 0.3996
  F_direction_x       : R² (all) = 0.9854, R² (last) = 0.9942
  F_direction_y       : R² (all) = 0.9707, R² (last) = 0.9916
  Fx                  : R² (all) = 0.4149, R² (last) = 0.5709
  Fy                  : R² (all) = 0.2902, R² (last) = 0.3962
  r                   : R² (all) = 0.8765, R² (last) = 0.9629
  inv_r               : R² (all) = 0.7397, R² (last) = 0.7939
  r_squared           : R² (all) = 0.7678, R² (last) = 0.9111
  inv_r_squared       : R² (all) = 0.3790, R² (last) = 0.3996
  inv_r_cubed         : R² (all) = 0.1226, R² (last) = 0.2171
  x                   : R² (all) = 0.9958, R² (last) = 0.9997
  y                   : R² (all) = 0.9975, R² (last) = 0.9996

after_ln_f:
  F_magnitude         : R² (all) = 0.3102, R² (last) = 0.3155
  F_direction_x       : R² (all) = 0.9778, R² (last) = 0.9924
  F_direction_y       : R² (all) = 0.9548, R² (last) = 0.9829
  Fx                  : R² (all) = 0.3647, R² (last) = 0.5523
  Fy                  : R² (all) = 0.2474, R² (last) = 0.3091
  r                   : R² (all) = 0.8910, R² (last) = 0.9719
  inv_r               : R² (all) = 0.6691, R² (last) = 0.7250
  r_squared           : R² (all) = 0.8089, R² (last) = 0.9455
  inv_r_squared       : R² (all) = 0.3102, R² (last) = 0.3155
  inv_r_cubed         : R² (all) = 0.0877, R² (last) = 0.1566
  x                   : R² (all) = 0.9967, R² (last) = 0.9991
  y                   : R² (all) = 0.9973, R² (last) = 0.9989
Evaluating on 500 trajectories...
Conditioning length: 50, Generating 50 more steps per trajectory...

Error Statistics (aggregated across all 500 trajectories):
Mean position error: 0.393260 ± 0.389052
Max position error: 2.650174
R² scores:
  X coordinate: 0.637806 ± 0.492608
  Y coordinate: 0.616896 ± 0.535976
Evaluating on 500 trajectories...
Conditioning length: 50, Generating 50 more steps per trajectory...

Error Statistics (aggregated across all 500 trajectories):
Mean position error: 0.394019 ± 0.368867
Max position error: 2.563636
R² scores:
  X coordinate: 0.686542 ± 0.440801
  Y coordinate: 0.688152 ± 0.440149
Evaluation at step 1901 completed.

Step 2000, Total Train Loss: 0.010531, Prediction Loss: 0.009915, Test Loss: 0.001765, Attention Entropy: 0.0616, Entropy Reg Loss: 0.000616, Entropy Reg Active: True, GPU Memory: 0.000 GB

Evaluating at step 2001...
Activations collected:
  input_embed: torch.Size([1000, 99, 32])
  after_pos_emb: torch.Size([1000, 99, 32])
  block_0_attn_output: torch.Size([1000, 99, 32])
  block_0_after_attn_merge: torch.Size([1000, 99, 32])
  block_0_mlp_hidden: torch.Size([1000, 99, 128])
  block_0_mlp_output: torch.Size([1000, 99, 32])
  block_0_after_mlp_merge: torch.Size([1000, 99, 32])
  block_1_attn_output: torch.Size([1000, 99, 32])
  block_1_after_attn_merge: torch.Size([1000, 99, 32])
  block_1_mlp_hidden: torch.Size([1000, 99, 128])
  block_1_mlp_output: torch.Size([1000, 99, 32])
  block_1_after_mlp_merge: torch.Size([1000, 99, 32])
  after_ln_f: torch.Size([1000, 99, 32])

Linear Probe Results (R² scores):
================================================================================

input_embed:
  F_magnitude         : R² (all) = 0.0000, R² (last) = 0.0000
  F_direction_x       : R² (all) = 0.8360, R² (last) = 0.8368
  F_direction_y       : R² (all) = 0.8355, R² (last) = 0.8431
  Fx                  : R² (all) = 0.0767, R² (last) = 0.0622
  Fy                  : R² (all) = 0.0753, R² (last) = 0.0680
  r                   : R² (all) = 0.0000, R² (last) = 0.0006
  inv_r               : R² (all) = 0.0000, R² (last) = 0.0000
  r_squared           : R² (all) = 0.0000, R² (last) = 0.0015
  inv_r_squared       : R² (all) = 0.0000, R² (last) = 0.0000
  inv_r_cubed         : R² (all) = 0.0000, R² (last) = 0.0000
  x                   : R² (all) = 1.0000, R² (last) = 1.0000
  y                   : R² (all) = 1.0000, R² (last) = 1.0000

after_pos_emb:
  F_magnitude         : R² (all) = 0.0326, R² (last) = 0.0000
  F_direction_x       : R² (all) = 0.8360, R² (last) = 0.8368
  F_direction_y       : R² (all) = 0.8355, R² (last) = 0.8431
  Fx                  : R² (all) = 0.0768, R² (last) = 0.0622
  Fy                  : R² (all) = 0.0756, R² (last) = 0.0680
  r                   : R² (all) = 0.0619, R² (last) = 0.0006
  inv_r               : R² (all) = 0.0444, R² (last) = 0.0000
  r_squared           : R² (all) = 0.0675, R² (last) = 0.0015
  inv_r_squared       : R² (all) = 0.0326, R² (last) = 0.0000
  inv_r_cubed         : R² (all) = 0.0196, R² (last) = 0.0000
  x                   : R² (all) = 1.0000, R² (last) = 1.0000
  y                   : R² (all) = 1.0000, R² (last) = 1.0000

block_0_attn_output:
  F_magnitude         : R² (all) = 0.4081, R² (last) = 0.4403
  F_direction_x       : R² (all) = 0.8859, R² (last) = 0.9386
  F_direction_y       : R² (all) = 0.8085, R² (last) = 0.8803
  Fx                  : R² (all) = 0.3531, R² (last) = 0.4292
  Fy                  : R² (all) = 0.1882, R² (last) = 0.3097
  r                   : R² (all) = 0.7902, R² (last) = 0.8267
  inv_r               : R² (all) = 0.7092, R² (last) = 0.7488
  r_squared           : R² (all) = 0.6529, R² (last) = 0.7152
  inv_r_squared       : R² (all) = 0.4081, R² (last) = 0.4403
  inv_r_cubed         : R² (all) = 0.1692, R² (last) = 0.2163
  x                   : R² (all) = 0.7866, R² (last) = 0.8503
  y                   : R² (all) = 0.7697, R² (last) = 0.8310

block_0_after_attn_merge:
  F_magnitude         : R² (all) = 0.5241, R² (last) = 0.5534
  F_direction_x       : R² (all) = 0.9854, R² (last) = 0.9928
  F_direction_y       : R² (all) = 0.9793, R² (last) = 0.9868
  Fx                  : R² (all) = 0.3839, R² (last) = 0.5016
  Fy                  : R² (all) = 0.2825, R² (last) = 0.4000
  r                   : R² (all) = 0.8393, R² (last) = 0.9538
  inv_r               : R² (all) = 0.8338, R² (last) = 0.8616
  r_squared           : R² (all) = 0.6824, R² (last) = 0.8631
  inv_r_squared       : R² (all) = 0.5241, R² (last) = 0.5534
  inv_r_cubed         : R² (all) = 0.2397, R² (last) = 0.2990
  x                   : R² (all) = 0.9452, R² (last) = 0.9663
  y                   : R² (all) = 0.9406, R² (last) = 0.9538

block_0_mlp_hidden:
  F_magnitude         : R² (all) = 0.7155, R² (last) = 0.8921
  F_direction_x       : R² (all) = 0.9957, R² (last) = 0.9995
  F_direction_y       : R² (all) = 0.9937, R² (last) = 0.9990
  Fx                  : R² (all) = 0.6189, R² (last) = 0.8491
  Fy                  : R² (all) = 0.5105, R² (last) = 0.7920
  r                   : R² (all) = 0.9301, R² (last) = 0.9971
  inv_r               : R² (all) = 0.9223, R² (last) = 0.9798
  r_squared           : R² (all) = 0.8305, R² (last) = 0.9859
  inv_r_squared       : R² (all) = 0.7155, R² (last) = 0.8921
  inv_r_cubed         : R² (all) = 0.4422, R² (last) = 0.7626
  x                   : R² (all) = 0.9835, R² (last) = 0.9988
  y                   : R² (all) = 0.9848, R² (last) = 0.9985

block_0_mlp_output:
  F_magnitude         : R² (all) = 0.5250, R² (last) = 0.6640
  F_direction_x       : R² (all) = 0.9867, R² (last) = 0.9969
  F_direction_y       : R² (all) = 0.9827, R² (last) = 0.9962
  Fx                  : R² (all) = 0.4163, R² (last) = 0.6020
  Fy                  : R² (all) = 0.3374, R² (last) = 0.5529
  r                   : R² (all) = 0.8287, R² (last) = 0.9652
  inv_r               : R² (all) = 0.8301, R² (last) = 0.9147
  r_squared           : R² (all) = 0.6705, R² (last) = 0.8916
  inv_r_squared       : R² (all) = 0.5250, R² (last) = 0.6640
  inv_r_cubed         : R² (all) = 0.2427, R² (last) = 0.4189
  x                   : R² (all) = 0.9482, R² (last) = 0.9916
  y                   : R² (all) = 0.9511, R² (last) = 0.9895

block_0_after_mlp_merge:
  F_magnitude         : R² (all) = 0.4905, R² (last) = 0.6737
  F_direction_x       : R² (all) = 0.9886, R² (last) = 0.9957
  F_direction_y       : R² (all) = 0.9830, R² (last) = 0.9945
  Fx                  : R² (all) = 0.4467, R² (last) = 0.5549
  Fy                  : R² (all) = 0.3251, R² (last) = 0.5215
  r                   : R² (all) = 0.8289, R² (last) = 0.9760
  inv_r               : R² (all) = 0.8058, R² (last) = 0.9163
  r_squared           : R² (all) = 0.6783, R² (last) = 0.9263
  inv_r_squared       : R² (all) = 0.4905, R² (last) = 0.6737
  inv_r_cubed         : R² (all) = 0.2125, R² (last) = 0.4187
  x                   : R² (all) = 0.9997, R² (last) = 1.0000
  y                   : R² (all) = 0.9997, R² (last) = 1.0000

block_1_attn_output:
  F_magnitude         : R² (all) = 0.4304, R² (last) = 0.3855
  F_direction_x       : R² (all) = 0.9331, R² (last) = 0.9573
  F_direction_y       : R² (all) = 0.8912, R² (last) = 0.9121
  Fx                  : R² (all) = 0.3730, R² (last) = 0.4317
  Fy                  : R² (all) = 0.2115, R² (last) = 0.2106
  r                   : R² (all) = 0.8538, R² (last) = 0.8975
  inv_r               : R² (all) = 0.7465, R² (last) = 0.7245
  r_squared           : R² (all) = 0.7244, R² (last) = 0.8033
  inv_r_squared       : R² (all) = 0.4304, R² (last) = 0.3855
  inv_r_cubed         : R² (all) = 0.1784, R² (last) = 0.2084
  x                   : R² (all) = 0.9644, R² (last) = 0.9762
  y                   : R² (all) = 0.9591, R² (last) = 0.9752

block_1_after_attn_merge:
  F_magnitude         : R² (all) = 0.3259, R² (last) = 0.4908
  F_direction_x       : R² (all) = 0.9707, R² (last) = 0.9879
  F_direction_y       : R² (all) = 0.9578, R² (last) = 0.9804
  Fx                  : R² (all) = 0.3863, R² (last) = 0.4919
  Fy                  : R² (all) = 0.2788, R² (last) = 0.4524
  r                   : R² (all) = 0.9112, R² (last) = 0.9675
  inv_r               : R² (all) = 0.6509, R² (last) = 0.8089
  r_squared           : R² (all) = 0.8351, R² (last) = 0.9403
  inv_r_squared       : R² (all) = 0.3259, R² (last) = 0.4908
  inv_r_cubed         : R² (all) = 0.1158, R² (last) = 0.2433
  x                   : R² (all) = 0.9922, R² (last) = 0.9974
  y                   : R² (all) = 0.9925, R² (last) = 0.9969

block_1_mlp_hidden:
  F_magnitude         : R² (all) = 0.5455, R² (last) = 0.7473
  F_direction_x       : R² (all) = 0.9869, R² (last) = 0.9973
  F_direction_y       : R² (all) = 0.9799, R² (last) = 0.9949
  Fx                  : R² (all) = 0.5119, R² (last) = 0.6537
  Fy                  : R² (all) = 0.3926, R² (last) = 0.6843
  r                   : R² (all) = 0.9822, R² (last) = 0.9985
  inv_r               : R² (all) = 0.8236, R² (last) = 0.9376
  r_squared           : R² (all) = 0.9843, R² (last) = 0.9986
  inv_r_squared       : R² (all) = 0.5455, R² (last) = 0.7473
  inv_r_cubed         : R² (all) = 0.2681, R² (last) = 0.5284
  x                   : R² (all) = 0.9970, R² (last) = 0.9998
  y                   : R² (all) = 0.9980, R² (last) = 0.9998

block_1_mlp_output:
  F_magnitude         : R² (all) = 0.3757, R² (last) = 0.4977
  F_direction_x       : R² (all) = 0.9736, R² (last) = 0.9887
  F_direction_y       : R² (all) = 0.9605, R² (last) = 0.9771
  Fx                  : R² (all) = 0.3958, R² (last) = 0.4681
  Fy                  : R² (all) = 0.2827, R² (last) = 0.3879
  r                   : R² (all) = 0.9442, R² (last) = 0.9788
  inv_r               : R² (all) = 0.6832, R² (last) = 0.8010
  r_squared           : R² (all) = 0.9416, R² (last) = 0.9835
  inv_r_squared       : R² (all) = 0.3757, R² (last) = 0.4977
  inv_r_cubed         : R² (all) = 0.1487, R² (last) = 0.2550
  x                   : R² (all) = 0.9921, R² (last) = 0.9969
  y                   : R² (all) = 0.9933, R² (last) = 0.9983

block_1_after_mlp_merge:
  F_magnitude         : R² (all) = 0.4400, R² (last) = 0.5323
  F_direction_x       : R² (all) = 0.9859, R² (last) = 0.9955
  F_direction_y       : R² (all) = 0.9721, R² (last) = 0.9926
  Fx                  : R² (all) = 0.4829, R² (last) = 0.5768
  Fy                  : R² (all) = 0.3240, R² (last) = 0.5292
  r                   : R² (all) = 0.8707, R² (last) = 0.9570
  inv_r               : R² (all) = 0.7493, R² (last) = 0.8308
  r_squared           : R² (all) = 0.7608, R² (last) = 0.9029
  inv_r_squared       : R² (all) = 0.4400, R² (last) = 0.5323
  inv_r_cubed         : R² (all) = 0.1883, R² (last) = 0.3092
  x                   : R² (all) = 0.9960, R² (last) = 0.9996
  y                   : R² (all) = 0.9975, R² (last) = 0.9996

after_ln_f:
  F_magnitude         : R² (all) = 0.3604, R² (last) = 0.4620
  F_direction_x       : R² (all) = 0.9783, R² (last) = 0.9939
  F_direction_y       : R² (all) = 0.9572, R² (last) = 0.9868
  Fx                  : R² (all) = 0.4226, R² (last) = 0.5414
  Fy                  : R² (all) = 0.2774, R² (last) = 0.4705
  r                   : R² (all) = 0.8861, R² (last) = 0.9662
  inv_r               : R² (all) = 0.6753, R² (last) = 0.7826
  r_squared           : R² (all) = 0.8041, R² (last) = 0.9391
  inv_r_squared       : R² (all) = 0.3604, R² (last) = 0.4620
  inv_r_cubed         : R² (all) = 0.1377, R² (last) = 0.2407
  x                   : R² (all) = 0.9969, R² (last) = 0.9989
  y                   : R² (all) = 0.9971, R² (last) = 0.9988
Evaluating on 500 trajectories...
Conditioning length: 50, Generating 50 more steps per trajectory...

Error Statistics (aggregated across all 500 trajectories):
Mean position error: 0.402435 ± 0.389237
Max position error: 3.132297
R² scores:
  X coordinate: 0.623032 ± 0.525963
  Y coordinate: 0.631978 ± 0.519673
Evaluating on 500 trajectories...
Conditioning length: 50, Generating 50 more steps per trajectory...

Error Statistics (aggregated across all 500 trajectories):
Mean position error: 0.427406 ± 0.410648
Max position error: 2.995037
R² scores:
  X coordinate: 0.611722 ± 0.505222
  Y coordinate: 0.608851 ± 0.500088
Evaluation at step 2001 completed.

Final memory stats: {'initial': {'allocated_gb': 0, 'reserved_gb': 0, 'max_allocated_gb': 0}, 'final': {'allocated_gb': 0, 'reserved_gb': 0, 'max_allocated_gb': 0}, 'peak': {'allocated_gb': 0, 'reserved_gb': 0, 'max_allocated_gb': 0}}

Training completed!
Saved results to ./results/kepler_cv_blocksize/results_block_size_100_num_trajectories_10000_noise_scale_0.1_loss_mask_all_attention_entropy_reg_0.01_start_0_end_none.npz

[2/2] Running: block_size=100, num_trajectories=10000, noise_scale=0.1, loss_mask=all, attention_entropy_reg=0.1, entropy_interval=[0, None)

================================================================================
Training model: block_size=100, noise_scale=0.1, lr=0.001, n_layer=2, n_embd=32, num_trajectories=10000, loss_mask=all, attention_entropy_reg=0.1, entropy_interval=[0, None)
================================================================================
Loading Kepler orbit trajectories from data_cv...
Loading 20,000 trajectories from 2 chunks...
Loaded 20,000 trajectories from chunks
Trajectories shape: (20000, 100, 2)
Position range: x=[-3.536, 3.517], y=[-3.444, 3.481]

Split: 10000 training trajectories, 10000 test trajectories
Loading orbital parameters from data_cv...
Loading 20,000 orbital parameters from 2 chunks...
Loaded 20,000 orbital parameters from chunks
Loaded 20000 orbital parameters

Block size (100) >= num_points_per_trajectory (100)
Using full trajectories...

Train input shape: torch.Size([10000, 99, 2]), Train target shape: torch.Size([10000, 99, 2])
Test input shape: torch.Size([10000, 99, 2]), Test target shape: torch.Size([10000, 99, 2])

Setting up model...
number of parameters: 0.025634M
Initial train loss: 1.057478, Initial test loss: 1.071695
Train predictions shape: torch.Size([128, 99, 2])

Training model with periodic evaluation...
Hooks registered for 2 transformer blocks:
  For each block: attn_output, after_attn_merge, mlp_output, after_mlp_merge, mlp_hidden
  Additional: input_embed, after_pos_emb, after_ln_f
  Total hooks: 13
Step 0, Total Train Loss: 1.237903, Prediction Loss: 1.137904, Test Loss: 0.942931, Attention Entropy: 1.0000, Entropy Reg Loss: 0.099999, Entropy Reg Active: True, GPU Memory: 0.000 GB

Evaluating at step 1...
Activations collected:
  input_embed: torch.Size([1000, 99, 32])
  after_pos_emb: torch.Size([1000, 99, 32])
  block_0_attn_output: torch.Size([1000, 99, 32])
  block_0_after_attn_merge: torch.Size([1000, 99, 32])
  block_0_mlp_hidden: torch.Size([1000, 99, 128])
  block_0_mlp_output: torch.Size([1000, 99, 32])
  block_0_after_mlp_merge: torch.Size([1000, 99, 32])
  block_1_attn_output: torch.Size([1000, 99, 32])
  block_1_after_attn_merge: torch.Size([1000, 99, 32])
  block_1_mlp_hidden: torch.Size([1000, 99, 128])
  block_1_mlp_output: torch.Size([1000, 99, 32])
  block_1_after_mlp_merge: torch.Size([1000, 99, 32])
  after_ln_f: torch.Size([1000, 99, 32])

Linear Probe Results (R² scores):
================================================================================

input_embed:
  F_magnitude         : R² (all) = 0.0005, R² (last) = 0.0018
  F_direction_x       : R² (all) = 0.8208, R² (last) = 0.8201
  F_direction_y       : R² (all) = 0.8254, R² (last) = 0.8312
  Fx                  : R² (all) = 0.0582, R² (last) = 0.0684
  Fy                  : R² (all) = 0.0628, R² (last) = 0.0892
  r                   : R² (all) = 0.0067, R² (last) = 0.0167
  inv_r               : R² (all) = 0.0017, R² (last) = 0.0043
  r_squared           : R² (all) = 0.0090, R² (last) = 0.0244
  inv_r_squared       : R² (all) = 0.0005, R² (last) = 0.0018
  inv_r_cubed         : R² (all) = 0.0001, R² (last) = 0.0009
  x                   : R² (all) = 1.0000, R² (last) = 1.0000
  y                   : R² (all) = 1.0000, R² (last) = 1.0000

after_pos_emb:
  F_magnitude         : R² (all) = 0.0108, R² (last) = 0.0018
  F_direction_x       : R² (all) = 0.8045, R² (last) = 0.8201
  F_direction_y       : R² (all) = 0.8111, R² (last) = 0.8312
  Fx                  : R² (all) = 0.0577, R² (last) = 0.0684
  Fy                  : R² (all) = 0.0620, R² (last) = 0.0892
  r                   : R² (all) = 0.0269, R² (last) = 0.0168
  inv_r               : R² (all) = 0.0148, R² (last) = 0.0043
  r_squared           : R² (all) = 0.0316, R² (last) = 0.0245
  inv_r_squared       : R² (all) = 0.0108, R² (last) = 0.0018
  inv_r_cubed         : R² (all) = 0.0071, R² (last) = 0.0009
  x                   : R² (all) = 0.9794, R² (last) = 1.0000
  y                   : R² (all) = 0.9824, R² (last) = 1.0000

block_0_attn_output:
  F_magnitude         : R² (all) = 0.2225, R² (last) = 0.4981
  F_direction_x       : R² (all) = 0.3936, R² (last) = 0.7503
  F_direction_y       : R² (all) = 0.3815, R² (last) = 0.6272
  Fx                  : R² (all) = 0.0117, R² (last) = 0.2524
  Fy                  : R² (all) = 0.0152, R² (last) = 0.2673
  r                   : R² (all) = 0.6235, R² (last) = 0.9384
  inv_r               : R² (all) = 0.4709, R² (last) = 0.7427
  r_squared           : R² (all) = 0.5302, R² (last) = 0.9236
  inv_r_squared       : R² (all) = 0.2225, R² (last) = 0.4981
  inv_r_cubed         : R² (all) = 0.0797, R² (last) = 0.2926
  x                   : R² (all) = 0.5293, R² (last) = 0.8452
  y                   : R² (all) = 0.5128, R² (last) = 0.7040

block_0_after_attn_merge:
  F_magnitude         : R² (all) = 0.0310, R² (last) = 0.6009
  F_direction_x       : R² (all) = 0.9286, R² (last) = 0.9728
  F_direction_y       : R² (all) = 0.9347, R² (last) = 0.9734
  Fx                  : R² (all) = 0.1156, R² (last) = 0.4051
  Fy                  : R² (all) = 0.1213, R² (last) = 0.4846
  r                   : R² (all) = 0.0627, R² (last) = 0.9667
  inv_r               : R² (all) = 0.0513, R² (last) = 0.8396
  r_squared           : R² (all) = 0.0550, R² (last) = 0.9107
  inv_r_squared       : R² (all) = 0.0310, R² (last) = 0.6009
  inv_r_cubed         : R² (all) = 0.0164, R² (last) = 0.3850
  x                   : R² (all) = 0.9133, R² (last) = 0.9659
  y                   : R² (all) = 0.9131, R² (last) = 0.9604

block_0_mlp_hidden:
  F_magnitude         : R² (all) = 0.3606, R² (last) = 0.9160
  F_direction_x       : R² (all) = 0.9405, R² (last) = 0.9934
  F_direction_y       : R² (all) = 0.9495, R² (last) = 0.9964
  Fx                  : R² (all) = 0.1336, R² (last) = 0.6201
  Fy                  : R² (all) = 0.1470, R² (last) = 0.7779
  r                   : R² (all) = 0.7619, R² (last) = 0.9993
  inv_r               : R² (all) = 0.6829, R² (last) = 0.9819
  r_squared           : R² (all) = 0.6134, R² (last) = 0.9967
  inv_r_squared       : R² (all) = 0.3606, R² (last) = 0.9159
  inv_r_cubed         : R² (all) = 0.1375, R² (last) = 0.7828
  x                   : R² (all) = 0.9235, R² (last) = 0.9993
  y                   : R² (all) = 0.9222, R² (last) = 0.9995

block_0_mlp_output:
  F_magnitude         : R² (all) = 0.0653, R² (last) = 0.7528
  F_direction_x       : R² (all) = 0.9242, R² (last) = 0.9885
  F_direction_y       : R² (all) = 0.9323, R² (last) = 0.9904
  Fx                  : R² (all) = 0.1150, R² (last) = 0.5128
  Fy                  : R² (all) = 0.1218, R² (last) = 0.6612
  r                   : R² (all) = 0.1145, R² (last) = 0.9962
  inv_r               : R² (all) = 0.1099, R² (last) = 0.9285
  r_squared           : R² (all) = 0.0913, R² (last) = 0.9819
  inv_r_squared       : R² (all) = 0.0653, R² (last) = 0.7528
  inv_r_cubed         : R² (all) = 0.0303, R² (last) = 0.5320
  x                   : R² (all) = 0.9083, R² (last) = 0.9971
  y                   : R² (all) = 0.9098, R² (last) = 0.9965

block_0_after_mlp_merge:
  F_magnitude         : R² (all) = 0.0116, R² (last) = 0.7214
  F_direction_x       : R² (all) = 0.8238, R² (last) = 0.9892
  F_direction_y       : R² (all) = 0.8455, R² (last) = 0.9929
  Fx                  : R² (all) = 0.0749, R² (last) = 0.4958
  Fy                  : R² (all) = 0.0920, R² (last) = 0.6969
  r                   : R² (all) = 0.0233, R² (last) = 0.9949
  inv_r               : R² (all) = 0.0146, R² (last) = 0.9158
  r_squared           : R² (all) = 0.0279, R² (last) = 0.9780
  inv_r_squared       : R² (all) = 0.0116, R² (last) = 0.7214
  inv_r_cubed         : R² (all) = 0.0077, R² (last) = 0.4856
  x                   : R² (all) = 0.9790, R² (last) = 1.0000
  y                   : R² (all) = 0.9815, R² (last) = 1.0000

block_1_attn_output:
  F_magnitude         : R² (all) = 0.2479, R² (last) = 0.4731
  F_direction_x       : R² (all) = 0.5643, R² (last) = 0.7932
  F_direction_y       : R² (all) = 0.5626, R² (last) = 0.6103
  Fx                  : R² (all) = 0.0480, R² (last) = 0.2930
  Fy                  : R² (all) = 0.0585, R² (last) = 0.2141
  r                   : R² (all) = 0.6201, R² (last) = 0.9349
  inv_r               : R² (all) = 0.4840, R² (last) = 0.7251
  r_squared           : R² (all) = 0.5324, R² (last) = 0.9028
  inv_r_squared       : R² (all) = 0.2479, R² (last) = 0.4731
  inv_r_cubed         : R² (all) = 0.1028, R² (last) = 0.2814
  x                   : R² (all) = 0.6791, R² (last) = 0.8507
  y                   : R² (all) = 0.6762, R² (last) = 0.7400

block_1_after_attn_merge:
  F_magnitude         : R² (all) = 0.0483, R² (last) = 0.7669
  F_direction_x       : R² (all) = 0.9291, R² (last) = 0.9916
  F_direction_y       : R² (all) = 0.9380, R² (last) = 0.9930
  Fx                  : R² (all) = 0.1263, R² (last) = 0.5712
  Fy                  : R² (all) = 0.1448, R² (last) = 0.7091
  r                   : R² (all) = 0.1115, R² (last) = 0.9928
  inv_r               : R² (all) = 0.0881, R² (last) = 0.9375
  r_squared           : R² (all) = 0.0963, R² (last) = 0.9765
  inv_r_squared       : R² (all) = 0.0483, R² (last) = 0.7669
  inv_r_cubed         : R² (all) = 0.0222, R² (last) = 0.5430
  x                   : R² (all) = 0.9154, R² (last) = 0.9983
  y                   : R² (all) = 0.9169, R² (last) = 0.9983

block_1_mlp_hidden:
  F_magnitude         : R² (all) = 0.3651, R² (last) = 0.9437
  F_direction_x       : R² (all) = 0.9446, R² (last) = 0.9987
  F_direction_y       : R² (all) = 0.9544, R² (last) = 0.9992
  Fx                  : R² (all) = 0.1599, R² (last) = 0.8177
  Fy                  : R² (all) = 0.2011, R² (last) = 0.8981
  r                   : R² (all) = 0.7612, R² (last) = 0.9999
  inv_r               : R² (all) = 0.6813, R² (last) = 0.9894
  r_squared           : R² (all) = 0.6202, R² (last) = 0.9991
  inv_r_squared       : R² (all) = 0.3651, R² (last) = 0.9437
  inv_r_cubed         : R² (all) = 0.1416, R² (last) = 0.8559
  x                   : R² (all) = 0.9322, R² (last) = 1.0000
  y                   : R² (all) = 0.9376, R² (last) = 1.0000

block_1_mlp_output:
  F_magnitude         : R² (all) = 0.0590, R² (last) = 0.7758
  F_direction_x       : R² (all) = 0.9277, R² (last) = 0.9928
  F_direction_y       : R² (all) = 0.9361, R² (last) = 0.9945
  Fx                  : R² (all) = 0.1230, R² (last) = 0.5385
  Fy                  : R² (all) = 0.1417, R² (last) = 0.7114
  r                   : R² (all) = 0.1455, R² (last) = 0.9954
  inv_r               : R² (all) = 0.1135, R² (last) = 0.9418
  r_squared           : R² (all) = 0.1245, R² (last) = 0.9819
  inv_r_squared       : R² (all) = 0.0590, R² (last) = 0.7758
  inv_r_cubed         : R² (all) = 0.0250, R² (last) = 0.5497
  x                   : R² (all) = 0.9146, R² (last) = 0.9988
  y                   : R² (all) = 0.9144, R² (last) = 0.9981

block_1_after_mlp_merge:
  F_magnitude         : R² (all) = 0.0160, R² (last) = 0.7175
  F_direction_x       : R² (all) = 0.8480, R² (last) = 0.9901
  F_direction_y       : R² (all) = 0.8805, R² (last) = 0.9940
  Fx                  : R² (all) = 0.0874, R² (last) = 0.5104
  Fy                  : R² (all) = 0.1331, R² (last) = 0.7023
  r                   : R² (all) = 0.0318, R² (last) = 0.9872
  inv_r               : R² (all) = 0.0218, R² (last) = 0.9165
  r_squared           : R² (all) = 0.0352, R² (last) = 0.9538
  inv_r_squared       : R² (all) = 0.0160, R² (last) = 0.7175
  inv_r_cubed         : R² (all) = 0.0099, R² (last) = 0.4785
  x                   : R² (all) = 0.9769, R² (last) = 1.0000
  y                   : R² (all) = 0.9813, R² (last) = 1.0000

after_ln_f:
  F_magnitude         : R² (all) = 0.0571, R² (last) = 0.7814
  F_direction_x       : R² (all) = 0.9342, R² (last) = 0.9930
  F_direction_y       : R² (all) = 0.9439, R² (last) = 0.9964
  Fx                  : R² (all) = 0.1360, R² (last) = 0.5479
  Fy                  : R² (all) = 0.1813, R² (last) = 0.7639
  r                   : R² (all) = 0.1281, R² (last) = 0.9960
  inv_r               : R² (all) = 0.1052, R² (last) = 0.9443
  r_squared           : R² (all) = 0.1083, R² (last) = 0.9839
  inv_r_squared       : R² (all) = 0.0571, R² (last) = 0.7814
  inv_r_cubed         : R² (all) = 0.0251, R² (last) = 0.5567
  x                   : R² (all) = 0.9107, R² (last) = 0.9991
  y                   : R² (all) = 0.9254, R² (last) = 0.9993
Evaluating on 500 trajectories...
Conditioning length: 50, Generating 50 more steps per trajectory...

Error Statistics (aggregated across all 500 trajectories):
Mean position error: 1.325727 ± 0.575850
Max position error: 3.294615
R² scores:
  X coordinate: -0.604355 ± 0.831902
  Y coordinate: -0.607264 ± 0.847800
Evaluating on 500 trajectories...
Conditioning length: 50, Generating 50 more steps per trajectory...

Error Statistics (aggregated across all 500 trajectories):
Mean position error: 1.318074 ± 0.564595
Max position error: 3.320526
R² scores:
  X coordinate: -0.655192 ± 0.884483
  Y coordinate: -0.579773 ± 0.792286
Evaluation at step 1 completed.

Step 100, Total Train Loss: 0.054714, Prediction Loss: 0.032138, Test Loss: 0.021093, Attention Entropy: 0.2258, Entropy Reg Loss: 0.022576, Entropy Reg Active: True, GPU Memory: 0.000 GB

Evaluating at step 101...
Activations collected:
  input_embed: torch.Size([1000, 99, 32])
  after_pos_emb: torch.Size([1000, 99, 32])
  block_0_attn_output: torch.Size([1000, 99, 32])
  block_0_after_attn_merge: torch.Size([1000, 99, 32])
  block_0_mlp_hidden: torch.Size([1000, 99, 128])
  block_0_mlp_output: torch.Size([1000, 99, 32])
  block_0_after_mlp_merge: torch.Size([1000, 99, 32])
  block_1_attn_output: torch.Size([1000, 99, 32])
  block_1_after_attn_merge: torch.Size([1000, 99, 32])
  block_1_mlp_hidden: torch.Size([1000, 99, 128])
  block_1_mlp_output: torch.Size([1000, 99, 32])
  block_1_after_mlp_merge: torch.Size([1000, 99, 32])
  after_ln_f: torch.Size([1000, 99, 32])

Linear Probe Results (R² scores):
================================================================================

input_embed:
  F_magnitude         : R² (all) = 0.0004, R² (last) = 0.0004
  F_direction_x       : R² (all) = 0.8364, R² (last) = 0.8402
  F_direction_y       : R² (all) = 0.8390, R² (last) = 0.8407
  Fx                  : R² (all) = 0.0660, R² (last) = 0.0648
  Fy                  : R² (all) = 0.0660, R² (last) = 0.1078
  r                   : R² (all) = 0.0057, R² (last) = 0.0043
  inv_r               : R² (all) = 0.0015, R² (last) = 0.0012
  r_squared           : R² (all) = 0.0076, R² (last) = 0.0062
  inv_r_squared       : R² (all) = 0.0004, R² (last) = 0.0004
  inv_r_cubed         : R² (all) = 0.0001, R² (last) = 0.0001
  x                   : R² (all) = 1.0000, R² (last) = 1.0000
  y                   : R² (all) = 1.0000, R² (last) = 1.0000

after_pos_emb:
  F_magnitude         : R² (all) = 0.0364, R² (last) = 0.0004
  F_direction_x       : R² (all) = 0.8361, R² (last) = 0.8402
  F_direction_y       : R² (all) = 0.8389, R² (last) = 0.8407
  Fx                  : R² (all) = 0.0662, R² (last) = 0.0648
  Fy                  : R² (all) = 0.0662, R² (last) = 0.1078
  r                   : R² (all) = 0.0494, R² (last) = 0.0043
  inv_r               : R² (all) = 0.0460, R² (last) = 0.0012
  r_squared           : R² (all) = 0.0476, R² (last) = 0.0062
  inv_r_squared       : R² (all) = 0.0364, R² (last) = 0.0004
  inv_r_cubed         : R² (all) = 0.0246, R² (last) = 0.0001
  x                   : R² (all) = 0.9996, R² (last) = 1.0000
  y                   : R² (all) = 0.9997, R² (last) = 1.0000

block_0_attn_output:
  F_magnitude         : R² (all) = 0.1102, R² (last) = 0.2348
  F_direction_x       : R² (all) = 0.8305, R² (last) = 0.8861
  F_direction_y       : R² (all) = 0.7848, R² (last) = 0.8273
  Fx                  : R² (all) = 0.2484, R² (last) = 0.4099
  Fy                  : R² (all) = 0.1680, R² (last) = 0.3466
  r                   : R² (all) = 0.1987, R² (last) = 0.2880
  inv_r               : R² (all) = 0.1979, R² (last) = 0.2767
  r_squared           : R² (all) = 0.1555, R² (last) = 0.2641
  inv_r_squared       : R² (all) = 0.1102, R² (last) = 0.2348
  inv_r_cubed         : R² (all) = 0.0436, R² (last) = 0.2125
  x                   : R² (all) = 0.7772, R² (last) = 0.8105
  y                   : R² (all) = 0.7020, R² (last) = 0.7481

block_0_after_attn_merge:
  F_magnitude         : R² (all) = 0.0715, R² (last) = 0.5073
  F_direction_x       : R² (all) = 0.9568, R² (last) = 0.9763
  F_direction_y       : R² (all) = 0.9652, R² (last) = 0.9780
  Fx                  : R² (all) = 0.3006, R² (last) = 0.5744
  Fy                  : R² (all) = 0.2149, R² (last) = 0.4680
  r                   : R² (all) = 0.1319, R² (last) = 0.7364
  inv_r               : R² (all) = 0.1126, R² (last) = 0.6698
  r_squared           : R² (all) = 0.1168, R² (last) = 0.6554
  inv_r_squared       : R² (all) = 0.0715, R² (last) = 0.5073
  inv_r_cubed         : R² (all) = 0.0393, R² (last) = 0.3987
  x                   : R² (all) = 0.9543, R² (last) = 0.9585
  y                   : R² (all) = 0.9393, R² (last) = 0.9449

block_0_mlp_hidden:
  F_magnitude         : R² (all) = 0.4823, R² (last) = 0.9349
  F_direction_x       : R² (all) = 0.9658, R² (last) = 0.9912
  F_direction_y       : R² (all) = 0.9712, R² (last) = 0.9945
  Fx                  : R² (all) = 0.3406, R² (last) = 0.8648
  Fy                  : R² (all) = 0.2483, R² (last) = 0.8361
  r                   : R² (all) = 0.9036, R² (last) = 0.9924
  inv_r               : R² (all) = 0.7989, R² (last) = 0.9775
  r_squared           : R² (all) = 0.8068, R² (last) = 0.9745
  inv_r_squared       : R² (all) = 0.4823, R² (last) = 0.9349
  inv_r_cubed         : R² (all) = 0.2177, R² (last) = 0.8943
  x                   : R² (all) = 0.9577, R² (last) = 0.9973
  y                   : R² (all) = 0.9468, R² (last) = 0.9969

block_0_mlp_output:
  F_magnitude         : R² (all) = 0.3676, R² (last) = 0.7075
  F_direction_x       : R² (all) = 0.9576, R² (last) = 0.9772
  F_direction_y       : R² (all) = 0.9659, R² (last) = 0.9822
  Fx                  : R² (all) = 0.2939, R² (last) = 0.6051
  Fy                  : R² (all) = 0.2176, R² (last) = 0.5730
  r                   : R² (all) = 0.7586, R² (last) = 0.9480
  inv_r               : R² (all) = 0.6664, R² (last) = 0.8921
  r_squared           : R² (all) = 0.6508, R² (last) = 0.8748
  inv_r_squared       : R² (all) = 0.3676, R² (last) = 0.7075
  inv_r_cubed         : R² (all) = 0.1458, R² (last) = 0.5363
  x                   : R² (all) = 0.9541, R² (last) = 0.9751
  y                   : R² (all) = 0.9399, R² (last) = 0.9877

block_0_after_mlp_merge:
  F_magnitude         : R² (all) = 0.1062, R² (last) = 0.6435
  F_direction_x       : R² (all) = 0.9531, R² (last) = 0.9808
  F_direction_y       : R² (all) = 0.9687, R² (last) = 0.9866
  Fx                  : R² (all) = 0.3399, R² (last) = 0.5813
  Fy                  : R² (all) = 0.2834, R² (last) = 0.5733
  r                   : R² (all) = 0.2289, R² (last) = 0.8915
  inv_r               : R² (all) = 0.1903, R² (last) = 0.8408
  r_squared           : R² (all) = 0.1997, R² (last) = 0.8218
  inv_r_squared       : R² (all) = 0.1062, R² (last) = 0.6435
  inv_r_cubed         : R² (all) = 0.0477, R² (last) = 0.4469
  x                   : R² (all) = 0.9975, R² (last) = 1.0000
  y                   : R² (all) = 0.9990, R² (last) = 1.0000

block_1_attn_output:
  F_magnitude         : R² (all) = 0.0653, R² (last) = 0.1039
  F_direction_x       : R² (all) = 0.2090, R² (last) = 0.2684
  F_direction_y       : R² (all) = 0.8043, R² (last) = 0.8356
  Fx                  : R² (all) = 0.0144, R² (last) = 0.0504
  Fy                  : R² (all) = 0.2273, R² (last) = 0.4040
  r                   : R² (all) = 0.1522, R² (last) = 0.1532
  inv_r               : R² (all) = 0.1297, R² (last) = 0.1588
  r_squared           : R² (all) = 0.1223, R² (last) = 0.1206
  inv_r_squared       : R² (all) = 0.0653, R² (last) = 0.1039
  inv_r_cubed         : R² (all) = 0.0242, R² (last) = 0.0594
  x                   : R² (all) = 0.2928, R² (last) = 0.3495
  y                   : R² (all) = 0.7192, R² (last) = 0.7475

block_1_after_attn_merge:
  F_magnitude         : R² (all) = 0.1212, R² (last) = 0.5105
  F_direction_x       : R² (all) = 0.9494, R² (last) = 0.9743
  F_direction_y       : R² (all) = 0.9668, R² (last) = 0.9853
  Fx                  : R² (all) = 0.3340, R² (last) = 0.5277
  Fy                  : R² (all) = 0.2927, R² (last) = 0.6088
  r                   : R² (all) = 0.2945, R² (last) = 0.8174
  inv_r               : R² (all) = 0.2328, R² (last) = 0.7262
  r_squared           : R² (all) = 0.2514, R² (last) = 0.7541
  inv_r_squared       : R² (all) = 0.1212, R² (last) = 0.5105
  inv_r_cubed         : R² (all) = 0.0513, R² (last) = 0.3248
  x                   : R² (all) = 0.9701, R² (last) = 0.9918
  y                   : R² (all) = 0.9811, R² (last) = 0.9929

block_1_mlp_hidden:
  F_magnitude         : R² (all) = 0.5083, R² (last) = 0.8326
  F_direction_x       : R² (all) = 0.9606, R² (last) = 0.9946
  F_direction_y       : R² (all) = 0.9711, R² (last) = 0.9961
  Fx                  : R² (all) = 0.3757, R² (last) = 0.8065
  Fy                  : R² (all) = 0.3199, R² (last) = 0.7935
  r                   : R² (all) = 0.9657, R² (last) = 0.9962
  inv_r               : R² (all) = 0.8209, R² (last) = 0.9461
  r_squared           : R² (all) = 0.9358, R² (last) = 0.9939
  inv_r_squared       : R² (all) = 0.5083, R² (last) = 0.8326
  inv_r_cubed         : R² (all) = 0.2349, R² (last) = 0.7009
  x                   : R² (all) = 0.9766, R² (last) = 0.9984
  y                   : R² (all) = 0.9851, R² (last) = 0.9989

block_1_mlp_output:
  F_magnitude         : R² (all) = 0.3715, R² (last) = 0.6234
  F_direction_x       : R² (all) = 0.9470, R² (last) = 0.9726
  F_direction_y       : R² (all) = 0.9648, R² (last) = 0.9810
  Fx                  : R² (all) = 0.3183, R² (last) = 0.5067
  Fy                  : R² (all) = 0.2861, R² (last) = 0.5897
  r                   : R² (all) = 0.6832, R² (last) = 0.9252
  inv_r               : R² (all) = 0.6348, R² (last) = 0.8371
  r_squared           : R² (all) = 0.5938, R² (last) = 0.8781
  inv_r_squared       : R² (all) = 0.3715, R² (last) = 0.6234
  inv_r_cubed         : R² (all) = 0.1541, R² (last) = 0.4095
  x                   : R² (all) = 0.9662, R² (last) = 0.9904
  y                   : R² (all) = 0.9770, R² (last) = 0.9916

block_1_after_mlp_merge:
  F_magnitude         : R² (all) = 0.1354, R² (last) = 0.5742
  F_direction_x       : R² (all) = 0.9544, R² (last) = 0.9786
  F_direction_y       : R² (all) = 0.9705, R² (last) = 0.9873
  Fx                  : R² (all) = 0.3305, R² (last) = 0.5574
  Fy                  : R² (all) = 0.3002, R² (last) = 0.5999
  r                   : R² (all) = 0.2621, R² (last) = 0.7923
  inv_r               : R² (all) = 0.2424, R² (last) = 0.7705
  r_squared           : R² (all) = 0.2182, R² (last) = 0.7076
  inv_r_squared       : R² (all) = 0.1354, R² (last) = 0.5742
  inv_r_cubed         : R² (all) = 0.0572, R² (last) = 0.3827
  x                   : R² (all) = 0.9967, R² (last) = 0.9998
  y                   : R² (all) = 0.9954, R² (last) = 0.9996

after_ln_f:
  F_magnitude         : R² (all) = 0.1236, R² (last) = 0.5317
  F_direction_x       : R² (all) = 0.9553, R² (last) = 0.9776
  F_direction_y       : R² (all) = 0.9634, R² (last) = 0.9832
  Fx                  : R² (all) = 0.3273, R² (last) = 0.5394
  Fy                  : R² (all) = 0.2866, R² (last) = 0.5750
  r                   : R² (all) = 0.2308, R² (last) = 0.8081
  inv_r               : R² (all) = 0.2144, R² (last) = 0.7446
  r_squared           : R² (all) = 0.1957, R² (last) = 0.7557
  inv_r_squared       : R² (all) = 0.1236, R² (last) = 0.5317
  inv_r_cubed         : R² (all) = 0.0547, R² (last) = 0.3327
  x                   : R² (all) = 0.9896, R² (last) = 0.9965
  y                   : R² (all) = 0.9897, R² (last) = 0.9964
Evaluating on 500 trajectories...
Conditioning length: 50, Generating 50 more steps per trajectory...

Error Statistics (aggregated across all 500 trajectories):
Mean position error: 1.294736 ± 0.960489
Max position error: 5.038330
R² scores:
  X coordinate: -0.926177 ± 2.064478
  Y coordinate: -0.993055 ± 1.983273
Evaluating on 500 trajectories...
Conditioning length: 50, Generating 50 more steps per trajectory...

Error Statistics (aggregated across all 500 trajectories):
Mean position error: 1.309789 ± 0.987837
Max position error: 4.951719
R² scores:
  X coordinate: -1.090742 ± 2.575838
  Y coordinate: -1.160977 ± 2.133556
Evaluation at step 101 completed.

Step 200, Total Train Loss: 0.024434, Prediction Loss: 0.018253, Test Loss: 0.008224, Attention Entropy: 0.0618, Entropy Reg Loss: 0.006181, Entropy Reg Active: True, GPU Memory: 0.000 GB

Evaluating at step 201...
Activations collected:
  input_embed: torch.Size([1000, 99, 32])
  after_pos_emb: torch.Size([1000, 99, 32])
  block_0_attn_output: torch.Size([1000, 99, 32])
  block_0_after_attn_merge: torch.Size([1000, 99, 32])
  block_0_mlp_hidden: torch.Size([1000, 99, 128])
  block_0_mlp_output: torch.Size([1000, 99, 32])
  block_0_after_mlp_merge: torch.Size([1000, 99, 32])
  block_1_attn_output: torch.Size([1000, 99, 32])
  block_1_after_attn_merge: torch.Size([1000, 99, 32])
  block_1_mlp_hidden: torch.Size([1000, 99, 128])
  block_1_mlp_output: torch.Size([1000, 99, 32])
  block_1_after_mlp_merge: torch.Size([1000, 99, 32])
  after_ln_f: torch.Size([1000, 99, 32])

Linear Probe Results (R² scores):
================================================================================

input_embed:
  F_magnitude         : R² (all) = 0.0000, R² (last) = 0.0001
  F_direction_x       : R² (all) = 0.8232, R² (last) = 0.8220
  F_direction_y       : R² (all) = 0.8265, R² (last) = 0.8235
  Fx                  : R² (all) = 0.0695, R² (last) = 0.0785
  Fy                  : R² (all) = 0.0676, R² (last) = 0.0563
  r                   : R² (all) = 0.0017, R² (last) = 0.0018
  inv_r               : R² (all) = 0.0002, R² (last) = 0.0006
  r_squared           : R² (all) = 0.0031, R² (last) = 0.0021
  inv_r_squared       : R² (all) = 0.0000, R² (last) = 0.0001
  inv_r_cubed         : R² (all) = 0.0000, R² (last) = 0.0000
  x                   : R² (all) = 1.0000, R² (last) = 1.0000
  y                   : R² (all) = 1.0000, R² (last) = 1.0000

after_pos_emb:
  F_magnitude         : R² (all) = 0.0335, R² (last) = 0.0001
  F_direction_x       : R² (all) = 0.8231, R² (last) = 0.8220
  F_direction_y       : R² (all) = 0.8264, R² (last) = 0.8235
  Fx                  : R² (all) = 0.0697, R² (last) = 0.0785
  Fy                  : R² (all) = 0.0679, R² (last) = 0.0563
  r                   : R² (all) = 0.0472, R² (last) = 0.0018
  inv_r               : R² (all) = 0.0419, R² (last) = 0.0006
  r_squared           : R² (all) = 0.0480, R² (last) = 0.0021
  inv_r_squared       : R² (all) = 0.0335, R² (last) = 0.0001
  inv_r_cubed         : R² (all) = 0.0217, R² (last) = 0.0000
  x                   : R² (all) = 0.9999, R² (last) = 1.0000
  y                   : R² (all) = 0.9999, R² (last) = 1.0000

block_0_attn_output:
  F_magnitude         : R² (all) = 0.1037, R² (last) = 0.1718
  F_direction_x       : R² (all) = 0.7372, R² (last) = 0.7943
  F_direction_y       : R² (all) = 0.7306, R² (last) = 0.7741
  Fx                  : R² (all) = 0.2134, R² (last) = 0.4076
  Fy                  : R² (all) = 0.1756, R² (last) = 0.2370
  r                   : R² (all) = 0.2016, R² (last) = 0.2372
  inv_r               : R² (all) = 0.1967, R² (last) = 0.2259
  r_squared           : R² (all) = 0.1609, R² (last) = 0.2011
  inv_r_squared       : R² (all) = 0.1037, R² (last) = 0.1718
  inv_r_cubed         : R² (all) = 0.0351, R² (last) = 0.1310
  x                   : R² (all) = 0.6941, R² (last) = 0.7314
  y                   : R² (all) = 0.6517, R² (last) = 0.6820

block_0_after_attn_merge:
  F_magnitude         : R² (all) = 0.0727, R² (last) = 0.4636
  F_direction_x       : R² (all) = 0.9557, R² (last) = 0.9748
  F_direction_y       : R² (all) = 0.9630, R² (last) = 0.9764
  Fx                  : R² (all) = 0.3020, R² (last) = 0.5765
  Fy                  : R² (all) = 0.2273, R² (last) = 0.3772
  r                   : R² (all) = 0.1253, R² (last) = 0.8262
  inv_r               : R² (all) = 0.1164, R² (last) = 0.7074
  r_squared           : R² (all) = 0.1079, R² (last) = 0.7231
  inv_r_squared       : R² (all) = 0.0727, R² (last) = 0.4637
  inv_r_cubed         : R² (all) = 0.0359, R² (last) = 0.2957
  x                   : R² (all) = 0.9466, R² (last) = 0.9501
  y                   : R² (all) = 0.9336, R² (last) = 0.9353

block_0_mlp_hidden:
  F_magnitude         : R² (all) = 0.4830, R² (last) = 0.8785
  F_direction_x       : R² (all) = 0.9652, R² (last) = 0.9927
  F_direction_y       : R² (all) = 0.9702, R² (last) = 0.9941
  Fx                  : R² (all) = 0.3493, R² (last) = 0.8451
  Fy                  : R² (all) = 0.2742, R² (last) = 0.7212
  r                   : R² (all) = 0.8896, R² (last) = 0.9886
  inv_r               : R² (all) = 0.8138, R² (last) = 0.9681
  r_squared           : R² (all) = 0.7765, R² (last) = 0.9583
  inv_r_squared       : R² (all) = 0.4830, R² (last) = 0.8785
  inv_r_cubed         : R² (all) = 0.2030, R² (last) = 0.7658
  x                   : R² (all) = 0.9516, R² (last) = 0.9963
  y                   : R² (all) = 0.9438, R² (last) = 0.9954

block_0_mlp_output:
  F_magnitude         : R² (all) = 0.3408, R² (last) = 0.6690
  F_direction_x       : R² (all) = 0.9577, R² (last) = 0.9760
  F_direction_y       : R² (all) = 0.9649, R² (last) = 0.9800
  Fx                  : R² (all) = 0.3076, R² (last) = 0.5830
  Fy                  : R² (all) = 0.2370, R² (last) = 0.4611
  r                   : R² (all) = 0.6662, R² (last) = 0.9371
  inv_r               : R² (all) = 0.6175, R² (last) = 0.8889
  r_squared           : R² (all) = 0.5527, R² (last) = 0.8470
  inv_r_squared       : R² (all) = 0.3408, R² (last) = 0.6690
  inv_r_cubed         : R² (all) = 0.1303, R² (last) = 0.4625
  x                   : R² (all) = 0.9454, R² (last) = 0.9601
  y                   : R² (all) = 0.9341, R² (last) = 0.9716

block_0_after_mlp_merge:
  F_magnitude         : R² (all) = 0.0778, R² (last) = 0.5663
  F_direction_x       : R² (all) = 0.9552, R² (last) = 0.9818
  F_direction_y       : R² (all) = 0.9651, R² (last) = 0.9853
  Fx                  : R² (all) = 0.3255, R² (last) = 0.6344
  Fy                  : R² (all) = 0.2916, R² (last) = 0.5020
  r                   : R² (all) = 0.1578, R² (last) = 0.7918
  inv_r               : R² (all) = 0.1315, R² (last) = 0.7644
  r_squared           : R² (all) = 0.1453, R² (last) = 0.7029
  inv_r_squared       : R² (all) = 0.0778, R² (last) = 0.5663
  inv_r_cubed         : R² (all) = 0.0361, R² (last) = 0.3830
  x                   : R² (all) = 0.9986, R² (last) = 1.0000
  y                   : R² (all) = 0.9992, R² (last) = 1.0000

block_1_attn_output:
  F_magnitude         : R² (all) = 0.0993, R² (last) = 0.1614
  F_direction_x       : R² (all) = 0.2194, R² (last) = 0.3319
  F_direction_y       : R² (all) = 0.7239, R² (last) = 0.7547
  Fx                  : R² (all) = 0.0456, R² (last) = 0.1177
  Fy                  : R² (all) = 0.2331, R² (last) = 0.2955
  r                   : R² (all) = 0.1965, R² (last) = 0.2217
  inv_r               : R² (all) = 0.1799, R² (last) = 0.2283
  r_squared           : R² (all) = 0.1624, R² (last) = 0.1853
  inv_r_squared       : R² (all) = 0.0993, R² (last) = 0.1614
  inv_r_cubed         : R² (all) = 0.0391, R² (last) = 0.1029
  x                   : R² (all) = 0.3079, R² (last) = 0.4280
  y                   : R² (all) = 0.6613, R² (last) = 0.7003

block_1_after_attn_merge:
  F_magnitude         : R² (all) = 0.0821, R² (last) = 0.3610
  F_direction_x       : R² (all) = 0.9465, R² (last) = 0.9728
  F_direction_y       : R² (all) = 0.9628, R² (last) = 0.9830
  Fx                  : R² (all) = 0.3180, R² (last) = 0.5769
  Fy                  : R² (all) = 0.3102, R² (last) = 0.4963
  r                   : R² (all) = 0.1906, R² (last) = 0.7303
  inv_r               : R² (all) = 0.1482, R² (last) = 0.5960
  r_squared           : R² (all) = 0.1757, R² (last) = 0.6769
  inv_r_squared       : R² (all) = 0.0821, R² (last) = 0.3610
  inv_r_cubed         : R² (all) = 0.0359, R² (last) = 0.1934
  x                   : R² (all) = 0.9888, R² (last) = 0.9964
  y                   : R² (all) = 0.9917, R² (last) = 0.9950

block_1_mlp_hidden:
  F_magnitude         : R² (all) = 0.4609, R² (last) = 0.7863
  F_direction_x       : R² (all) = 0.9576, R² (last) = 0.9911
  F_direction_y       : R² (all) = 0.9697, R² (last) = 0.9930
  Fx                  : R² (all) = 0.3586, R² (last) = 0.7413
  Fy                  : R² (all) = 0.3422, R² (last) = 0.6941
  r                   : R² (all) = 0.9822, R² (last) = 0.9960
  inv_r               : R² (all) = 0.7984, R² (last) = 0.9341
  r_squared           : R² (all) = 0.9752, R² (last) = 0.9941
  inv_r_squared       : R² (all) = 0.4609, R² (last) = 0.7863
  inv_r_cubed         : R² (all) = 0.1881, R² (last) = 0.6170
  x                   : R² (all) = 0.9907, R² (last) = 0.9984
  y                   : R² (all) = 0.9935, R² (last) = 0.9985

block_1_mlp_output:
  F_magnitude         : R² (all) = 0.2988, R² (last) = 0.5613
  F_direction_x       : R² (all) = 0.9438, R² (last) = 0.9740
  F_direction_y       : R² (all) = 0.9584, R² (last) = 0.9814
  Fx                  : R² (all) = 0.3077, R² (last) = 0.5729
  Fy                  : R² (all) = 0.3083, R² (last) = 0.5021
  r                   : R² (all) = 0.8496, R² (last) = 0.9478
  inv_r               : R² (all) = 0.6240, R² (last) = 0.7972
  r_squared           : R² (all) = 0.7769, R² (last) = 0.9243
  inv_r_squared       : R² (all) = 0.2988, R² (last) = 0.5613
  inv_r_cubed         : R² (all) = 0.0994, R² (last) = 0.3609
  x                   : R² (all) = 0.9862, R² (last) = 0.9946
  y                   : R² (all) = 0.9915, R² (last) = 0.9943

block_1_after_mlp_merge:
  F_magnitude         : R² (all) = 0.1025, R² (last) = 0.3647
  F_direction_x       : R² (all) = 0.9502, R² (last) = 0.9848
  F_direction_y       : R² (all) = 0.9662, R² (last) = 0.9885
  Fx                  : R² (all) = 0.3203, R² (last) = 0.6329
  Fy                  : R² (all) = 0.3003, R² (last) = 0.5268
  r                   : R² (all) = 0.2225, R² (last) = 0.7786
  inv_r               : R² (all) = 0.1859, R² (last) = 0.6240
  r_squared           : R² (all) = 0.1966, R² (last) = 0.6975
  inv_r_squared       : R² (all) = 0.1025, R² (last) = 0.3647
  inv_r_cubed         : R² (all) = 0.0430, R² (last) = 0.1941
  x                   : R² (all) = 0.9973, R² (last) = 0.9999
  y                   : R² (all) = 0.9969, R² (last) = 0.9996

after_ln_f:
  F_magnitude         : R² (all) = 0.0900, R² (last) = 0.3456
  F_direction_x       : R² (all) = 0.9434, R² (last) = 0.9801
  F_direction_y       : R² (all) = 0.9603, R² (last) = 0.9854
  Fx                  : R² (all) = 0.3129, R² (last) = 0.6208
  Fy                  : R² (all) = 0.2895, R² (last) = 0.5196
  r                   : R² (all) = 0.1883, R² (last) = 0.7961
  inv_r               : R² (all) = 0.1584, R² (last) = 0.6083
  r_squared           : R² (all) = 0.1681, R² (last) = 0.7186
  inv_r_squared       : R² (all) = 0.0900, R² (last) = 0.3456
  inv_r_cubed         : R² (all) = 0.0399, R² (last) = 0.1824
  x                   : R² (all) = 0.9956, R² (last) = 0.9985
  y                   : R² (all) = 0.9950, R² (last) = 0.9981
Evaluating on 500 trajectories...
Conditioning length: 50, Generating 50 more steps per trajectory...

Error Statistics (aggregated across all 500 trajectories):
Mean position error: 1.323978 ± 1.054284
Max position error: 5.174825
R² scores:
  X coordinate: -0.985122 ± 1.865071
  Y coordinate: -1.272657 ± 2.203016
Evaluating on 500 trajectories...
Conditioning length: 50, Generating 50 more steps per trajectory...

Error Statistics (aggregated across all 500 trajectories):
Mean position error: 1.337429 ± 1.073678
Max position error: 5.246285
R² scores:
  X coordinate: -1.045673 ± 2.024122
  Y coordinate: -1.323456 ± 2.228484
Evaluation at step 201 completed.

Step 300, Total Train Loss: 0.019456, Prediction Loss: 0.015705, Test Loss: 0.005870, Attention Entropy: 0.0375, Entropy Reg Loss: 0.003751, Entropy Reg Active: True, GPU Memory: 0.000 GB

Evaluating at step 301...
Activations collected:
  input_embed: torch.Size([1000, 99, 32])
  after_pos_emb: torch.Size([1000, 99, 32])
  block_0_attn_output: torch.Size([1000, 99, 32])
  block_0_after_attn_merge: torch.Size([1000, 99, 32])
  block_0_mlp_hidden: torch.Size([1000, 99, 128])
  block_0_mlp_output: torch.Size([1000, 99, 32])
  block_0_after_mlp_merge: torch.Size([1000, 99, 32])
  block_1_attn_output: torch.Size([1000, 99, 32])
  block_1_after_attn_merge: torch.Size([1000, 99, 32])
  block_1_mlp_hidden: torch.Size([1000, 99, 128])
  block_1_mlp_output: torch.Size([1000, 99, 32])
  block_1_after_mlp_merge: torch.Size([1000, 99, 32])
  after_ln_f: torch.Size([1000, 99, 32])

Linear Probe Results (R² scores):
================================================================================

input_embed:
  F_magnitude         : R² (all) = 0.0001, R² (last) = 0.0000
  F_direction_x       : R² (all) = 0.8277, R² (last) = 0.8244
  F_direction_y       : R² (all) = 0.8277, R² (last) = 0.8244
  Fx                  : R² (all) = 0.0603, R² (last) = 0.0470
  Fy                  : R² (all) = 0.0631, R² (last) = 0.0548
  r                   : R² (all) = 0.0024, R² (last) = 0.0007
  inv_r               : R² (all) = 0.0004, R² (last) = 0.0000
  r_squared           : R² (all) = 0.0035, R² (last) = 0.0011
  inv_r_squared       : R² (all) = 0.0001, R² (last) = 0.0000
  inv_r_cubed         : R² (all) = 0.0000, R² (last) = 0.0000
  x                   : R² (all) = 1.0000, R² (last) = 1.0000
  y                   : R² (all) = 1.0000, R² (last) = 1.0000

after_pos_emb:
  F_magnitude         : R² (all) = 0.0372, R² (last) = 0.0000
  F_direction_x       : R² (all) = 0.8277, R² (last) = 0.8244
  F_direction_y       : R² (all) = 0.8277, R² (last) = 0.8244
  Fx                  : R² (all) = 0.0604, R² (last) = 0.0470
  Fy                  : R² (all) = 0.0633, R² (last) = 0.0548
  r                   : R² (all) = 0.0492, R² (last) = 0.0007
  inv_r               : R² (all) = 0.0453, R² (last) = 0.0000
  r_squared           : R² (all) = 0.0499, R² (last) = 0.0011
  inv_r_squared       : R² (all) = 0.0372, R² (last) = 0.0000
  inv_r_cubed         : R² (all) = 0.0229, R² (last) = 0.0000
  x                   : R² (all) = 0.9999, R² (last) = 1.0000
  y                   : R² (all) = 0.9998, R² (last) = 1.0000

block_0_attn_output:
  F_magnitude         : R² (all) = 0.0869, R² (last) = 0.1320
  F_direction_x       : R² (all) = 0.6881, R² (last) = 0.7541
  F_direction_y       : R² (all) = 0.7040, R² (last) = 0.7603
  Fx                  : R² (all) = 0.1829, R² (last) = 0.2870
  Fy                  : R² (all) = 0.1732, R² (last) = 0.2227
  r                   : R² (all) = 0.1713, R² (last) = 0.2622
  inv_r               : R² (all) = 0.1607, R² (last) = 0.2104
  r_squared           : R² (all) = 0.1390, R² (last) = 0.2259
  inv_r_squared       : R² (all) = 0.0869, R² (last) = 0.1320
  inv_r_cubed         : R² (all) = 0.0292, R² (last) = 0.0864
  x                   : R² (all) = 0.6557, R² (last) = 0.7128
  y                   : R² (all) = 0.6179, R² (last) = 0.6580

block_0_after_attn_merge:
  F_magnitude         : R² (all) = 0.1385, R² (last) = 0.5471
  F_direction_x       : R² (all) = 0.9618, R² (last) = 0.9802
  F_direction_y       : R² (all) = 0.9694, R² (last) = 0.9835
  Fx                  : R² (all) = 0.2743, R² (last) = 0.5185
  Fy                  : R² (all) = 0.2427, R² (last) = 0.3820
  r                   : R² (all) = 0.2367, R² (last) = 0.8161
  inv_r               : R² (all) = 0.2308, R² (last) = 0.7825
  r_squared           : R² (all) = 0.1913, R² (last) = 0.6861
  inv_r_squared       : R² (all) = 0.1385, R² (last) = 0.5471
  inv_r_cubed         : R² (all) = 0.0576, R² (last) = 0.3649
  x                   : R² (all) = 0.9367, R² (last) = 0.9396
  y                   : R² (all) = 0.9272, R² (last) = 0.9322

block_0_mlp_hidden:
  F_magnitude         : R² (all) = 0.5422, R² (last) = 0.9047
  F_direction_x       : R² (all) = 0.9710, R² (last) = 0.9949
  F_direction_y       : R² (all) = 0.9764, R² (last) = 0.9959
  Fx                  : R² (all) = 0.3332, R² (last) = 0.8775
  Fy                  : R² (all) = 0.3076, R² (last) = 0.8003
  r                   : R² (all) = 0.8561, R² (last) = 0.9823
  inv_r               : R² (all) = 0.8371, R² (last) = 0.9724
  r_squared           : R² (all) = 0.7279, R² (last) = 0.9393
  inv_r_squared       : R² (all) = 0.5422, R² (last) = 0.9047
  inv_r_cubed         : R² (all) = 0.2376, R² (last) = 0.8169
  x                   : R² (all) = 0.9457, R² (last) = 0.9945
  y                   : R² (all) = 0.9430, R² (last) = 0.9929

block_0_mlp_output:
  F_magnitude         : R² (all) = 0.3583, R² (last) = 0.7267
  F_direction_x       : R² (all) = 0.9631, R² (last) = 0.9814
  F_direction_y       : R² (all) = 0.9710, R² (last) = 0.9859
  Fx                  : R² (all) = 0.2751, R² (last) = 0.5747
  Fy                  : R² (all) = 0.2489, R² (last) = 0.5254
  r                   : R² (all) = 0.6468, R² (last) = 0.9295
  inv_r               : R² (all) = 0.6137, R² (last) = 0.9051
  r_squared           : R² (all) = 0.5313, R² (last) = 0.8331
  inv_r_squared       : R² (all) = 0.3583, R² (last) = 0.7267
  inv_r_cubed         : R² (all) = 0.1373, R² (last) = 0.5564
  x                   : R² (all) = 0.9360, R² (last) = 0.9505
  y                   : R² (all) = 0.9272, R² (last) = 0.9554

block_0_after_mlp_merge:
  F_magnitude         : R² (all) = 0.0638, R² (last) = 0.6007
  F_direction_x       : R² (all) = 0.9649, R² (last) = 0.9857
  F_direction_y       : R² (all) = 0.9713, R² (last) = 0.9894
  Fx                  : R² (all) = 0.3112, R² (last) = 0.6276
  Fy                  : R² (all) = 0.3251, R² (last) = 0.5367
  r                   : R² (all) = 0.1174, R² (last) = 0.8735
  inv_r               : R² (all) = 0.1029, R² (last) = 0.8169
  r_squared           : R² (all) = 0.1042, R² (last) = 0.7761
  inv_r_squared       : R² (all) = 0.0638, R² (last) = 0.6007
  inv_r_cubed         : R² (all) = 0.0295, R² (last) = 0.4224
  x                   : R² (all) = 0.9987, R² (last) = 1.0000
  y                   : R² (all) = 0.9993, R² (last) = 1.0000

block_1_attn_output:
  F_magnitude         : R² (all) = 0.1063, R² (last) = 0.1464
  F_direction_x       : R² (all) = 0.2535, R² (last) = 0.3305
  F_direction_y       : R² (all) = 0.6958, R² (last) = 0.7345
  Fx                  : R² (all) = 0.0512, R² (last) = 0.1032
  Fy                  : R² (all) = 0.2197, R² (last) = 0.3629
  r                   : R² (all) = 0.2090, R² (last) = 0.2610
  inv_r               : R² (all) = 0.1992, R² (last) = 0.2177
  r_squared           : R² (all) = 0.1616, R² (last) = 0.2122
  inv_r_squared       : R² (all) = 0.1063, R² (last) = 0.1464
  inv_r_cubed         : R² (all) = 0.0362, R² (last) = 0.1202
  x                   : R² (all) = 0.3402, R² (last) = 0.4383
  y                   : R² (all) = 0.6343, R² (last) = 0.6759

block_1_after_attn_merge:
  F_magnitude         : R² (all) = 0.0671, R² (last) = 0.4537
  F_direction_x       : R² (all) = 0.9573, R² (last) = 0.9810
  F_direction_y       : R² (all) = 0.9696, R² (last) = 0.9867
  Fx                  : R² (all) = 0.3140, R² (last) = 0.6061
  Fy                  : R² (all) = 0.3430, R² (last) = 0.5477
  r                   : R² (all) = 0.1331, R² (last) = 0.6319
  inv_r               : R² (all) = 0.1115, R² (last) = 0.6122
  r_squared           : R² (all) = 0.1196, R² (last) = 0.5449
  inv_r_squared       : R² (all) = 0.0671, R² (last) = 0.4537
  inv_r_cubed         : R² (all) = 0.0297, R² (last) = 0.3292
  x                   : R² (all) = 0.9912, R² (last) = 0.9971
  y                   : R² (all) = 0.9948, R² (last) = 0.9974

block_1_mlp_hidden:
  F_magnitude         : R² (all) = 0.5015, R² (last) = 0.8575
  F_direction_x       : R² (all) = 0.9659, R² (last) = 0.9920
  F_direction_y       : R² (all) = 0.9754, R² (last) = 0.9942
  Fx                  : R² (all) = 0.3572, R² (last) = 0.7854
  Fy                  : R² (all) = 0.3755, R² (last) = 0.7598
  r                   : R² (all) = 0.9859, R² (last) = 0.9975
  inv_r               : R² (all) = 0.8146, R² (last) = 0.9548
  r_squared           : R² (all) = 0.9825, R² (last) = 0.9962
  inv_r_squared       : R² (all) = 0.5015, R² (last) = 0.8575
  inv_r_cubed         : R² (all) = 0.2063, R² (last) = 0.7362
  x                   : R² (all) = 0.9928, R² (last) = 0.9986
  y                   : R² (all) = 0.9960, R² (last) = 0.9988

block_1_mlp_output:
  F_magnitude         : R² (all) = 0.2918, R² (last) = 0.5448
  F_direction_x       : R² (all) = 0.9549, R² (last) = 0.9791
  F_direction_y       : R² (all) = 0.9686, R² (last) = 0.9859
  Fx                  : R² (all) = 0.3072, R² (last) = 0.5088
  Fy                  : R² (all) = 0.3461, R² (last) = 0.5353
  r                   : R² (all) = 0.8623, R² (last) = 0.9652
  inv_r               : R² (all) = 0.6014, R² (last) = 0.7933
  r_squared           : R² (all) = 0.8015, R² (last) = 0.9335
  inv_r_squared       : R² (all) = 0.2918, R² (last) = 0.5448
  inv_r_cubed         : R² (all) = 0.0950, R² (last) = 0.3473
  x                   : R² (all) = 0.9899, R² (last) = 0.9953
  y                   : R² (all) = 0.9946, R² (last) = 0.9969

block_1_after_mlp_merge:
  F_magnitude         : R² (all) = 0.0774, R² (last) = 0.3724
  F_direction_x       : R² (all) = 0.9609, R² (last) = 0.9884
  F_direction_y       : R² (all) = 0.9711, R² (last) = 0.9902
  Fx                  : R² (all) = 0.3178, R² (last) = 0.5787
  Fy                  : R² (all) = 0.3349, R² (last) = 0.5495
  r                   : R² (all) = 0.1596, R² (last) = 0.6959
  inv_r               : R² (all) = 0.1326, R² (last) = 0.5721
  r_squared           : R² (all) = 0.1413, R² (last) = 0.6278
  inv_r_squared       : R² (all) = 0.0774, R² (last) = 0.3724
  inv_r_cubed         : R² (all) = 0.0331, R² (last) = 0.2400
  x                   : R² (all) = 0.9977, R² (last) = 0.9998
  y                   : R² (all) = 0.9974, R² (last) = 0.9997

after_ln_f:
  F_magnitude         : R² (all) = 0.0649, R² (last) = 0.3608
  F_direction_x       : R² (all) = 0.9563, R² (last) = 0.9869
  F_direction_y       : R² (all) = 0.9684, R² (last) = 0.9881
  Fx                  : R² (all) = 0.3073, R² (last) = 0.5662
  Fy                  : R² (all) = 0.3294, R² (last) = 0.5310
  r                   : R² (all) = 0.1171, R² (last) = 0.7684
  inv_r               : R² (all) = 0.1040, R² (last) = 0.5800
  r_squared           : R² (all) = 0.1039, R² (last) = 0.7079
  inv_r_squared       : R² (all) = 0.0649, R² (last) = 0.3607
  inv_r_cubed         : R² (all) = 0.0298, R² (last) = 0.2294
  x                   : R² (all) = 0.9971, R² (last) = 0.9989
  y                   : R² (all) = 0.9971, R² (last) = 0.9990
Evaluating on 500 trajectories...
Conditioning length: 50, Generating 50 more steps per trajectory...

Error Statistics (aggregated across all 500 trajectories):
Mean position error: 1.211240 ± 0.889149
Max position error: 5.448443
R² scores:
  X coordinate: -0.837572 ± 1.608810
  Y coordinate: -0.898327 ± 1.569197
Evaluating on 500 trajectories...
Conditioning length: 50, Generating 50 more steps per trajectory...

Error Statistics (aggregated across all 500 trajectories):
Mean position error: 1.212295 ± 0.850676
Max position error: 5.216391
R² scores:
  X coordinate: -0.877849 ± 1.750374
  Y coordinate: -1.028016 ± 1.886852
Evaluation at step 301 completed.

Step 400, Total Train Loss: 0.017266, Prediction Loss: 0.014837, Test Loss: 0.005194, Attention Entropy: 0.0243, Entropy Reg Loss: 0.002428, Entropy Reg Active: True, GPU Memory: 0.000 GB

Evaluating at step 401...
Activations collected:
  input_embed: torch.Size([1000, 99, 32])
  after_pos_emb: torch.Size([1000, 99, 32])
  block_0_attn_output: torch.Size([1000, 99, 32])
  block_0_after_attn_merge: torch.Size([1000, 99, 32])
  block_0_mlp_hidden: torch.Size([1000, 99, 128])
  block_0_mlp_output: torch.Size([1000, 99, 32])
  block_0_after_mlp_merge: torch.Size([1000, 99, 32])
  block_1_attn_output: torch.Size([1000, 99, 32])
  block_1_after_attn_merge: torch.Size([1000, 99, 32])
  block_1_mlp_hidden: torch.Size([1000, 99, 128])
  block_1_mlp_output: torch.Size([1000, 99, 32])
  block_1_after_mlp_merge: torch.Size([1000, 99, 32])
  after_ln_f: torch.Size([1000, 99, 32])

Linear Probe Results (R² scores):
================================================================================

input_embed:
  F_magnitude         : R² (all) = 0.0002, R² (last) = 0.0013
  F_direction_x       : R² (all) = 0.8296, R² (last) = 0.8395
  F_direction_y       : R² (all) = 0.8297, R² (last) = 0.8328
  Fx                  : R² (all) = 0.0623, R² (last) = 0.0877
  Fy                  : R² (all) = 0.0652, R² (last) = 0.1212
  r                   : R² (all) = 0.0012, R² (last) = 0.0034
  inv_r               : R² (all) = 0.0006, R² (last) = 0.0021
  r_squared           : R² (all) = 0.0013, R² (last) = 0.0037
  inv_r_squared       : R² (all) = 0.0002, R² (last) = 0.0013
  inv_r_cubed         : R² (all) = 0.0000, R² (last) = 0.0006
  x                   : R² (all) = 1.0000, R² (last) = 1.0000
  y                   : R² (all) = 1.0000, R² (last) = 1.0000

after_pos_emb:
  F_magnitude         : R² (all) = 0.0303, R² (last) = 0.0013
  F_direction_x       : R² (all) = 0.8295, R² (last) = 0.8395
  F_direction_y       : R² (all) = 0.8295, R² (last) = 0.8328
  Fx                  : R² (all) = 0.0626, R² (last) = 0.0877
  Fy                  : R² (all) = 0.0656, R² (last) = 0.1212
  r                   : R² (all) = 0.0478, R² (last) = 0.0034
  inv_r               : R² (all) = 0.0401, R² (last) = 0.0021
  r_squared           : R² (all) = 0.0490, R² (last) = 0.0037
  inv_r_squared       : R² (all) = 0.0303, R² (last) = 0.0013
  inv_r_cubed         : R² (all) = 0.0191, R² (last) = 0.0006
  x                   : R² (all) = 0.9998, R² (last) = 1.0000
  y                   : R² (all) = 0.9998, R² (last) = 1.0000

block_0_attn_output:
  F_magnitude         : R² (all) = 0.0612, R² (last) = 0.1031
  F_direction_x       : R² (all) = 0.6615, R² (last) = 0.7417
  F_direction_y       : R² (all) = 0.7142, R² (last) = 0.7594
  Fx                  : R² (all) = 0.1703, R² (last) = 0.2649
  Fy                  : R² (all) = 0.1949, R² (last) = 0.3945
  r                   : R² (all) = 0.1342, R² (last) = 0.1878
  inv_r               : R² (all) = 0.1215, R² (last) = 0.1566
  r_squared           : R² (all) = 0.1102, R² (last) = 0.1722
  inv_r_squared       : R² (all) = 0.0612, R² (last) = 0.1031
  inv_r_cubed         : R² (all) = 0.0201, R² (last) = 0.0557
  x                   : R² (all) = 0.6298, R² (last) = 0.6932
  y                   : R² (all) = 0.6168, R² (last) = 0.6624

block_0_after_attn_merge:
  F_magnitude         : R² (all) = 0.1440, R² (last) = 0.6279
  F_direction_x       : R² (all) = 0.9620, R² (last) = 0.9782
  F_direction_y       : R² (all) = 0.9723, R² (last) = 0.9832
  Fx                  : R² (all) = 0.2613, R² (last) = 0.5027
  Fy                  : R² (all) = 0.2578, R² (last) = 0.5317
  r                   : R² (all) = 0.2199, R² (last) = 0.8082
  inv_r               : R² (all) = 0.2366, R² (last) = 0.8315
  r_squared           : R² (all) = 0.1741, R² (last) = 0.6829
  inv_r_squared       : R² (all) = 0.1440, R² (last) = 0.6279
  inv_r_cubed         : R² (all) = 0.0631, R² (last) = 0.3869
  x                   : R² (all) = 0.9353, R² (last) = 0.9447
  y                   : R² (all) = 0.9262, R² (last) = 0.9316

block_0_mlp_hidden:
  F_magnitude         : R² (all) = 0.5239, R² (last) = 0.9198
  F_direction_x       : R² (all) = 0.9703, R² (last) = 0.9958
  F_direction_y       : R² (all) = 0.9776, R² (last) = 0.9960
  Fx                  : R² (all) = 0.3414, R² (last) = 0.8911
  Fy                  : R² (all) = 0.3237, R² (last) = 0.8680
  r                   : R² (all) = 0.8451, R² (last) = 0.9842
  inv_r               : R² (all) = 0.8421, R² (last) = 0.9770
  r_squared           : R² (all) = 0.7094, R² (last) = 0.9455
  inv_r_squared       : R² (all) = 0.5239, R² (last) = 0.9198
  inv_r_cubed         : R² (all) = 0.2375, R² (last) = 0.8573
  x                   : R² (all) = 0.9477, R² (last) = 0.9947
  y                   : R² (all) = 0.9413, R² (last) = 0.9929

block_0_mlp_output:
  F_magnitude         : R² (all) = 0.3566, R² (last) = 0.7646
  F_direction_x       : R² (all) = 0.9624, R² (last) = 0.9818
  F_direction_y       : R² (all) = 0.9725, R² (last) = 0.9877
  Fx                  : R² (all) = 0.2595, R² (last) = 0.5969
  Fy                  : R² (all) = 0.2589, R² (last) = 0.6514
  r                   : R² (all) = 0.6049, R² (last) = 0.9342
  inv_r               : R² (all) = 0.6168, R² (last) = 0.9318
  r_squared           : R² (all) = 0.4807, R² (last) = 0.8425
  inv_r_squared       : R² (all) = 0.3566, R² (last) = 0.7646
  inv_r_cubed         : R² (all) = 0.1445, R² (last) = 0.5615
  x                   : R² (all) = 0.9359, R² (last) = 0.9589
  y                   : R² (all) = 0.9256, R² (last) = 0.9637

block_0_after_mlp_merge:
  F_magnitude         : R² (all) = 0.0662, R² (last) = 0.6695
  F_direction_x       : R² (all) = 0.9647, R² (last) = 0.9866
  F_direction_y       : R² (all) = 0.9753, R² (last) = 0.9889
  Fx                  : R² (all) = 0.2877, R² (last) = 0.6273
  Fy                  : R² (all) = 0.3462, R² (last) = 0.6828
  r                   : R² (all) = 0.1091, R² (last) = 0.8690
  inv_r               : R² (all) = 0.1055, R² (last) = 0.8737
  r_squared           : R² (all) = 0.0957, R² (last) = 0.7608
  inv_r_squared       : R² (all) = 0.0662, R² (last) = 0.6695
  inv_r_cubed         : R² (all) = 0.0308, R² (last) = 0.4283
  x                   : R² (all) = 0.9992, R² (last) = 1.0000
  y                   : R² (all) = 0.9993, R² (last) = 1.0000

block_1_attn_output:
  F_magnitude         : R² (all) = 0.1227, R² (last) = 0.2376
  F_direction_x       : R² (all) = 0.2729, R² (last) = 0.3608
  F_direction_y       : R² (all) = 0.6670, R² (last) = 0.7068
  Fx                  : R² (all) = 0.0631, R² (last) = 0.1467
  Fy                  : R² (all) = 0.2176, R² (last) = 0.3837
  r                   : R² (all) = 0.2272, R² (last) = 0.2800
  inv_r               : R² (all) = 0.2286, R² (last) = 0.3202
  r_squared           : R² (all) = 0.1766, R² (last) = 0.2182
  inv_r_squared       : R² (all) = 0.1227, R² (last) = 0.2375
  inv_r_cubed         : R² (all) = 0.0442, R² (last) = 0.1352
  x                   : R² (all) = 0.3514, R² (last) = 0.4418
  y                   : R² (all) = 0.6129, R² (last) = 0.6679

block_1_after_attn_merge:
  F_magnitude         : R² (all) = 0.0624, R² (last) = 0.5026
  F_direction_x       : R² (all) = 0.9569, R² (last) = 0.9833
  F_direction_y       : R² (all) = 0.9726, R² (last) = 0.9852
  Fx                  : R² (all) = 0.3006, R² (last) = 0.6307
  Fy                  : R² (all) = 0.3584, R² (last) = 0.6818
  r                   : R² (all) = 0.1158, R² (last) = 0.7121
  inv_r               : R² (all) = 0.1034, R² (last) = 0.6566
  r_squared           : R² (all) = 0.1030, R² (last) = 0.6515
  inv_r_squared       : R² (all) = 0.0624, R² (last) = 0.5026
  inv_r_cubed         : R² (all) = 0.0288, R² (last) = 0.3449
  x                   : R² (all) = 0.9928, R² (last) = 0.9974
  y                   : R² (all) = 0.9952, R² (last) = 0.9980

block_1_mlp_hidden:
  F_magnitude         : R² (all) = 0.4967, R² (last) = 0.8847
  F_direction_x       : R² (all) = 0.9662, R² (last) = 0.9945
  F_direction_y       : R² (all) = 0.9772, R² (last) = 0.9957
  Fx                  : R² (all) = 0.3507, R² (last) = 0.8321
  Fy                  : R² (all) = 0.3853, R² (last) = 0.8179
  r                   : R² (all) = 0.9875, R² (last) = 0.9977
  inv_r               : R² (all) = 0.8235, R² (last) = 0.9633
  r_squared           : R² (all) = 0.9841, R² (last) = 0.9968
  inv_r_squared       : R² (all) = 0.4967, R² (last) = 0.8847
  inv_r_cubed         : R² (all) = 0.2226, R² (last) = 0.7892
  x                   : R² (all) = 0.9940, R² (last) = 0.9989
  y                   : R² (all) = 0.9963, R² (last) = 0.9992

block_1_mlp_output:
  F_magnitude         : R² (all) = 0.2561, R² (last) = 0.6817
  F_direction_x       : R² (all) = 0.9546, R² (last) = 0.9780
  F_direction_y       : R² (all) = 0.9713, R² (last) = 0.9858
  Fx                  : R² (all) = 0.2934, R² (last) = 0.5737
  Fy                  : R² (all) = 0.3623, R² (last) = 0.6851
  r                   : R² (all) = 0.8283, R² (last) = 0.9716
  inv_r               : R² (all) = 0.5580, R² (last) = 0.8760
  r_squared           : R² (all) = 0.7846, R² (last) = 0.9334
  inv_r_squared       : R² (all) = 0.2561, R² (last) = 0.6817
  inv_r_cubed         : R² (all) = 0.0867, R² (last) = 0.4552
  x                   : R² (all) = 0.9914, R² (last) = 0.9960
  y                   : R² (all) = 0.9946, R² (last) = 0.9977

block_1_after_mlp_merge:
  F_magnitude         : R² (all) = 0.0657, R² (last) = 0.4457
  F_direction_x       : R² (all) = 0.9618, R² (last) = 0.9886
  F_direction_y       : R² (all) = 0.9743, R² (last) = 0.9898
  Fx                  : R² (all) = 0.3156, R² (last) = 0.5931
  Fy                  : R² (all) = 0.3483, R² (last) = 0.6811
  r                   : R² (all) = 0.1275, R² (last) = 0.7061
  inv_r               : R² (all) = 0.1099, R² (last) = 0.6246
  r_squared           : R² (all) = 0.1151, R² (last) = 0.6494
  inv_r_squared       : R² (all) = 0.0657, R² (last) = 0.4457
  inv_r_cubed         : R² (all) = 0.0304, R² (last) = 0.2736
  x                   : R² (all) = 0.9981, R² (last) = 0.9997
  y                   : R² (all) = 0.9976, R² (last) = 0.9997

after_ln_f:
  F_magnitude         : R² (all) = 0.0626, R² (last) = 0.4335
  F_direction_x       : R² (all) = 0.9604, R² (last) = 0.9886
  F_direction_y       : R² (all) = 0.9732, R² (last) = 0.9883
  Fx                  : R² (all) = 0.3152, R² (last) = 0.5870
  Fy                  : R² (all) = 0.3485, R² (last) = 0.6747
  r                   : R² (all) = 0.1062, R² (last) = 0.7448
  inv_r               : R² (all) = 0.0998, R² (last) = 0.6182
  r_squared           : R² (all) = 0.0937, R² (last) = 0.7052
  inv_r_squared       : R² (all) = 0.0626, R² (last) = 0.4335
  inv_r_cubed         : R² (all) = 0.0302, R² (last) = 0.2614
  x                   : R² (all) = 0.9974, R² (last) = 0.9990
  y                   : R² (all) = 0.9972, R² (last) = 0.9990
Evaluating on 500 trajectories...
Conditioning length: 50, Generating 50 more steps per trajectory...

Error Statistics (aggregated across all 500 trajectories):
Mean position error: 1.111840 ± 0.798837
Max position error: 4.255665
R² scores:
  X coordinate: -0.589118 ± 1.094167
  Y coordinate: -0.722088 ± 1.516546
Evaluating on 500 trajectories...
Conditioning length: 50, Generating 50 more steps per trajectory...

Error Statistics (aggregated across all 500 trajectories):
Mean position error: 1.126996 ± 0.807448
Max position error: 4.344944
R² scores:
  X coordinate: -0.565745 ± 1.083142
  Y coordinate: -0.757819 ± 1.557705
Evaluation at step 401 completed.

Step 500, Total Train Loss: 0.016330, Prediction Loss: 0.014226, Test Loss: 0.005003, Attention Entropy: 0.0210, Entropy Reg Loss: 0.002103, Entropy Reg Active: True, GPU Memory: 0.000 GB

Evaluating at step 501...
Activations collected:
  input_embed: torch.Size([1000, 99, 32])
  after_pos_emb: torch.Size([1000, 99, 32])
  block_0_attn_output: torch.Size([1000, 99, 32])
  block_0_after_attn_merge: torch.Size([1000, 99, 32])
  block_0_mlp_hidden: torch.Size([1000, 99, 128])
  block_0_mlp_output: torch.Size([1000, 99, 32])
  block_0_after_mlp_merge: torch.Size([1000, 99, 32])
  block_1_attn_output: torch.Size([1000, 99, 32])
  block_1_after_attn_merge: torch.Size([1000, 99, 32])
  block_1_mlp_hidden: torch.Size([1000, 99, 128])
  block_1_mlp_output: torch.Size([1000, 99, 32])
  block_1_after_mlp_merge: torch.Size([1000, 99, 32])
  after_ln_f: torch.Size([1000, 99, 32])

Linear Probe Results (R² scores):
================================================================================

input_embed:
  F_magnitude         : R² (all) = 0.0002, R² (last) = 0.0008
  F_direction_x       : R² (all) = 0.8314, R² (last) = 0.8252
  F_direction_y       : R² (all) = 0.8309, R² (last) = 0.8309
  Fx                  : R² (all) = 0.0671, R² (last) = 0.0794
  Fy                  : R² (all) = 0.0642, R² (last) = 0.0744
  r                   : R² (all) = 0.0024, R² (last) = 0.0072
  inv_r               : R² (all) = 0.0006, R² (last) = 0.0022
  r_squared           : R² (all) = 0.0032, R² (last) = 0.0098
  inv_r_squared       : R² (all) = 0.0002, R² (last) = 0.0008
  inv_r_cubed         : R² (all) = 0.0000, R² (last) = 0.0002
  x                   : R² (all) = 1.0000, R² (last) = 1.0000
  y                   : R² (all) = 1.0000, R² (last) = 1.0000

after_pos_emb:
  F_magnitude         : R² (all) = 0.0340, R² (last) = 0.0008
  F_direction_x       : R² (all) = 0.8313, R² (last) = 0.8252
  F_direction_y       : R² (all) = 0.8308, R² (last) = 0.8309
  Fx                  : R² (all) = 0.0674, R² (last) = 0.0794
  Fy                  : R² (all) = 0.0643, R² (last) = 0.0744
  r                   : R² (all) = 0.0467, R² (last) = 0.0072
  inv_r               : R² (all) = 0.0432, R² (last) = 0.0022
  r_squared           : R² (all) = 0.0477, R² (last) = 0.0098
  inv_r_squared       : R² (all) = 0.0340, R² (last) = 0.0008
  inv_r_cubed         : R² (all) = 0.0207, R² (last) = 0.0002
  x                   : R² (all) = 0.9999, R² (last) = 1.0000
  y                   : R² (all) = 0.9997, R² (last) = 1.0000

block_0_attn_output:
  F_magnitude         : R² (all) = 0.0645, R² (last) = 0.1435
  F_direction_x       : R² (all) = 0.6408, R² (last) = 0.7304
  F_direction_y       : R² (all) = 0.7374, R² (last) = 0.7991
  Fx                  : R² (all) = 0.1668, R² (last) = 0.2916
  Fy                  : R² (all) = 0.1982, R² (last) = 0.3288
  r                   : R² (all) = 0.1214, R² (last) = 0.2048
  inv_r               : R² (all) = 0.1216, R² (last) = 0.1910
  r_squared           : R² (all) = 0.0945, R² (last) = 0.1914
  inv_r_squared       : R² (all) = 0.0645, R² (last) = 0.1435
  inv_r_cubed         : R² (all) = 0.0216, R² (last) = 0.0970
  x                   : R² (all) = 0.6001, R² (last) = 0.6559
  y                   : R² (all) = 0.6303, R² (last) = 0.6996

block_0_after_attn_merge:
  F_magnitude         : R² (all) = 0.1320, R² (last) = 0.5425
  F_direction_x       : R² (all) = 0.9629, R² (last) = 0.9776
  F_direction_y       : R² (all) = 0.9737, R² (last) = 0.9861
  Fx                  : R² (all) = 0.2495, R² (last) = 0.4946
  Fy                  : R² (all) = 0.2613, R² (last) = 0.5003
  r                   : R² (all) = 0.1834, R² (last) = 0.7730
  inv_r               : R² (all) = 0.2066, R² (last) = 0.7748
  r_squared           : R² (all) = 0.1418, R² (last) = 0.6485
  inv_r_squared       : R² (all) = 0.1320, R² (last) = 0.5425
  inv_r_cubed         : R² (all) = 0.0595, R² (last) = 0.3297
  x                   : R² (all) = 0.9298, R² (last) = 0.9394
  y                   : R² (all) = 0.9244, R² (last) = 0.9313

block_0_mlp_hidden:
  F_magnitude         : R² (all) = 0.5413, R² (last) = 0.8864
  F_direction_x       : R² (all) = 0.9695, R² (last) = 0.9946
  F_direction_y       : R² (all) = 0.9784, R² (last) = 0.9964
  Fx                  : R² (all) = 0.3264, R² (last) = 0.8253
  Fy                  : R² (all) = 0.3250, R² (last) = 0.8421
  r                   : R² (all) = 0.8247, R² (last) = 0.9806
  inv_r               : R² (all) = 0.8460, R² (last) = 0.9712
  r_squared           : R² (all) = 0.6793, R² (last) = 0.9352
  inv_r_squared       : R² (all) = 0.5413, R² (last) = 0.8864
  inv_r_cubed         : R² (all) = 0.2460, R² (last) = 0.7697
  x                   : R² (all) = 0.9425, R² (last) = 0.9934
  y                   : R² (all) = 0.9386, R² (last) = 0.9918

block_0_mlp_output:
  F_magnitude         : R² (all) = 0.3549, R² (last) = 0.7042
  F_direction_x       : R² (all) = 0.9631, R² (last) = 0.9788
  F_direction_y       : R² (all) = 0.9741, R² (last) = 0.9874
  Fx                  : R² (all) = 0.2455, R² (last) = 0.5269
  Fy                  : R² (all) = 0.2628, R² (last) = 0.5901
  r                   : R² (all) = 0.5526, R² (last) = 0.9067
  inv_r               : R² (all) = 0.5909, R² (last) = 0.9205
  r_squared           : R² (all) = 0.4317, R² (last) = 0.8003
  inv_r_squared       : R² (all) = 0.3549, R² (last) = 0.7042
  inv_r_cubed         : R² (all) = 0.1416, R² (last) = 0.4577
  x                   : R² (all) = 0.9298, R² (last) = 0.9553
  y                   : R² (all) = 0.9236, R² (last) = 0.9632

block_0_after_mlp_merge:
  F_magnitude         : R² (all) = 0.0536, R² (last) = 0.5881
  F_direction_x       : R² (all) = 0.9655, R² (last) = 0.9827
  F_direction_y       : R² (all) = 0.9753, R² (last) = 0.9884
  Fx                  : R² (all) = 0.2884, R² (last) = 0.5226
  Fy                  : R² (all) = 0.3420, R² (last) = 0.5819
  r                   : R² (all) = 0.0982, R² (last) = 0.8371
  inv_r               : R² (all) = 0.0861, R² (last) = 0.8349
  r_squared           : R² (all) = 0.0904, R² (last) = 0.7271
  inv_r_squared       : R² (all) = 0.0536, R² (last) = 0.5881
  inv_r_cubed         : R² (all) = 0.0257, R² (last) = 0.3416
  x                   : R² (all) = 0.9995, R² (last) = 1.0000
  y                   : R² (all) = 0.9994, R² (last) = 1.0000

block_1_attn_output:
  F_magnitude         : R² (all) = 0.1451, R² (last) = 0.2640
  F_direction_x       : R² (all) = 0.2389, R² (last) = 0.3027
  F_direction_y       : R² (all) = 0.7032, R² (last) = 0.7437
  Fx                  : R² (all) = 0.0440, R² (last) = 0.1072
  Fy                  : R² (all) = 0.2459, R² (last) = 0.3733
  r                   : R² (all) = 0.2514, R² (last) = 0.3162
  inv_r               : R² (all) = 0.2590, R² (last) = 0.3440
  r_squared           : R² (all) = 0.1898, R² (last) = 0.2505
  inv_r_squared       : R² (all) = 0.1451, R² (last) = 0.2640
  inv_r_cubed         : R² (all) = 0.0569, R² (last) = 0.2011
  x                   : R² (all) = 0.3222, R² (last) = 0.4014
  y                   : R² (all) = 0.6472, R² (last) = 0.7026

block_1_after_attn_merge:
  F_magnitude         : R² (all) = 0.0674, R² (last) = 0.4406
  F_direction_x       : R² (all) = 0.9604, R² (last) = 0.9809
  F_direction_y       : R² (all) = 0.9738, R² (last) = 0.9873
  Fx                  : R² (all) = 0.3126, R² (last) = 0.5014
  Fy                  : R² (all) = 0.3620, R² (last) = 0.5798
  r                   : R² (all) = 0.1150, R² (last) = 0.6918
  inv_r               : R² (all) = 0.1063, R² (last) = 0.6443
  r_squared           : R² (all) = 0.1014, R² (last) = 0.6099
  inv_r_squared       : R² (all) = 0.0674, R² (last) = 0.4406
  inv_r_cubed         : R² (all) = 0.0326, R² (last) = 0.2668
  x                   : R² (all) = 0.9936, R² (last) = 0.9965
  y                   : R² (all) = 0.9960, R² (last) = 0.9984

block_1_mlp_hidden:
  F_magnitude         : R² (all) = 0.5274, R² (last) = 0.8706
  F_direction_x       : R² (all) = 0.9674, R² (last) = 0.9936
  F_direction_y       : R² (all) = 0.9787, R² (last) = 0.9961
  Fx                  : R² (all) = 0.3498, R² (last) = 0.6984
  Fy                  : R² (all) = 0.3975, R² (last) = 0.8254
  r                   : R² (all) = 0.9871, R² (last) = 0.9981
  inv_r               : R² (all) = 0.8347, R² (last) = 0.9623
  r_squared           : R² (all) = 0.9833, R² (last) = 0.9971
  inv_r_squared       : R² (all) = 0.5274, R² (last) = 0.8706
  inv_r_cubed         : R² (all) = 0.2405, R² (last) = 0.7448
  x                   : R² (all) = 0.9946, R² (last) = 0.9988
  y                   : R² (all) = 0.9970, R² (last) = 0.9992

block_1_mlp_output:
  F_magnitude         : R² (all) = 0.2621, R² (last) = 0.6308
  F_direction_x       : R² (all) = 0.9591, R² (last) = 0.9749
  F_direction_y       : R² (all) = 0.9730, R² (last) = 0.9878
  Fx                  : R² (all) = 0.3092, R² (last) = 0.4598
  Fy                  : R² (all) = 0.3661, R² (last) = 0.5730
  r                   : R² (all) = 0.8099, R² (last) = 0.9688
  inv_r               : R² (all) = 0.5504, R² (last) = 0.8536
  r_squared           : R² (all) = 0.7670, R² (last) = 0.9305
  inv_r_squared       : R² (all) = 0.2621, R² (last) = 0.6308
  inv_r_cubed         : R² (all) = 0.0897, R² (last) = 0.4088
  x                   : R² (all) = 0.9924, R² (last) = 0.9958
  y                   : R² (all) = 0.9958, R² (last) = 0.9982

block_1_after_mlp_merge:
  F_magnitude         : R² (all) = 0.0707, R² (last) = 0.3529
  F_direction_x       : R² (all) = 0.9648, R² (last) = 0.9875
  F_direction_y       : R² (all) = 0.9746, R² (last) = 0.9898
  Fx                  : R² (all) = 0.3329, R² (last) = 0.5498
  Fy                  : R² (all) = 0.3479, R² (last) = 0.5843
  r                   : R² (all) = 0.1169, R² (last) = 0.5649
  inv_r               : R² (all) = 0.1094, R² (last) = 0.5181
  r_squared           : R² (all) = 0.1039, R² (last) = 0.5020
  inv_r_squared       : R² (all) = 0.0707, R² (last) = 0.3529
  inv_r_cubed         : R² (all) = 0.0344, R² (last) = 0.2112
  x                   : R² (all) = 0.9984, R² (last) = 0.9995
  y                   : R² (all) = 0.9978, R² (last) = 0.9997

after_ln_f:
  F_magnitude         : R² (all) = 0.0725, R² (last) = 0.3249
  F_direction_x       : R² (all) = 0.9648, R² (last) = 0.9880
  F_direction_y       : R² (all) = 0.9751, R² (last) = 0.9904
  Fx                  : R² (all) = 0.3401, R² (last) = 0.5490
  Fy                  : R² (all) = 0.3555, R² (last) = 0.5920
  r                   : R² (all) = 0.1044, R² (last) = 0.5319
  inv_r               : R² (all) = 0.1074, R² (last) = 0.4565
  r_squared           : R² (all) = 0.0898, R² (last) = 0.4931
  inv_r_squared       : R² (all) = 0.0725, R² (last) = 0.3249
  inv_r_cubed         : R² (all) = 0.0367, R² (last) = 0.2115
  x                   : R² (all) = 0.9977, R² (last) = 0.9992
  y                   : R² (all) = 0.9975, R² (last) = 0.9992
Evaluating on 500 trajectories...
Conditioning length: 50, Generating 50 more steps per trajectory...

Error Statistics (aggregated across all 500 trajectories):
Mean position error: 1.095809 ± 0.814116
Max position error: 4.168698
R² scores:
  X coordinate: -0.421844 ± 1.035017
  Y coordinate: -0.815616 ± 2.306424
Evaluating on 500 trajectories...
Conditioning length: 50, Generating 50 more steps per trajectory...

Error Statistics (aggregated across all 500 trajectories):
Mean position error: 1.106608 ± 0.829145
Max position error: 4.286141
R² scores:
  X coordinate: -0.476019 ± 1.044095
  Y coordinate: -0.768599 ± 1.871412
Evaluation at step 501 completed.

Step 600, Total Train Loss: 0.016284, Prediction Loss: 0.014646, Test Loss: 0.005230, Attention Entropy: 0.0164, Entropy Reg Loss: 0.001638, Entropy Reg Active: True, GPU Memory: 0.000 GB

Evaluating at step 601...
Activations collected:
  input_embed: torch.Size([1000, 99, 32])
  after_pos_emb: torch.Size([1000, 99, 32])
  block_0_attn_output: torch.Size([1000, 99, 32])
  block_0_after_attn_merge: torch.Size([1000, 99, 32])
  block_0_mlp_hidden: torch.Size([1000, 99, 128])
  block_0_mlp_output: torch.Size([1000, 99, 32])
  block_0_after_mlp_merge: torch.Size([1000, 99, 32])
  block_1_attn_output: torch.Size([1000, 99, 32])
  block_1_after_attn_merge: torch.Size([1000, 99, 32])
  block_1_mlp_hidden: torch.Size([1000, 99, 128])
  block_1_mlp_output: torch.Size([1000, 99, 32])
  block_1_after_mlp_merge: torch.Size([1000, 99, 32])
  after_ln_f: torch.Size([1000, 99, 32])

Linear Probe Results (R² scores):
================================================================================

input_embed:
  F_magnitude         : R² (all) = 0.0001, R² (last) = 0.0000
  F_direction_x       : R² (all) = 0.8327, R² (last) = 0.8364
  F_direction_y       : R² (all) = 0.8304, R² (last) = 0.8291
  Fx                  : R² (all) = 0.0594, R² (last) = 0.1192
  Fy                  : R² (all) = 0.0601, R² (last) = 0.0752
  r                   : R² (all) = 0.0010, R² (last) = 0.0010
  inv_r               : R² (all) = 0.0003, R² (last) = 0.0002
  r_squared           : R² (all) = 0.0012, R² (last) = 0.0015
  inv_r_squared       : R² (all) = 0.0001, R² (last) = 0.0000
  inv_r_cubed         : R² (all) = 0.0000, R² (last) = 0.0000
  x                   : R² (all) = 1.0000, R² (last) = 1.0000
  y                   : R² (all) = 1.0000, R² (last) = 1.0000

after_pos_emb:
  F_magnitude         : R² (all) = 0.0373, R² (last) = 0.0000
  F_direction_x       : R² (all) = 0.8326, R² (last) = 0.8364
  F_direction_y       : R² (all) = 0.8301, R² (last) = 0.8291
  Fx                  : R² (all) = 0.0596, R² (last) = 0.1192
  Fy                  : R² (all) = 0.0603, R² (last) = 0.0752
  r                   : R² (all) = 0.0493, R² (last) = 0.0010
  inv_r               : R² (all) = 0.0467, R² (last) = 0.0002
  r_squared           : R² (all) = 0.0506, R² (last) = 0.0015
  inv_r_squared       : R² (all) = 0.0373, R² (last) = 0.0000
  inv_r_cubed         : R² (all) = 0.0240, R² (last) = 0.0000
  x                   : R² (all) = 0.9998, R² (last) = 1.0000
  y                   : R² (all) = 0.9996, R² (last) = 1.0000

block_0_attn_output:
  F_magnitude         : R² (all) = 0.0411, R² (last) = 0.1100
  F_direction_x       : R² (all) = 0.5895, R² (last) = 0.6455
  F_direction_y       : R² (all) = 0.7529, R² (last) = 0.8251
  Fx                  : R² (all) = 0.1375, R² (last) = 0.3005
  Fy                  : R² (all) = 0.1911, R² (last) = 0.3546
  r                   : R² (all) = 0.0951, R² (last) = 0.1778
  inv_r               : R² (all) = 0.0810, R² (last) = 0.1347
  r_squared           : R² (all) = 0.0812, R² (last) = 0.1730
  inv_r_squared       : R² (all) = 0.0411, R² (last) = 0.1100
  inv_r_cubed         : R² (all) = 0.0145, R² (last) = 0.1095
  x                   : R² (all) = 0.5510, R² (last) = 0.6084
  y                   : R² (all) = 0.6441, R² (last) = 0.7163

block_0_after_attn_merge:
  F_magnitude         : R² (all) = 0.1210, R² (last) = 0.6508
  F_direction_x       : R² (all) = 0.9639, R² (last) = 0.9781
  F_direction_y       : R² (all) = 0.9753, R² (last) = 0.9861
  Fx                  : R² (all) = 0.2199, R² (last) = 0.5103
  Fy                  : R² (all) = 0.2588, R² (last) = 0.5394
  r                   : R² (all) = 0.1760, R² (last) = 0.8126
  inv_r               : R² (all) = 0.1892, R² (last) = 0.8343
  r_squared           : R² (all) = 0.1397, R² (last) = 0.6804
  inv_r_squared       : R² (all) = 0.1210, R² (last) = 0.6508
  inv_r_cubed         : R² (all) = 0.0585, R² (last) = 0.4819
  x                   : R² (all) = 0.9286, R² (last) = 0.9350
  y                   : R² (all) = 0.9274, R² (last) = 0.9452

block_0_mlp_hidden:
  F_magnitude         : R² (all) = 0.5318, R² (last) = 0.9124
  F_direction_x       : R² (all) = 0.9698, R² (last) = 0.9972
  F_direction_y       : R² (all) = 0.9793, R² (last) = 0.9967
  Fx                  : R² (all) = 0.2993, R² (last) = 0.8907
  Fy                  : R² (all) = 0.3293, R² (last) = 0.8444
  r                   : R² (all) = 0.8351, R² (last) = 0.9846
  inv_r               : R² (all) = 0.8493, R² (last) = 0.9793
  r_squared           : R² (all) = 0.6880, R² (last) = 0.9477
  inv_r_squared       : R² (all) = 0.5318, R² (last) = 0.9124
  inv_r_cubed         : R² (all) = 0.2440, R² (last) = 0.8130
  x                   : R² (all) = 0.9429, R² (last) = 0.9937
  y                   : R² (all) = 0.9410, R² (last) = 0.9934

block_0_mlp_output:
  F_magnitude         : R² (all) = 0.3522, R² (last) = 0.7594
  F_direction_x       : R² (all) = 0.9644, R² (last) = 0.9851
  F_direction_y       : R² (all) = 0.9756, R² (last) = 0.9887
  Fx                  : R² (all) = 0.2226, R² (last) = 0.6911
  Fy                  : R² (all) = 0.2594, R² (last) = 0.6743
  r                   : R² (all) = 0.5602, R² (last) = 0.9185
  inv_r               : R² (all) = 0.5892, R² (last) = 0.9303
  r_squared           : R² (all) = 0.4408, R² (last) = 0.8138
  inv_r_squared       : R² (all) = 0.3522, R² (last) = 0.7594
  inv_r_cubed         : R² (all) = 0.1508, R² (last) = 0.5707
  x                   : R² (all) = 0.9287, R² (last) = 0.9733
  y                   : R² (all) = 0.9264, R² (last) = 0.9637

block_0_after_mlp_merge:
  F_magnitude         : R² (all) = 0.0694, R² (last) = 0.7415
  F_direction_x       : R² (all) = 0.9670, R² (last) = 0.9853
  F_direction_y       : R² (all) = 0.9774, R² (last) = 0.9899
  Fx                  : R² (all) = 0.2540, R² (last) = 0.6084
  Fy                  : R² (all) = 0.3403, R² (last) = 0.6674
  r                   : R² (all) = 0.0781, R² (last) = 0.8622
  inv_r               : R² (all) = 0.0937, R² (last) = 0.8943
  r_squared           : R² (all) = 0.0659, R² (last) = 0.7524
  inv_r_squared       : R² (all) = 0.0694, R² (last) = 0.7415
  inv_r_cubed         : R² (all) = 0.0379, R² (last) = 0.5598
  x                   : R² (all) = 0.9994, R² (last) = 1.0000
  y                   : R² (all) = 0.9993, R² (last) = 1.0000

block_1_attn_output:
  F_magnitude         : R² (all) = 0.1178, R² (last) = 0.2133
  F_direction_x       : R² (all) = 0.2410, R² (last) = 0.3496
  F_direction_y       : R² (all) = 0.7128, R² (last) = 0.7710
  Fx                  : R² (all) = 0.0327, R² (last) = 0.0955
  Fy                  : R² (all) = 0.2283, R² (last) = 0.3317
  r                   : R² (all) = 0.2214, R² (last) = 0.2910
  inv_r               : R² (all) = 0.2165, R² (last) = 0.3033
  r_squared           : R² (all) = 0.1740, R² (last) = 0.2322
  inv_r_squared       : R² (all) = 0.1178, R² (last) = 0.2133
  inv_r_cubed         : R² (all) = 0.0445, R² (last) = 0.1214
  x                   : R² (all) = 0.3329, R² (last) = 0.4738
  y                   : R² (all) = 0.6497, R² (last) = 0.7183

block_1_after_attn_merge:
  F_magnitude         : R² (all) = 0.0677, R² (last) = 0.6328
  F_direction_x       : R² (all) = 0.9638, R² (last) = 0.9837
  F_direction_y       : R² (all) = 0.9754, R² (last) = 0.9895
  Fx                  : R² (all) = 0.2794, R² (last) = 0.6285
  Fy                  : R² (all) = 0.3572, R² (last) = 0.6684
  r                   : R² (all) = 0.0892, R² (last) = 0.7215
  inv_r               : R² (all) = 0.0964, R² (last) = 0.7796
  r_squared           : R² (all) = 0.0765, R² (last) = 0.6197
  inv_r_squared       : R² (all) = 0.0677, R² (last) = 0.6328
  inv_r_cubed         : R² (all) = 0.0359, R² (last) = 0.4481
  x                   : R² (all) = 0.9946, R² (last) = 0.9974
  y                   : R² (all) = 0.9962, R² (last) = 0.9985

block_1_mlp_hidden:
  F_magnitude         : R² (all) = 0.5389, R² (last) = 0.9163
  F_direction_x       : R² (all) = 0.9709, R² (last) = 0.9956
  F_direction_y       : R² (all) = 0.9799, R² (last) = 0.9965
  Fx                  : R² (all) = 0.3232, R² (last) = 0.8354
  Fy                  : R² (all) = 0.3910, R² (last) = 0.8038
  r                   : R² (all) = 0.9867, R² (last) = 0.9984
  inv_r               : R² (all) = 0.8354, R² (last) = 0.9758
  r_squared           : R² (all) = 0.9845, R² (last) = 0.9977
  inv_r_squared       : R² (all) = 0.5389, R² (last) = 0.9163
  inv_r_cubed         : R² (all) = 0.2673, R² (last) = 0.8203
  x                   : R² (all) = 0.9955, R² (last) = 0.9991
  y                   : R² (all) = 0.9969, R² (last) = 0.9993

block_1_mlp_output:
  F_magnitude         : R² (all) = 0.2450, R² (last) = 0.6508
  F_direction_x       : R² (all) = 0.9633, R² (last) = 0.9808
  F_direction_y       : R² (all) = 0.9741, R² (last) = 0.9891
  Fx                  : R² (all) = 0.2808, R² (last) = 0.6213
  Fy                  : R² (all) = 0.3526, R² (last) = 0.5986
  r                   : R² (all) = 0.7791, R² (last) = 0.9674
  inv_r               : R² (all) = 0.5119, R² (last) = 0.8519
  r_squared           : R² (all) = 0.7457, R² (last) = 0.9400
  inv_r_squared       : R² (all) = 0.2450, R² (last) = 0.6508
  inv_r_cubed         : R² (all) = 0.0940, R² (last) = 0.4251
  x                   : R² (all) = 0.9936, R² (last) = 0.9973
  y                   : R² (all) = 0.9959, R² (last) = 0.9986

block_1_after_mlp_merge:
  F_magnitude         : R² (all) = 0.0855, R² (last) = 0.5703
  F_direction_x       : R² (all) = 0.9674, R² (last) = 0.9883
  F_direction_y       : R² (all) = 0.9756, R² (last) = 0.9907
  Fx                  : R² (all) = 0.2987, R² (last) = 0.6963
  Fy                  : R² (all) = 0.3399, R² (last) = 0.6471
  r                   : R² (all) = 0.1251, R² (last) = 0.7656
  inv_r               : R² (all) = 0.1311, R² (last) = 0.7452
  r_squared           : R² (all) = 0.1039, R² (last) = 0.6695
  inv_r_squared       : R² (all) = 0.0855, R² (last) = 0.5703
  inv_r_cubed         : R² (all) = 0.0420, R² (last) = 0.3936
  x                   : R² (all) = 0.9984, R² (last) = 0.9996
  y                   : R² (all) = 0.9979, R² (last) = 0.9996

after_ln_f:
  F_magnitude         : R² (all) = 0.0906, R² (last) = 0.5818
  F_direction_x       : R² (all) = 0.9675, R² (last) = 0.9886
  F_direction_y       : R² (all) = 0.9760, R² (last) = 0.9911
  Fx                  : R² (all) = 0.3107, R² (last) = 0.6894
  Fy                  : R² (all) = 0.3465, R² (last) = 0.6548
  r                   : R² (all) = 0.1271, R² (last) = 0.7781
  inv_r               : R² (all) = 0.1382, R² (last) = 0.7356
  r_squared           : R² (all) = 0.1027, R² (last) = 0.6988
  inv_r_squared       : R² (all) = 0.0906, R² (last) = 0.5818
  inv_r_cubed         : R² (all) = 0.0448, R² (last) = 0.4250
  x                   : R² (all) = 0.9980, R² (last) = 0.9994
  y                   : R² (all) = 0.9978, R² (last) = 0.9994
Evaluating on 500 trajectories...
Conditioning length: 50, Generating 50 more steps per trajectory...

Error Statistics (aggregated across all 500 trajectories):
Mean position error: 0.997303 ± 0.666131
Max position error: 3.867090
R² scores:
  X coordinate: -0.211007 ± 0.824021
  Y coordinate: -0.233012 ± 0.810827
Evaluating on 500 trajectories...
Conditioning length: 50, Generating 50 more steps per trajectory...

Error Statistics (aggregated across all 500 trajectories):
Mean position error: 1.012380 ± 0.659088
Max position error: 3.805569
R² scores:
  X coordinate: -0.209587 ± 0.683422
  Y coordinate: -0.300150 ± 0.859242
Evaluation at step 601 completed.

Step 700, Total Train Loss: 0.014949, Prediction Loss: 0.013559, Test Loss: 0.004350, Attention Entropy: 0.0139, Entropy Reg Loss: 0.001390, Entropy Reg Active: True, GPU Memory: 0.000 GB

Evaluating at step 701...
Activations collected:
  input_embed: torch.Size([1000, 99, 32])
  after_pos_emb: torch.Size([1000, 99, 32])
  block_0_attn_output: torch.Size([1000, 99, 32])
  block_0_after_attn_merge: torch.Size([1000, 99, 32])
  block_0_mlp_hidden: torch.Size([1000, 99, 128])
  block_0_mlp_output: torch.Size([1000, 99, 32])
  block_0_after_mlp_merge: torch.Size([1000, 99, 32])
  block_1_attn_output: torch.Size([1000, 99, 32])
  block_1_after_attn_merge: torch.Size([1000, 99, 32])
  block_1_mlp_hidden: torch.Size([1000, 99, 128])
  block_1_mlp_output: torch.Size([1000, 99, 32])
  block_1_after_mlp_merge: torch.Size([1000, 99, 32])
  after_ln_f: torch.Size([1000, 99, 32])

Linear Probe Results (R² scores):
================================================================================

input_embed:
  F_magnitude         : R² (all) = 0.0001, R² (last) = 0.0000
  F_direction_x       : R² (all) = 0.8247, R² (last) = 0.8259
  F_direction_y       : R² (all) = 0.8234, R² (last) = 0.8243
  Fx                  : R² (all) = 0.0582, R² (last) = 0.0643
  Fy                  : R² (all) = 0.0590, R² (last) = 0.0713
  r                   : R² (all) = 0.0001, R² (last) = 0.0027
  inv_r               : R² (all) = 0.0001, R² (last) = 0.0002
  r_squared           : R² (all) = 0.0000, R² (last) = 0.0042
  inv_r_squared       : R² (all) = 0.0001, R² (last) = 0.0000
  inv_r_cubed         : R² (all) = 0.0000, R² (last) = 0.0000
  x                   : R² (all) = 1.0000, R² (last) = 1.0000
  y                   : R² (all) = 1.0000, R² (last) = 1.0000

after_pos_emb:
  F_magnitude         : R² (all) = 0.0321, R² (last) = 0.0000
  F_direction_x       : R² (all) = 0.8245, R² (last) = 0.8259
  F_direction_y       : R² (all) = 0.8231, R² (last) = 0.8243
  Fx                  : R² (all) = 0.0585, R² (last) = 0.0643
  Fy                  : R² (all) = 0.0595, R² (last) = 0.0713
  r                   : R² (all) = 0.0458, R² (last) = 0.0027
  inv_r               : R² (all) = 0.0409, R² (last) = 0.0002
  r_squared           : R² (all) = 0.0478, R² (last) = 0.0042
  inv_r_squared       : R² (all) = 0.0321, R² (last) = 0.0000
  inv_r_cubed         : R² (all) = 0.0195, R² (last) = 0.0000
  x                   : R² (all) = 0.9997, R² (last) = 1.0000
  y                   : R² (all) = 0.9997, R² (last) = 1.0000

block_0_attn_output:
  F_magnitude         : R² (all) = 0.0481, R² (last) = 0.1173
  F_direction_x       : R² (all) = 0.6112, R² (last) = 0.6819
  F_direction_y       : R² (all) = 0.6823, R² (last) = 0.7269
  Fx                  : R² (all) = 0.1428, R² (last) = 0.2598
  Fy                  : R² (all) = 0.1857, R² (last) = 0.3262
  r                   : R² (all) = 0.1163, R² (last) = 0.1593
  inv_r               : R² (all) = 0.1015, R² (last) = 0.1624
  r_squared           : R² (all) = 0.0943, R² (last) = 0.1371
  inv_r_squared       : R² (all) = 0.0481, R² (last) = 0.1173
  inv_r_cubed         : R² (all) = 0.0150, R² (last) = 0.0713
  x                   : R² (all) = 0.5736, R² (last) = 0.6163
  y                   : R² (all) = 0.5824, R² (last) = 0.6420

block_0_after_attn_merge:
  F_magnitude         : R² (all) = 0.1576, R² (last) = 0.5189
  F_direction_x       : R² (all) = 0.9646, R² (last) = 0.9800
  F_direction_y       : R² (all) = 0.9730, R² (last) = 0.9848
  Fx                  : R² (all) = 0.2347, R² (last) = 0.4660
  Fy                  : R² (all) = 0.2330, R² (last) = 0.4802
  r                   : R² (all) = 0.2716, R² (last) = 0.8077
  inv_r               : R² (all) = 0.2788, R² (last) = 0.7957
  r_squared           : R² (all) = 0.2168, R² (last) = 0.6752
  inv_r_squared       : R² (all) = 0.1576, R² (last) = 0.5189
  inv_r_cubed         : R² (all) = 0.0602, R² (last) = 0.2760
  x                   : R² (all) = 0.9288, R² (last) = 0.9418
  y                   : R² (all) = 0.9233, R² (last) = 0.9338

block_0_mlp_hidden:
  F_magnitude         : R² (all) = 0.5119, R² (last) = 0.8492
  F_direction_x       : R² (all) = 0.9716, R² (last) = 0.9972
  F_direction_y       : R² (all) = 0.9780, R² (last) = 0.9974
  Fx                  : R² (all) = 0.3318, R² (last) = 0.7989
  Fy                  : R² (all) = 0.3209, R² (last) = 0.8287
  r                   : R² (all) = 0.8420, R² (last) = 0.9829
  inv_r               : R² (all) = 0.8499, R² (last) = 0.9694
  r_squared           : R² (all) = 0.6919, R² (last) = 0.9405
  inv_r_squared       : R² (all) = 0.5119, R² (last) = 0.8492
  inv_r_cubed         : R² (all) = 0.2143, R² (last) = 0.6740
  x                   : R² (all) = 0.9493, R² (last) = 0.9944
  y                   : R² (all) = 0.9474, R² (last) = 0.9927

block_0_mlp_output:
  F_magnitude         : R² (all) = 0.3418, R² (last) = 0.6479
  F_direction_x       : R² (all) = 0.9651, R² (last) = 0.9861
  F_direction_y       : R² (all) = 0.9732, R² (last) = 0.9869
  Fx                  : R² (all) = 0.2406, R² (last) = 0.5496
  Fy                  : R² (all) = 0.2342, R² (last) = 0.5812
  r                   : R² (all) = 0.5826, R² (last) = 0.9188
  inv_r               : R² (all) = 0.6045, R² (last) = 0.9087
  r_squared           : R² (all) = 0.4606, R² (last) = 0.8069
  inv_r_squared       : R² (all) = 0.3418, R² (last) = 0.6479
  inv_r_cubed         : R² (all) = 0.1273, R² (last) = 0.3827
  x                   : R² (all) = 0.9294, R² (last) = 0.9718
  y                   : R² (all) = 0.9224, R² (last) = 0.9642

block_0_after_mlp_merge:
  F_magnitude         : R² (all) = 0.0650, R² (last) = 0.6232
  F_direction_x       : R² (all) = 0.9692, R² (last) = 0.9872
  F_direction_y       : R² (all) = 0.9765, R² (last) = 0.9884
  Fx                  : R² (all) = 0.2675, R² (last) = 0.4947
  Fy                  : R² (all) = 0.3192, R² (last) = 0.5900
  r                   : R² (all) = 0.0997, R² (last) = 0.8786
  inv_r               : R² (all) = 0.1038, R² (last) = 0.8725
  r_squared           : R² (all) = 0.0844, R² (last) = 0.7646
  inv_r_squared       : R² (all) = 0.0650, R² (last) = 0.6232
  inv_r_cubed         : R² (all) = 0.0293, R² (last) = 0.3766
  x                   : R² (all) = 0.9995, R² (last) = 1.0000
  y                   : R² (all) = 0.9994, R² (last) = 1.0000

block_1_attn_output:
  F_magnitude         : R² (all) = 0.1512, R² (last) = 0.0925
  F_direction_x       : R² (all) = 0.3076, R² (last) = 0.3590
  F_direction_y       : R² (all) = 0.6343, R² (last) = 0.6478
  Fx                  : R² (all) = 0.0629, R² (last) = 0.1498
  Fy                  : R² (all) = 0.2031, R² (last) = 0.3048
  r                   : R² (all) = 0.2526, R² (last) = 0.2123
  inv_r               : R² (all) = 0.2623, R² (last) = 0.1637
  r_squared           : R² (all) = 0.1995, R² (last) = 0.1911
  inv_r_squared       : R² (all) = 0.1512, R² (last) = 0.0923
  inv_r_cubed         : R² (all) = 0.0596, R² (last) = 0.0464
  x                   : R² (all) = 0.3939, R² (last) = 0.4368
  y                   : R² (all) = 0.5818, R² (last) = 0.6030

block_1_after_attn_merge:
  F_magnitude         : R² (all) = 0.0809, R² (last) = 0.4124
  F_direction_x       : R² (all) = 0.9667, R² (last) = 0.9846
  F_direction_y       : R² (all) = 0.9734, R² (last) = 0.9871
  Fx                  : R² (all) = 0.2909, R² (last) = 0.4722
  Fy                  : R² (all) = 0.3399, R² (last) = 0.6023
  r                   : R² (all) = 0.1189, R² (last) = 0.6892
  inv_r               : R² (all) = 0.1263, R² (last) = 0.6363
  r_squared           : R² (all) = 0.1018, R² (last) = 0.6041
  inv_r_squared       : R² (all) = 0.0809, R² (last) = 0.4124
  inv_r_cubed         : R² (all) = 0.0358, R² (last) = 0.2254
  x                   : R² (all) = 0.9945, R² (last) = 0.9973
  y                   : R² (all) = 0.9961, R² (last) = 0.9983

block_1_mlp_hidden:
  F_magnitude         : R² (all) = 0.5095, R² (last) = 0.8264
  F_direction_x       : R² (all) = 0.9730, R² (last) = 0.9950
  F_direction_y       : R² (all) = 0.9785, R² (last) = 0.9955
  Fx                  : R² (all) = 0.3282, R² (last) = 0.7082
  Fy                  : R² (all) = 0.3685, R² (last) = 0.7398
  r                   : R² (all) = 0.9872, R² (last) = 0.9980
  inv_r               : R² (all) = 0.8308, R² (last) = 0.9605
  r_squared           : R² (all) = 0.9852, R² (last) = 0.9969
  inv_r_squared       : R² (all) = 0.5095, R² (last) = 0.8264
  inv_r_cubed         : R² (all) = 0.2248, R² (last) = 0.6216
  x                   : R² (all) = 0.9955, R² (last) = 0.9989
  y                   : R² (all) = 0.9968, R² (last) = 0.9992

block_1_mlp_output:
  F_magnitude         : R² (all) = 0.2192, R² (last) = 0.5741
  F_direction_x       : R² (all) = 0.9657, R² (last) = 0.9817
  F_direction_y       : R² (all) = 0.9718, R² (last) = 0.9872
  Fx                  : R² (all) = 0.2933, R² (last) = 0.4445
  Fy                  : R² (all) = 0.3369, R² (last) = 0.5958
  r                   : R² (all) = 0.8034, R² (last) = 0.9735
  inv_r               : R² (all) = 0.4935, R² (last) = 0.8212
  r_squared           : R² (all) = 0.7877, R² (last) = 0.9475
  inv_r_squared       : R² (all) = 0.2192, R² (last) = 0.5741
  inv_r_cubed         : R² (all) = 0.0735, R² (last) = 0.3323
  x                   : R² (all) = 0.9933, R² (last) = 0.9970
  y                   : R² (all) = 0.9957, R² (last) = 0.9983

block_1_after_mlp_merge:
  F_magnitude         : R² (all) = 0.0884, R² (last) = 0.4274
  F_direction_x       : R² (all) = 0.9707, R² (last) = 0.9898
  F_direction_y       : R² (all) = 0.9732, R² (last) = 0.9886
  Fx                  : R² (all) = 0.3122, R² (last) = 0.5032
  Fy                  : R² (all) = 0.3175, R² (last) = 0.5801
  r                   : R² (all) = 0.1430, R² (last) = 0.7767
  inv_r               : R² (all) = 0.1474, R² (last) = 0.6734
  r_squared           : R² (all) = 0.1185, R² (last) = 0.6987
  inv_r_squared       : R² (all) = 0.0884, R² (last) = 0.4274
  inv_r_cubed         : R² (all) = 0.0368, R² (last) = 0.2333
  x                   : R² (all) = 0.9985, R² (last) = 0.9997
  y                   : R² (all) = 0.9979, R² (last) = 0.9994

after_ln_f:
  F_magnitude         : R² (all) = 0.0948, R² (last) = 0.4597
  F_direction_x       : R² (all) = 0.9731, R² (last) = 0.9917
  F_direction_y       : R² (all) = 0.9757, R² (last) = 0.9906
  Fx                  : R² (all) = 0.3285, R² (last) = 0.5255
  Fy                  : R² (all) = 0.3320, R² (last) = 0.6091
  r                   : R² (all) = 0.1414, R² (last) = 0.7826
  inv_r               : R² (all) = 0.1538, R² (last) = 0.6847
  r_squared           : R² (all) = 0.1142, R² (last) = 0.7116
  inv_r_squared       : R² (all) = 0.0948, R² (last) = 0.4597
  inv_r_cubed         : R² (all) = 0.0406, R² (last) = 0.2699
  x                   : R² (all) = 0.9980, R² (last) = 0.9993
  y                   : R² (all) = 0.9978, R² (last) = 0.9993
Evaluating on 500 trajectories...
Conditioning length: 50, Generating 50 more steps per trajectory...

Error Statistics (aggregated across all 500 trajectories):
Mean position error: 1.035267 ± 0.800010
Max position error: 4.589769
R² scores:
  X coordinate: -0.477762 ± 1.213833
  Y coordinate: -0.533961 ± 1.467086
Evaluating on 500 trajectories...
Conditioning length: 50, Generating 50 more steps per trajectory...

Error Statistics (aggregated across all 500 trajectories):
Mean position error: 0.988773 ± 0.769379
Max position error: 4.449533
R² scores:
  X coordinate: -0.467376 ± 1.277935
  Y coordinate: -0.523718 ± 1.850178
Evaluation at step 701 completed.

Step 800, Total Train Loss: 0.014696, Prediction Loss: 0.013369, Test Loss: 0.003296, Attention Entropy: 0.0133, Entropy Reg Loss: 0.001326, Entropy Reg Active: True, GPU Memory: 0.000 GB

Evaluating at step 801...
Activations collected:
  input_embed: torch.Size([1000, 99, 32])
  after_pos_emb: torch.Size([1000, 99, 32])
  block_0_attn_output: torch.Size([1000, 99, 32])
  block_0_after_attn_merge: torch.Size([1000, 99, 32])
  block_0_mlp_hidden: torch.Size([1000, 99, 128])
  block_0_mlp_output: torch.Size([1000, 99, 32])
  block_0_after_mlp_merge: torch.Size([1000, 99, 32])
  block_1_attn_output: torch.Size([1000, 99, 32])
  block_1_after_attn_merge: torch.Size([1000, 99, 32])
  block_1_mlp_hidden: torch.Size([1000, 99, 128])
  block_1_mlp_output: torch.Size([1000, 99, 32])
  block_1_after_mlp_merge: torch.Size([1000, 99, 32])
  after_ln_f: torch.Size([1000, 99, 32])

Linear Probe Results (R² scores):
================================================================================

input_embed:
  F_magnitude         : R² (all) = 0.0003, R² (last) = 0.0012
  F_direction_x       : R² (all) = 0.8333, R² (last) = 0.8220
  F_direction_y       : R² (all) = 0.8336, R² (last) = 0.8304
  Fx                  : R² (all) = 0.0655, R² (last) = 0.0421
  Fy                  : R² (all) = 0.0643, R² (last) = 0.0659
  r                   : R² (all) = 0.0031, R² (last) = 0.0063
  inv_r               : R² (all) = 0.0010, R² (last) = 0.0030
  r_squared           : R² (all) = 0.0038, R² (last) = 0.0071
  inv_r_squared       : R² (all) = 0.0003, R² (last) = 0.0012
  inv_r_cubed         : R² (all) = 0.0001, R² (last) = 0.0004
  x                   : R² (all) = 1.0000, R² (last) = 1.0000
  y                   : R² (all) = 1.0000, R² (last) = 1.0000

after_pos_emb:
  F_magnitude         : R² (all) = 0.0405, R² (last) = 0.0012
  F_direction_x       : R² (all) = 0.8332, R² (last) = 0.8220
  F_direction_y       : R² (all) = 0.8335, R² (last) = 0.8304
  Fx                  : R² (all) = 0.0658, R² (last) = 0.0421
  Fy                  : R² (all) = 0.0646, R² (last) = 0.0659
  r                   : R² (all) = 0.0521, R² (last) = 0.0063
  inv_r               : R² (all) = 0.0484, R² (last) = 0.0030
  r_squared           : R² (all) = 0.0539, R² (last) = 0.0071
  inv_r_squared       : R² (all) = 0.0405, R² (last) = 0.0012
  inv_r_cubed         : R² (all) = 0.0280, R² (last) = 0.0004
  x                   : R² (all) = 0.9998, R² (last) = 1.0000
  y                   : R² (all) = 0.9999, R² (last) = 1.0000

block_0_attn_output:
  F_magnitude         : R² (all) = 0.0592, R² (last) = 0.0868
  F_direction_x       : R² (all) = 0.6055, R² (last) = 0.6623
  F_direction_y       : R² (all) = 0.6284, R² (last) = 0.6565
  Fx                  : R² (all) = 0.1483, R² (last) = 0.1762
  Fy                  : R² (all) = 0.1726, R² (last) = 0.2351
  r                   : R² (all) = 0.1234, R² (last) = 0.2087
  inv_r               : R² (all) = 0.1158, R² (last) = 0.1581
  r_squared           : R² (all) = 0.0967, R² (last) = 0.1945
  inv_r_squared       : R² (all) = 0.0592, R² (last) = 0.0868
  inv_r_cubed         : R² (all) = 0.0210, R² (last) = 0.0431
  x                   : R² (all) = 0.5689, R² (last) = 0.6220
  y                   : R² (all) = 0.5496, R² (last) = 0.6000

block_0_after_attn_merge:
  F_magnitude         : R² (all) = 0.1915, R² (last) = 0.5390
  F_direction_x       : R² (all) = 0.9704, R² (last) = 0.9783
  F_direction_y       : R² (all) = 0.9749, R² (last) = 0.9843
  Fx                  : R² (all) = 0.2544, R² (last) = 0.3667
  Fy                  : R² (all) = 0.2362, R² (last) = 0.3566
  r                   : R² (all) = 0.3049, R² (last) = 0.8118
  inv_r               : R² (all) = 0.3141, R² (last) = 0.8195
  r_squared           : R² (all) = 0.2424, R² (last) = 0.6661
  inv_r_squared       : R² (all) = 0.1915, R² (last) = 0.5390
  inv_r_cubed         : R² (all) = 0.0880, R² (last) = 0.3230
  x                   : R² (all) = 0.9271, R² (last) = 0.9319
  y                   : R² (all) = 0.9205, R² (last) = 0.9292

block_0_mlp_hidden:
  F_magnitude         : R² (all) = 0.5722, R² (last) = 0.8829
  F_direction_x       : R² (all) = 0.9768, R² (last) = 0.9970
  F_direction_y       : R² (all) = 0.9803, R² (last) = 0.9975
  Fx                  : R² (all) = 0.3591, R² (last) = 0.7780
  Fy                  : R² (all) = 0.3435, R² (last) = 0.7915
  r                   : R² (all) = 0.8276, R² (last) = 0.9792
  inv_r               : R² (all) = 0.8692, R² (last) = 0.9727
  r_squared           : R² (all) = 0.6719, R² (last) = 0.9299
  inv_r_squared       : R² (all) = 0.5722, R² (last) = 0.8829
  inv_r_cubed         : R² (all) = 0.2856, R² (last) = 0.7611
  x                   : R² (all) = 0.9488, R² (last) = 0.9922
  y                   : R² (all) = 0.9466, R² (last) = 0.9920

block_0_mlp_output:
  F_magnitude         : R² (all) = 0.3850, R² (last) = 0.6582
  F_direction_x       : R² (all) = 0.9713, R² (last) = 0.9859
  F_direction_y       : R² (all) = 0.9753, R² (last) = 0.9877
  Fx                  : R² (all) = 0.2629, R² (last) = 0.4956
  Fy                  : R² (all) = 0.2413, R² (last) = 0.4849
  r                   : R² (all) = 0.5560, R² (last) = 0.8915
  inv_r               : R² (all) = 0.6064, R² (last) = 0.9063
  r_squared           : R² (all) = 0.4372, R² (last) = 0.7658
  inv_r_squared       : R² (all) = 0.3850, R² (last) = 0.6582
  inv_r_cubed         : R² (all) = 0.1782, R² (last) = 0.4392
  x                   : R² (all) = 0.9280, R² (last) = 0.9680
  y                   : R² (all) = 0.9207, R² (last) = 0.9614

block_0_after_mlp_merge:
  F_magnitude         : R² (all) = 0.0863, R² (last) = 0.6017
  F_direction_x       : R² (all) = 0.9743, R² (last) = 0.9865
  F_direction_y       : R² (all) = 0.9784, R² (last) = 0.9881
  Fx                  : R² (all) = 0.2996, R² (last) = 0.4530
  Fy                  : R² (all) = 0.3370, R² (last) = 0.4664
  r                   : R² (all) = 0.1601, R² (last) = 0.8636
  inv_r               : R² (all) = 0.1478, R² (last) = 0.8583
  r_squared           : R² (all) = 0.1358, R² (last) = 0.7368
  inv_r_squared       : R² (all) = 0.0863, R² (last) = 0.6017
  inv_r_cubed         : R² (all) = 0.0396, R² (last) = 0.3946
  x                   : R² (all) = 0.9995, R² (last) = 1.0000
  y                   : R² (all) = 0.9996, R² (last) = 1.0000

block_1_attn_output:
  F_magnitude         : R² (all) = 0.1400, R² (last) = 0.2028
  F_direction_x       : R² (all) = 0.3496, R² (last) = 0.4129
  F_direction_y       : R² (all) = 0.5780, R² (last) = 0.6208
  Fx                  : R² (all) = 0.0882, R² (last) = 0.1024
  Fy                  : R² (all) = 0.1886, R² (last) = 0.2881
  r                   : R² (all) = 0.2425, R² (last) = 0.2612
  inv_r               : R² (all) = 0.2499, R² (last) = 0.2946
  r_squared           : R² (all) = 0.1818, R² (last) = 0.1978
  inv_r_squared       : R² (all) = 0.1400, R² (last) = 0.2029
  inv_r_cubed         : R² (all) = 0.0554, R² (last) = 0.1261
  x                   : R² (all) = 0.4136, R² (last) = 0.5003
  y                   : R² (all) = 0.5452, R² (last) = 0.6107

block_1_after_attn_merge:
  F_magnitude         : R² (all) = 0.1027, R² (last) = 0.5108
  F_direction_x       : R² (all) = 0.9706, R² (last) = 0.9835
  F_direction_y       : R² (all) = 0.9729, R² (last) = 0.9849
  Fx                  : R² (all) = 0.3221, R² (last) = 0.4293
  Fy                  : R² (all) = 0.3577, R² (last) = 0.4773
  r                   : R² (all) = 0.1720, R² (last) = 0.7465
  inv_r               : R² (all) = 0.1680, R² (last) = 0.7394
  r_squared           : R² (all) = 0.1458, R² (last) = 0.6360
  inv_r_squared       : R² (all) = 0.1027, R² (last) = 0.5108
  inv_r_cubed         : R² (all) = 0.0469, R² (last) = 0.3360
  x                   : R² (all) = 0.9948, R² (last) = 0.9973
  y                   : R² (all) = 0.9956, R² (last) = 0.9977

block_1_mlp_hidden:
  F_magnitude         : R² (all) = 0.5568, R² (last) = 0.8440
  F_direction_x       : R² (all) = 0.9761, R² (last) = 0.9937
  F_direction_y       : R² (all) = 0.9780, R² (last) = 0.9949
  Fx                  : R² (all) = 0.3641, R² (last) = 0.6890
  Fy                  : R² (all) = 0.3865, R² (last) = 0.7508
  r                   : R² (all) = 0.9861, R² (last) = 0.9975
  inv_r               : R² (all) = 0.8385, R² (last) = 0.9561
  r_squared           : R² (all) = 0.9840, R² (last) = 0.9966
  inv_r_squared       : R² (all) = 0.5568, R² (last) = 0.8440
  inv_r_cubed         : R² (all) = 0.2914, R² (last) = 0.6991
  x                   : R² (all) = 0.9959, R² (last) = 0.9988
  y                   : R² (all) = 0.9964, R² (last) = 0.9990

block_1_mlp_output:
  F_magnitude         : R² (all) = 0.2417, R² (last) = 0.5795
  F_direction_x       : R² (all) = 0.9693, R² (last) = 0.9824
  F_direction_y       : R² (all) = 0.9713, R² (last) = 0.9840
  Fx                  : R² (all) = 0.3240, R² (last) = 0.3888
  Fy                  : R² (all) = 0.3523, R² (last) = 0.4816
  r                   : R² (all) = 0.8234, R² (last) = 0.9690
  inv_r               : R² (all) = 0.5038, R² (last) = 0.8044
  r_squared           : R² (all) = 0.8128, R² (last) = 0.9471
  inv_r_squared       : R² (all) = 0.2417, R² (last) = 0.5795
  inv_r_cubed         : R² (all) = 0.0966, R² (last) = 0.3911
  x                   : R² (all) = 0.9936, R² (last) = 0.9969
  y                   : R² (all) = 0.9952, R² (last) = 0.9975

block_1_after_mlp_merge:
  F_magnitude         : R² (all) = 0.1133, R² (last) = 0.4710
  F_direction_x       : R² (all) = 0.9740, R² (last) = 0.9897
  F_direction_y       : R² (all) = 0.9737, R² (last) = 0.9876
  Fx                  : R² (all) = 0.3431, R² (last) = 0.4820
  Fy                  : R² (all) = 0.3347, R² (last) = 0.4961
  r                   : R² (all) = 0.2048, R² (last) = 0.8083
  inv_r               : R² (all) = 0.1935, R² (last) = 0.7227
  r_squared           : R² (all) = 0.1707, R² (last) = 0.7018
  inv_r_squared       : R² (all) = 0.1133, R² (last) = 0.4710
  inv_r_cubed         : R² (all) = 0.0502, R² (last) = 0.2963
  x                   : R² (all) = 0.9983, R² (last) = 0.9994
  y                   : R² (all) = 0.9981, R² (last) = 0.9995

after_ln_f:
  F_magnitude         : R² (all) = 0.1197, R² (last) = 0.5095
  F_direction_x       : R² (all) = 0.9748, R² (last) = 0.9910
  F_direction_y       : R² (all) = 0.9757, R² (last) = 0.9886
  Fx                  : R² (all) = 0.3614, R² (last) = 0.5188
  Fy                  : R² (all) = 0.3500, R² (last) = 0.5169
  r                   : R² (all) = 0.2050, R² (last) = 0.8141
  inv_r               : R² (all) = 0.2006, R² (last) = 0.7427
  r_squared           : R² (all) = 0.1679, R² (last) = 0.7146
  inv_r_squared       : R² (all) = 0.1197, R² (last) = 0.5096
  inv_r_cubed         : R² (all) = 0.0536, R² (last) = 0.3331
  x                   : R² (all) = 0.9980, R² (last) = 0.9992
  y                   : R² (all) = 0.9979, R² (last) = 0.9993
Evaluating on 500 trajectories...
Conditioning length: 50, Generating 50 more steps per trajectory...

Error Statistics (aggregated across all 500 trajectories):
Mean position error: 0.968085 ± 0.808737
Max position error: 4.663686
R² scores:
  X coordinate: -0.491303 ± 1.345854
  Y coordinate: -0.611090 ± 1.709422
Evaluating on 500 trajectories...
Conditioning length: 50, Generating 50 more steps per trajectory...

Error Statistics (aggregated across all 500 trajectories):
Mean position error: 1.033814 ± 0.814580
Max position error: 4.643544
R² scores:
  X coordinate: -0.589077 ± 1.421971
  Y coordinate: -0.772237 ± 1.727114
Evaluation at step 801 completed.

Step 900, Total Train Loss: 0.015116, Prediction Loss: 0.013674, Test Loss: 0.003463, Attention Entropy: 0.0144, Entropy Reg Loss: 0.001442, Entropy Reg Active: True, GPU Memory: 0.000 GB

Evaluating at step 901...
Activations collected:
  input_embed: torch.Size([1000, 99, 32])
  after_pos_emb: torch.Size([1000, 99, 32])
  block_0_attn_output: torch.Size([1000, 99, 32])
  block_0_after_attn_merge: torch.Size([1000, 99, 32])
  block_0_mlp_hidden: torch.Size([1000, 99, 128])
  block_0_mlp_output: torch.Size([1000, 99, 32])
  block_0_after_mlp_merge: torch.Size([1000, 99, 32])
  block_1_attn_output: torch.Size([1000, 99, 32])
  block_1_after_attn_merge: torch.Size([1000, 99, 32])
  block_1_mlp_hidden: torch.Size([1000, 99, 128])
  block_1_mlp_output: torch.Size([1000, 99, 32])
  block_1_after_mlp_merge: torch.Size([1000, 99, 32])
  after_ln_f: torch.Size([1000, 99, 32])

Linear Probe Results (R² scores):
================================================================================

input_embed:
  F_magnitude         : R² (all) = 0.0003, R² (last) = 0.0006
  F_direction_x       : R² (all) = 0.8240, R² (last) = 0.8286
  F_direction_y       : R² (all) = 0.8277, R² (last) = 0.8276
  Fx                  : R² (all) = 0.0677, R² (last) = 0.0892
  Fy                  : R² (all) = 0.0665, R² (last) = 0.0570
  r                   : R² (all) = 0.0040, R² (last) = 0.0011
  inv_r               : R² (all) = 0.0011, R² (last) = 0.0009
  r_squared           : R² (all) = 0.0054, R² (last) = 0.0008
  inv_r_squared       : R² (all) = 0.0003, R² (last) = 0.0006
  inv_r_cubed         : R² (all) = 0.0001, R² (last) = 0.0004
  x                   : R² (all) = 1.0000, R² (last) = 1.0000
  y                   : R² (all) = 1.0000, R² (last) = 1.0000

after_pos_emb:
  F_magnitude         : R² (all) = 0.0380, R² (last) = 0.0006
  F_direction_x       : R² (all) = 0.8240, R² (last) = 0.8286
  F_direction_y       : R² (all) = 0.8277, R² (last) = 0.8276
  Fx                  : R² (all) = 0.0679, R² (last) = 0.0892
  Fy                  : R² (all) = 0.0670, R² (last) = 0.0570
  r                   : R² (all) = 0.0560, R² (last) = 0.0011
  inv_r               : R² (all) = 0.0466, R² (last) = 0.0009
  r_squared           : R² (all) = 0.0611, R² (last) = 0.0008
  inv_r_squared       : R² (all) = 0.0380, R² (last) = 0.0006
  inv_r_cubed         : R² (all) = 0.0252, R² (last) = 0.0004
  x                   : R² (all) = 0.9999, R² (last) = 1.0000
  y                   : R² (all) = 0.9999, R² (last) = 1.0000

block_0_attn_output:
  F_magnitude         : R² (all) = 0.0692, R² (last) = 0.1238
  F_direction_x       : R² (all) = 0.5972, R² (last) = 0.6901
  F_direction_y       : R² (all) = 0.6157, R² (last) = 0.6808
  Fx                  : R² (all) = 0.1373, R² (last) = 0.2724
  Fy                  : R² (all) = 0.1625, R² (last) = 0.2186
  r                   : R² (all) = 0.1412, R² (last) = 0.2403
  inv_r               : R² (all) = 0.1326, R² (last) = 0.2003
  r_squared           : R² (all) = 0.1114, R² (last) = 0.2107
  inv_r_squared       : R² (all) = 0.0692, R² (last) = 0.1238
  inv_r_cubed         : R² (all) = 0.0239, R² (last) = 0.0715
  x                   : R² (all) = 0.5697, R² (last) = 0.6484
  y                   : R² (all) = 0.5491, R² (last) = 0.6266

block_0_after_attn_merge:
  F_magnitude         : R² (all) = 0.2443, R² (last) = 0.5758
  F_direction_x       : R² (all) = 0.9724, R² (last) = 0.9844
  F_direction_y       : R² (all) = 0.9761, R² (last) = 0.9867
  Fx                  : R² (all) = 0.2496, R² (last) = 0.4687
  Fy                  : R² (all) = 0.2389, R² (last) = 0.3841
  r                   : R² (all) = 0.3982, R² (last) = 0.8433
  inv_r               : R² (all) = 0.4027, R² (last) = 0.8485
  r_squared           : R² (all) = 0.3207, R² (last) = 0.7026
  inv_r_squared       : R² (all) = 0.2443, R² (last) = 0.5759
  inv_r_cubed         : R² (all) = 0.1053, R² (last) = 0.3330
  x                   : R² (all) = 0.9159, R² (last) = 0.9250
  y                   : R² (all) = 0.9124, R² (last) = 0.9218

block_0_mlp_hidden:
  F_magnitude         : R² (all) = 0.6063, R² (last) = 0.9061
  F_direction_x       : R² (all) = 0.9817, R² (last) = 0.9983
  F_direction_y       : R² (all) = 0.9841, R² (last) = 0.9982
  Fx                  : R² (all) = 0.4004, R² (last) = 0.8798
  Fy                  : R² (all) = 0.3846, R² (last) = 0.8199
  r                   : R² (all) = 0.8242, R² (last) = 0.9821
  inv_r               : R² (all) = 0.8944, R² (last) = 0.9804
  r_squared           : R² (all) = 0.6723, R² (last) = 0.9371
  inv_r_squared       : R² (all) = 0.6063, R² (last) = 0.9061
  inv_r_cubed         : R² (all) = 0.2932, R² (last) = 0.7955
  x                   : R² (all) = 0.9491, R² (last) = 0.9918
  y                   : R² (all) = 0.9476, R² (last) = 0.9917

block_0_mlp_output:
  F_magnitude         : R² (all) = 0.4270, R² (last) = 0.7132
  F_direction_x       : R² (all) = 0.9762, R² (last) = 0.9920
  F_direction_y       : R² (all) = 0.9787, R² (last) = 0.9907
  Fx                  : R² (all) = 0.2767, R² (last) = 0.6896
  Fy                  : R² (all) = 0.2573, R² (last) = 0.5416
  r                   : R² (all) = 0.5852, R² (last) = 0.9067
  inv_r               : R² (all) = 0.6509, R² (last) = 0.9337
  r_squared           : R² (all) = 0.4642, R² (last) = 0.7892
  inv_r_squared       : R² (all) = 0.4270, R² (last) = 0.7132
  inv_r_cubed         : R² (all) = 0.1927, R² (last) = 0.4620
  x                   : R² (all) = 0.9184, R² (last) = 0.9710
  y                   : R² (all) = 0.9144, R² (last) = 0.9614

block_0_after_mlp_merge:
  F_magnitude         : R² (all) = 0.1194, R² (last) = 0.6822
  F_direction_x       : R² (all) = 0.9773, R² (last) = 0.9910
  F_direction_y       : R² (all) = 0.9791, R² (last) = 0.9913
  Fx                  : R² (all) = 0.3261, R² (last) = 0.6214
  Fy                  : R² (all) = 0.3432, R² (last) = 0.5545
  r                   : R² (all) = 0.1906, R² (last) = 0.8882
  inv_r               : R² (all) = 0.1929, R² (last) = 0.8918
  r_squared           : R² (all) = 0.1557, R² (last) = 0.7649
  inv_r_squared       : R² (all) = 0.1194, R² (last) = 0.6822
  inv_r_cubed         : R² (all) = 0.0529, R² (last) = 0.4764
  x                   : R² (all) = 0.9995, R² (last) = 1.0000
  y                   : R² (all) = 0.9996, R² (last) = 1.0000

block_1_attn_output:
  F_magnitude         : R² (all) = 0.1751, R² (last) = 0.2274
  F_direction_x       : R² (all) = 0.3474, R² (last) = 0.4259
  F_direction_y       : R² (all) = 0.5891, R² (last) = 0.6450
  Fx                  : R² (all) = 0.0807, R² (last) = 0.1867
  Fy                  : R² (all) = 0.1901, R² (last) = 0.2246
  r                   : R² (all) = 0.2773, R² (last) = 0.2962
  inv_r               : R² (all) = 0.2901, R² (last) = 0.3189
  r_squared           : R² (all) = 0.2156, R² (last) = 0.2350
  inv_r_squared       : R² (all) = 0.1751, R² (last) = 0.2274
  inv_r_cubed         : R² (all) = 0.0723, R² (last) = 0.1328
  x                   : R² (all) = 0.4225, R² (last) = 0.5003
  y                   : R² (all) = 0.5690, R² (last) = 0.6528

block_1_after_attn_merge:
  F_magnitude         : R² (all) = 0.1375, R² (last) = 0.6002
  F_direction_x       : R² (all) = 0.9750, R² (last) = 0.9891
  F_direction_y       : R² (all) = 0.9745, R² (last) = 0.9891
  Fx                  : R² (all) = 0.3618, R² (last) = 0.6271
  Fy                  : R² (all) = 0.3670, R² (last) = 0.5452
  r                   : R² (all) = 0.2029, R² (last) = 0.7724
  inv_r               : R² (all) = 0.2109, R² (last) = 0.7809
  r_squared           : R² (all) = 0.1699, R² (last) = 0.6798
  inv_r_squared       : R² (all) = 0.1375, R² (last) = 0.6002
  inv_r_cubed         : R² (all) = 0.0632, R² (last) = 0.4109
  x                   : R² (all) = 0.9935, R² (last) = 0.9973
  y                   : R² (all) = 0.9954, R² (last) = 0.9975

block_1_mlp_hidden:
  F_magnitude         : R² (all) = 0.5585, R² (last) = 0.8832
  F_direction_x       : R² (all) = 0.9812, R² (last) = 0.9954
  F_direction_y       : R² (all) = 0.9819, R² (last) = 0.9966
  Fx                  : R² (all) = 0.4333, R² (last) = 0.8378
  Fy                  : R² (all) = 0.4245, R² (last) = 0.7919
  r                   : R² (all) = 0.9852, R² (last) = 0.9975
  inv_r               : R² (all) = 0.8437, R² (last) = 0.9694
  r_squared           : R² (all) = 0.9813, R² (last) = 0.9963
  inv_r_squared       : R² (all) = 0.5585, R² (last) = 0.8832
  inv_r_cubed         : R² (all) = 0.2728, R² (last) = 0.7459
  x                   : R² (all) = 0.9950, R² (last) = 0.9987
  y                   : R² (all) = 0.9963, R² (last) = 0.9990

block_1_mlp_output:
  F_magnitude         : R² (all) = 0.2703, R² (last) = 0.6186
  F_direction_x       : R² (all) = 0.9762, R² (last) = 0.9890
  F_direction_y       : R² (all) = 0.9747, R² (last) = 0.9880
  Fx                  : R² (all) = 0.3726, R² (last) = 0.5918
  Fy                  : R² (all) = 0.3667, R² (last) = 0.5262
  r                   : R² (all) = 0.8405, R² (last) = 0.9580
  inv_r               : R² (all) = 0.5324, R² (last) = 0.8261
  r_squared           : R² (all) = 0.8276, R² (last) = 0.9343
  inv_r_squared       : R² (all) = 0.2703, R² (last) = 0.6186
  inv_r_cubed         : R² (all) = 0.1080, R² (last) = 0.3937
  x                   : R² (all) = 0.9926, R² (last) = 0.9969
  y                   : R² (all) = 0.9951, R² (last) = 0.9975

block_1_after_mlp_merge:
  F_magnitude         : R² (all) = 0.1340, R² (last) = 0.5155
  F_direction_x       : R² (all) = 0.9779, R² (last) = 0.9921
  F_direction_y       : R² (all) = 0.9749, R² (last) = 0.9898
  Fx                  : R² (all) = 0.3824, R² (last) = 0.6582
  Fy                  : R² (all) = 0.3412, R² (last) = 0.4855
  r                   : R² (all) = 0.2265, R² (last) = 0.8115
  inv_r               : R² (all) = 0.2212, R² (last) = 0.7551
  r_squared           : R² (all) = 0.1867, R² (last) = 0.7116
  inv_r_squared       : R² (all) = 0.1340, R² (last) = 0.5155
  inv_r_cubed         : R² (all) = 0.0580, R² (last) = 0.3031
  x                   : R² (all) = 0.9983, R² (last) = 0.9996
  y                   : R² (all) = 0.9982, R² (last) = 0.9994

after_ln_f:
  F_magnitude         : R² (all) = 0.1444, R² (last) = 0.5551
  F_direction_x       : R² (all) = 0.9788, R² (last) = 0.9929
  F_direction_y       : R² (all) = 0.9772, R² (last) = 0.9910
  Fx                  : R² (all) = 0.4008, R² (last) = 0.6670
  Fy                  : R² (all) = 0.3584, R² (last) = 0.5207
  r                   : R² (all) = 0.2250, R² (last) = 0.8033
  inv_r               : R² (all) = 0.2289, R² (last) = 0.7726
  r_squared           : R² (all) = 0.1826, R² (last) = 0.7037
  inv_r_squared       : R² (all) = 0.1444, R² (last) = 0.5551
  inv_r_cubed         : R² (all) = 0.0656, R² (last) = 0.3432
  x                   : R² (all) = 0.9979, R² (last) = 0.9994
  y                   : R² (all) = 0.9980, R² (last) = 0.9992
Evaluating on 500 trajectories...
Conditioning length: 50, Generating 50 more steps per trajectory...

Error Statistics (aggregated across all 500 trajectories):
Mean position error: 1.002495 ± 0.772866
Max position error: 4.131798
R² scores:
  X coordinate: -0.524079 ± 1.216743
  Y coordinate: -0.452096 ± 1.150405
Evaluating on 500 trajectories...
Conditioning length: 50, Generating 50 more steps per trajectory...

Error Statistics (aggregated across all 500 trajectories):
Mean position error: 0.987297 ± 0.764145
Max position error: 4.402514
R² scores:
  X coordinate: -0.538653 ± 1.292959
  Y coordinate: -0.473500 ± 1.171379
Evaluation at step 901 completed.

Step 1000, Total Train Loss: 0.014538, Prediction Loss: 0.013216, Test Loss: 0.003265, Attention Entropy: 0.0132, Entropy Reg Loss: 0.001323, Entropy Reg Active: True, GPU Memory: 0.000 GB

Evaluating at step 1001...
Activations collected:
  input_embed: torch.Size([1000, 99, 32])
  after_pos_emb: torch.Size([1000, 99, 32])
  block_0_attn_output: torch.Size([1000, 99, 32])
  block_0_after_attn_merge: torch.Size([1000, 99, 32])
  block_0_mlp_hidden: torch.Size([1000, 99, 128])
  block_0_mlp_output: torch.Size([1000, 99, 32])
  block_0_after_mlp_merge: torch.Size([1000, 99, 32])
  block_1_attn_output: torch.Size([1000, 99, 32])
  block_1_after_attn_merge: torch.Size([1000, 99, 32])
  block_1_mlp_hidden: torch.Size([1000, 99, 128])
  block_1_mlp_output: torch.Size([1000, 99, 32])
  block_1_after_mlp_merge: torch.Size([1000, 99, 32])
  after_ln_f: torch.Size([1000, 99, 32])

Linear Probe Results (R² scores):
================================================================================

input_embed:
  F_magnitude         : R² (all) = 0.0000, R² (last) = 0.0003
  F_direction_x       : R² (all) = 0.8344, R² (last) = 0.8309
  F_direction_y       : R² (all) = 0.8301, R² (last) = 0.8332
  Fx                  : R² (all) = 0.0725, R² (last) = 0.0738
  Fy                  : R² (all) = 0.0716, R² (last) = 0.0737
  r                   : R² (all) = 0.0000, R² (last) = 0.0021
  inv_r               : R² (all) = 0.0000, R² (last) = 0.0009
  r_squared           : R² (all) = 0.0000, R² (last) = 0.0017
  inv_r_squared       : R² (all) = 0.0000, R² (last) = 0.0004
  inv_r_cubed         : R² (all) = 0.0000, R² (last) = 0.0001
  x                   : R² (all) = 1.0000, R² (last) = 1.0000
  y                   : R² (all) = 1.0000, R² (last) = 1.0000

after_pos_emb:
  F_magnitude         : R² (all) = 0.0322, R² (last) = 0.0003
  F_direction_x       : R² (all) = 0.8344, R² (last) = 0.8309
  F_direction_y       : R² (all) = 0.8300, R² (last) = 0.8333
  Fx                  : R² (all) = 0.0729, R² (last) = 0.0738
  Fy                  : R² (all) = 0.0718, R² (last) = 0.0737
  r                   : R² (all) = 0.0500, R² (last) = 0.0019
  inv_r               : R² (all) = 0.0417, R² (last) = 0.0010
  r_squared           : R² (all) = 0.0533, R² (last) = 0.0016
  inv_r_squared       : R² (all) = 0.0322, R² (last) = 0.0003
  inv_r_cubed         : R² (all) = 0.0212, R² (last) = 0.0001
  x                   : R² (all) = 0.9999, R² (last) = 1.0000
  y                   : R² (all) = 0.9998, R² (last) = 1.0000

block_0_attn_output:
  F_magnitude         : R² (all) = 0.1196, R² (last) = 0.1516
  F_direction_x       : R² (all) = 0.5731, R² (last) = 0.6794
  F_direction_y       : R² (all) = 0.5148, R² (last) = 0.6122
  Fx                  : R² (all) = 0.0910, R² (last) = 0.1856
  Fy                  : R² (all) = 0.0921, R² (last) = 0.1225
  r                   : R² (all) = 0.1886, R² (last) = 0.2479
  inv_r               : R² (all) = 0.2130, R² (last) = 0.2468
  r_squared           : R² (all) = 0.1364, R² (last) = 0.2155
  inv_r_squared       : R² (all) = 0.1196, R² (last) = 0.1516
  inv_r_cubed         : R² (all) = 0.0439, R² (last) = 0.0696
  x                   : R² (all) = 0.5702, R² (last) = 0.6284
  y                   : R² (all) = 0.4977, R² (last) = 0.6042

block_0_after_attn_merge:
  F_magnitude         : R² (all) = 0.3369, R² (last) = 0.4818
  F_direction_x       : R² (all) = 0.9653, R² (last) = 0.9807
  F_direction_y       : R² (all) = 0.9668, R² (last) = 0.9795
  Fx                  : R² (all) = 0.1779, R² (last) = 0.3064
  Fy                  : R² (all) = 0.1968, R² (last) = 0.2221
  r                   : R² (all) = 0.5432, R² (last) = 0.8395
  inv_r               : R² (all) = 0.5570, R² (last) = 0.8083
  r_squared           : R² (all) = 0.4344, R² (last) = 0.7135
  inv_r_squared       : R² (all) = 0.3369, R² (last) = 0.4818
  inv_r_cubed         : R² (all) = 0.1464, R² (last) = 0.2136
  x                   : R² (all) = 0.9203, R² (last) = 0.9314
  y                   : R² (all) = 0.9115, R² (last) = 0.9231

block_0_mlp_hidden:
  F_magnitude         : R² (all) = 0.5787, R² (last) = 0.8252
  F_direction_x       : R² (all) = 0.9836, R² (last) = 0.9980
  F_direction_y       : R² (all) = 0.9839, R² (last) = 0.9981
  Fx                  : R² (all) = 0.3910, R² (last) = 0.7185
  Fy                  : R² (all) = 0.4140, R² (last) = 0.6854
  r                   : R² (all) = 0.8338, R² (last) = 0.9861
  inv_r               : R² (all) = 0.8668, R² (last) = 0.9642
  r_squared           : R² (all) = 0.6915, R² (last) = 0.9503
  inv_r_squared       : R² (all) = 0.5787, R² (last) = 0.8252
  inv_r_cubed         : R² (all) = 0.2918, R² (last) = 0.6298
  x                   : R² (all) = 0.9623, R² (last) = 0.9928
  y                   : R² (all) = 0.9598, R² (last) = 0.9946

block_0_mlp_output:
  F_magnitude         : R² (all) = 0.4063, R² (last) = 0.6019
  F_direction_x       : R² (all) = 0.9747, R² (last) = 0.9909
  F_direction_y       : R² (all) = 0.9745, R² (last) = 0.9901
  Fx                  : R² (all) = 0.2431, R² (last) = 0.5154
  Fy                  : R² (all) = 0.2325, R² (last) = 0.4217
  r                   : R² (all) = 0.6013, R² (last) = 0.9290
  inv_r               : R² (all) = 0.6383, R² (last) = 0.8940
  r_squared           : R² (all) = 0.4845, R² (last) = 0.8268
  inv_r_squared       : R² (all) = 0.4063, R² (last) = 0.6019
  inv_r_cubed         : R² (all) = 0.1857, R² (last) = 0.3274
  x                   : R² (all) = 0.9272, R² (last) = 0.9791
  y                   : R² (all) = 0.9175, R² (last) = 0.9741

block_0_after_mlp_merge:
  F_magnitude         : R² (all) = 0.1778, R² (last) = 0.5642
  F_direction_x       : R² (all) = 0.9686, R² (last) = 0.9903
  F_direction_y       : R² (all) = 0.9717, R² (last) = 0.9898
  Fx                  : R² (all) = 0.2805, R² (last) = 0.4585
  Fy                  : R² (all) = 0.3091, R² (last) = 0.3882
  r                   : R² (all) = 0.3725, R² (last) = 0.9040
  inv_r               : R² (all) = 0.3173, R² (last) = 0.8585
  r_squared           : R² (all) = 0.3223, R² (last) = 0.7933
  inv_r_squared       : R² (all) = 0.1778, R² (last) = 0.5642
  inv_r_cubed         : R² (all) = 0.0735, R² (last) = 0.3011
  x                   : R² (all) = 0.9994, R² (last) = 1.0000
  y                   : R² (all) = 0.9994, R² (last) = 1.0000

block_1_attn_output:
  F_magnitude         : R² (all) = 0.1865, R² (last) = 0.2241
  F_direction_x       : R² (all) = 0.3780, R² (last) = 0.4225
  F_direction_y       : R² (all) = 0.4736, R² (last) = 0.5642
  Fx                  : R² (all) = 0.0675, R² (last) = 0.1305
  Fy                  : R² (all) = 0.0975, R² (last) = 0.1269
  r                   : R² (all) = 0.3029, R² (last) = 0.3621
  inv_r               : R² (all) = 0.3286, R² (last) = 0.3842
  r_squared           : R² (all) = 0.2227, R² (last) = 0.2842
  inv_r_squared       : R² (all) = 0.1865, R² (last) = 0.2240
  inv_r_cubed         : R² (all) = 0.0723, R² (last) = 0.0967
  x                   : R² (all) = 0.4356, R² (last) = 0.4766
  y                   : R² (all) = 0.4916, R² (last) = 0.6127

block_1_after_attn_merge:
  F_magnitude         : R² (all) = 0.2149, R² (last) = 0.5240
  F_direction_x       : R² (all) = 0.9667, R² (last) = 0.9866
  F_direction_y       : R² (all) = 0.9650, R² (last) = 0.9869
  Fx                  : R² (all) = 0.3214, R² (last) = 0.4931
  Fy                  : R² (all) = 0.3400, R² (last) = 0.3857
  r                   : R² (all) = 0.3683, R² (last) = 0.8373
  inv_r               : R² (all) = 0.3549, R² (last) = 0.7994
  r_squared           : R² (all) = 0.3091, R² (last) = 0.7380
  inv_r_squared       : R² (all) = 0.2149, R² (last) = 0.5240
  inv_r_cubed         : R² (all) = 0.0925, R² (last) = 0.2773
  x                   : R² (all) = 0.9940, R² (last) = 0.9971
  y                   : R² (all) = 0.9940, R² (last) = 0.9975

block_1_mlp_hidden:
  F_magnitude         : R² (all) = 0.5430, R² (last) = 0.8005
  F_direction_x       : R² (all) = 0.9802, R² (last) = 0.9943
  F_direction_y       : R² (all) = 0.9790, R² (last) = 0.9963
  Fx                  : R² (all) = 0.4383, R² (last) = 0.7055
  Fy                  : R² (all) = 0.4335, R² (last) = 0.6849
  r                   : R² (all) = 0.9836, R² (last) = 0.9978
  inv_r               : R² (all) = 0.8302, R² (last) = 0.9526
  r_squared           : R² (all) = 0.9798, R² (last) = 0.9964
  inv_r_squared       : R² (all) = 0.5430, R² (last) = 0.8005
  inv_r_cubed         : R² (all) = 0.2754, R² (last) = 0.5963
  x                   : R² (all) = 0.9957, R² (last) = 0.9989
  y                   : R² (all) = 0.9960, R² (last) = 0.9993

block_1_mlp_output:
  F_magnitude         : R² (all) = 0.3065, R² (last) = 0.6310
  F_direction_x       : R² (all) = 0.9725, R² (last) = 0.9888
  F_direction_y       : R² (all) = 0.9683, R² (last) = 0.9868
  Fx                  : R² (all) = 0.3538, R² (last) = 0.5292
  Fy                  : R² (all) = 0.3475, R² (last) = 0.4101
  r                   : R² (all) = 0.8283, R² (last) = 0.9645
  inv_r               : R² (all) = 0.5595, R² (last) = 0.8620
  r_squared           : R² (all) = 0.8129, R² (last) = 0.9440
  inv_r_squared       : R² (all) = 0.3065, R² (last) = 0.6310
  inv_r_cubed         : R² (all) = 0.1343, R² (last) = 0.3731
  x                   : R² (all) = 0.9933, R² (last) = 0.9971
  y                   : R² (all) = 0.9939, R² (last) = 0.9972

block_1_after_mlp_merge:
  F_magnitude         : R² (all) = 0.1753, R² (last) = 0.5187
  F_direction_x       : R² (all) = 0.9693, R² (last) = 0.9918
  F_direction_y       : R² (all) = 0.9656, R² (last) = 0.9892
  Fx                  : R² (all) = 0.3401, R² (last) = 0.5526
  Fy                  : R² (all) = 0.3113, R² (last) = 0.4292
  r                   : R² (all) = 0.3525, R² (last) = 0.8727
  inv_r               : R² (all) = 0.3084, R² (last) = 0.8110
  r_squared           : R² (all) = 0.3020, R² (last) = 0.7693
  inv_r_squared       : R² (all) = 0.1753, R² (last) = 0.5187
  inv_r_cubed         : R² (all) = 0.0736, R² (last) = 0.2680
  x                   : R² (all) = 0.9978, R² (last) = 0.9997
  y                   : R² (all) = 0.9977, R² (last) = 0.9995

after_ln_f:
  F_magnitude         : R² (all) = 0.2016, R² (last) = 0.5655
  F_direction_x       : R² (all) = 0.9708, R² (last) = 0.9925
  F_direction_y       : R² (all) = 0.9691, R² (last) = 0.9903
  Fx                  : R² (all) = 0.3608, R² (last) = 0.5699
  Fy                  : R² (all) = 0.3355, R² (last) = 0.4466
  r                   : R² (all) = 0.3520, R² (last) = 0.8611
  inv_r               : R² (all) = 0.3288, R² (last) = 0.8325
  r_squared           : R² (all) = 0.2978, R² (last) = 0.7587
  inv_r_squared       : R² (all) = 0.2016, R² (last) = 0.5654
  inv_r_cubed         : R² (all) = 0.0923, R² (last) = 0.3118
  x                   : R² (all) = 0.9974, R² (last) = 0.9994
  y                   : R² (all) = 0.9973, R² (last) = 0.9992
Evaluating on 500 trajectories...
Conditioning length: 50, Generating 50 more steps per trajectory...

Error Statistics (aggregated across all 500 trajectories):
Mean position error: 0.919820 ± 0.741929
Max position error: 4.738077
R² scores:
  X coordinate: -0.233446 ± 1.051496
  Y coordinate: -0.425366 ± 1.530856
Evaluating on 500 trajectories...
Conditioning length: 50, Generating 50 more steps per trajectory...

Error Statistics (aggregated across all 500 trajectories):
Mean position error: 0.932265 ± 0.748886
Max position error: 4.610376
R² scores:
  X coordinate: -0.326737 ± 1.149222
  Y coordinate: -0.510944 ± 1.490493
Evaluation at step 1001 completed.

Step 1100, Total Train Loss: 0.013814, Prediction Loss: 0.012592, Test Loss: 0.002590, Attention Entropy: 0.0122, Entropy Reg Loss: 0.001222, Entropy Reg Active: True, GPU Memory: 0.000 GB

Evaluating at step 1101...
Activations collected:
  input_embed: torch.Size([1000, 99, 32])
  after_pos_emb: torch.Size([1000, 99, 32])
  block_0_attn_output: torch.Size([1000, 99, 32])
  block_0_after_attn_merge: torch.Size([1000, 99, 32])
  block_0_mlp_hidden: torch.Size([1000, 99, 128])
  block_0_mlp_output: torch.Size([1000, 99, 32])
  block_0_after_mlp_merge: torch.Size([1000, 99, 32])
  block_1_attn_output: torch.Size([1000, 99, 32])
  block_1_after_attn_merge: torch.Size([1000, 99, 32])
  block_1_mlp_hidden: torch.Size([1000, 99, 128])
  block_1_mlp_output: torch.Size([1000, 99, 32])
  block_1_after_mlp_merge: torch.Size([1000, 99, 32])
  after_ln_f: torch.Size([1000, 99, 32])

Linear Probe Results (R² scores):
================================================================================

input_embed:
  F_magnitude         : R² (all) = 0.0003, R² (last) = 0.0005
  F_direction_x       : R² (all) = 0.8261, R² (last) = 0.8319
  F_direction_y       : R² (all) = 0.8278, R² (last) = 0.8303
  Fx                  : R² (all) = 0.0578, R² (last) = 0.0580
  Fy                  : R² (all) = 0.0595, R² (last) = 0.0847
  r                   : R² (all) = 0.0027, R² (last) = 0.0041
  inv_r               : R² (all) = 0.0009, R² (last) = 0.0016
  r_squared           : R² (all) = 0.0032, R² (last) = 0.0049
  inv_r_squared       : R² (all) = 0.0003, R² (last) = 0.0005
  inv_r_cubed         : R² (all) = 0.0000, R² (last) = 0.0001
  x                   : R² (all) = 1.0000, R² (last) = 1.0000
  y                   : R² (all) = 1.0000, R² (last) = 1.0000

after_pos_emb:
  F_magnitude         : R² (all) = 0.0328, R² (last) = 0.0006
  F_direction_x       : R² (all) = 0.8261, R² (last) = 0.8319
  F_direction_y       : R² (all) = 0.8278, R² (last) = 0.8303
  Fx                  : R² (all) = 0.0580, R² (last) = 0.0580
  Fy                  : R² (all) = 0.0599, R² (last) = 0.0847
  r                   : R² (all) = 0.0513, R² (last) = 0.0040
  inv_r               : R² (all) = 0.0432, R² (last) = 0.0016
  r_squared           : R² (all) = 0.0554, R² (last) = 0.0048
  inv_r_squared       : R² (all) = 0.0328, R² (last) = 0.0006
  inv_r_cubed         : R² (all) = 0.0201, R² (last) = 0.0001
  x                   : R² (all) = 1.0000, R² (last) = 1.0000
  y                   : R² (all) = 1.0000, R² (last) = 1.0000

block_0_attn_output:
  F_magnitude         : R² (all) = 0.1071, R² (last) = 0.1701
  F_direction_x       : R² (all) = 0.5748, R² (last) = 0.6824
  F_direction_y       : R² (all) = 0.5260, R² (last) = 0.6049
  Fx                  : R² (all) = 0.0772, R² (last) = 0.1084
  Fy                  : R² (all) = 0.0777, R² (last) = 0.2030
  r                   : R² (all) = 0.1953, R² (last) = 0.2323
  inv_r               : R² (all) = 0.2098, R² (last) = 0.2480
  r_squared           : R² (all) = 0.1405, R² (last) = 0.1935
  inv_r_squared       : R² (all) = 0.1071, R² (last) = 0.1701
  inv_r_cubed         : R² (all) = 0.0347, R² (last) = 0.0920
  x                   : R² (all) = 0.5742, R² (last) = 0.6655
  y                   : R² (all) = 0.5015, R² (last) = 0.5810

block_0_after_attn_merge:
  F_magnitude         : R² (all) = 0.3235, R² (last) = 0.6212
  F_direction_x       : R² (all) = 0.9634, R² (last) = 0.9766
  F_direction_y       : R² (all) = 0.9652, R² (last) = 0.9802
  Fx                  : R² (all) = 0.1512, R² (last) = 0.2210
  Fy                  : R² (all) = 0.1734, R² (last) = 0.3778
  r                   : R² (all) = 0.5492, R² (last) = 0.8225
  inv_r               : R² (all) = 0.5556, R² (last) = 0.8518
  r_squared           : R² (all) = 0.4387, R² (last) = 0.6922
  inv_r_squared       : R² (all) = 0.3235, R² (last) = 0.6212
  inv_r_cubed         : R² (all) = 0.1339, R² (last) = 0.3945
  x                   : R² (all) = 0.9192, R² (last) = 0.9278
  y                   : R² (all) = 0.9137, R² (last) = 0.9262

block_0_mlp_hidden:
  F_magnitude         : R² (all) = 0.5501, R² (last) = 0.9112
  F_direction_x       : R² (all) = 0.9820, R² (last) = 0.9977
  F_direction_y       : R² (all) = 0.9828, R² (last) = 0.9984
  Fx                  : R² (all) = 0.3528, R² (last) = 0.7996
  Fy                  : R² (all) = 0.3811, R² (last) = 0.8749
  r                   : R² (all) = 0.8432, R² (last) = 0.9851
  inv_r               : R² (all) = 0.8620, R² (last) = 0.9793
  r_squared           : R² (all) = 0.6979, R² (last) = 0.9455
  inv_r_squared       : R² (all) = 0.5501, R² (last) = 0.9112
  inv_r_cubed         : R² (all) = 0.2602, R² (last) = 0.8073
  x                   : R² (all) = 0.9620, R² (last) = 0.9937
  y                   : R² (all) = 0.9610, R² (last) = 0.9942

block_0_mlp_output:
  F_magnitude         : R² (all) = 0.3856, R² (last) = 0.7669
  F_direction_x       : R² (all) = 0.9732, R² (last) = 0.9895
  F_direction_y       : R² (all) = 0.9733, R² (last) = 0.9902
  Fx                  : R² (all) = 0.2220, R² (last) = 0.5795
  Fy                  : R² (all) = 0.2125, R² (last) = 0.6559
  r                   : R² (all) = 0.6193, R² (last) = 0.9311
  inv_r               : R² (all) = 0.6404, R² (last) = 0.9283
  r_squared           : R² (all) = 0.4998, R² (last) = 0.8245
  inv_r_squared       : R² (all) = 0.3856, R² (last) = 0.7669
  inv_r_cubed         : R² (all) = 0.1622, R² (last) = 0.6009
  x                   : R² (all) = 0.9266, R² (last) = 0.9774
  y                   : R² (all) = 0.9193, R² (last) = 0.9736

block_0_after_mlp_merge:
  F_magnitude         : R² (all) = 0.1681, R² (last) = 0.6925
  F_direction_x       : R² (all) = 0.9682, R² (last) = 0.9881
  F_direction_y       : R² (all) = 0.9696, R² (last) = 0.9892
  Fx                  : R² (all) = 0.2441, R² (last) = 0.4083
  Fy                  : R² (all) = 0.2626, R² (last) = 0.5675
  r                   : R² (all) = 0.3183, R² (last) = 0.8813
  inv_r               : R² (all) = 0.2974, R² (last) = 0.8941
  r_squared           : R² (all) = 0.2646, R² (last) = 0.7570
  inv_r_squared       : R² (all) = 0.1681, R² (last) = 0.6925
  inv_r_cubed         : R² (all) = 0.0670, R² (last) = 0.4969
  x                   : R² (all) = 0.9996, R² (last) = 1.0000
  y                   : R² (all) = 0.9995, R² (last) = 1.0000

block_1_attn_output:
  F_magnitude         : R² (all) = 0.1746, R² (last) = 0.2561
  F_direction_x       : R² (all) = 0.3824, R² (last) = 0.4747
  F_direction_y       : R² (all) = 0.4764, R² (last) = 0.5551
  Fx                  : R² (all) = 0.0562, R² (last) = 0.1308
  Fy                  : R² (all) = 0.0823, R² (last) = 0.1676
  r                   : R² (all) = 0.3332, R² (last) = 0.3776
  inv_r               : R² (all) = 0.3352, R² (last) = 0.3817
  r_squared           : R² (all) = 0.2508, R² (last) = 0.2982
  inv_r_squared       : R² (all) = 0.1746, R² (last) = 0.2561
  inv_r_cubed         : R² (all) = 0.0607, R² (last) = 0.1536
  x                   : R² (all) = 0.4456, R² (last) = 0.5355
  y                   : R² (all) = 0.4873, R² (last) = 0.5797

block_1_after_attn_merge:
  F_magnitude         : R² (all) = 0.1995, R² (last) = 0.6885
  F_direction_x       : R² (all) = 0.9662, R² (last) = 0.9845
  F_direction_y       : R² (all) = 0.9640, R² (last) = 0.9869
  Fx                  : R² (all) = 0.2845, R² (last) = 0.4856
  Fy                  : R² (all) = 0.2895, R² (last) = 0.5702
  r                   : R² (all) = 0.3371, R² (last) = 0.8364
  inv_r               : R² (all) = 0.3381, R² (last) = 0.8504
  r_squared           : R² (all) = 0.2785, R² (last) = 0.7306
  inv_r_squared       : R² (all) = 0.1995, R² (last) = 0.6885
  inv_r_cubed         : R² (all) = 0.0801, R² (last) = 0.5380
  x                   : R² (all) = 0.9935, R² (last) = 0.9967
  y                   : R² (all) = 0.9939, R² (last) = 0.9973

block_1_mlp_hidden:
  F_magnitude         : R² (all) = 0.5169, R² (last) = 0.9215
  F_direction_x       : R² (all) = 0.9797, R² (last) = 0.9944
  F_direction_y       : R² (all) = 0.9786, R² (last) = 0.9956
  Fx                  : R² (all) = 0.3940, R² (last) = 0.8164
  Fy                  : R² (all) = 0.3836, R² (last) = 0.8504
  r                   : R² (all) = 0.9842, R² (last) = 0.9975
  inv_r               : R² (all) = 0.8250, R² (last) = 0.9723
  r_squared           : R² (all) = 0.9792, R² (last) = 0.9961
  inv_r_squared       : R² (all) = 0.5169, R² (last) = 0.9215
  inv_r_cubed         : R² (all) = 0.2421, R² (last) = 0.8635
  x                   : R² (all) = 0.9952, R² (last) = 0.9986
  y                   : R² (all) = 0.9960, R² (last) = 0.9992

block_1_mlp_output:
  F_magnitude         : R² (all) = 0.2966, R² (last) = 0.7908
  F_direction_x       : R² (all) = 0.9718, R² (last) = 0.9868
  F_direction_y       : R² (all) = 0.9675, R² (last) = 0.9856
  Fx                  : R² (all) = 0.3109, R² (last) = 0.5315
  Fy                  : R² (all) = 0.2975, R² (last) = 0.5652
  r                   : R² (all) = 0.8248, R² (last) = 0.9570
  inv_r               : R² (all) = 0.5580, R² (last) = 0.8953
  r_squared           : R² (all) = 0.8076, R² (last) = 0.9323
  inv_r_squared       : R² (all) = 0.2966, R² (last) = 0.7908
  inv_r_cubed         : R² (all) = 0.1204, R² (last) = 0.6608
  x                   : R² (all) = 0.9926, R² (last) = 0.9966
  y                   : R² (all) = 0.9939, R² (last) = 0.9970

block_1_after_mlp_merge:
  F_magnitude         : R² (all) = 0.1666, R² (last) = 0.6395
  F_direction_x       : R² (all) = 0.9690, R² (last) = 0.9905
  F_direction_y       : R² (all) = 0.9648, R² (last) = 0.9887
  Fx                  : R² (all) = 0.2994, R² (last) = 0.5611
  Fy                  : R² (all) = 0.2644, R² (last) = 0.6340
  r                   : R² (all) = 0.3196, R² (last) = 0.8689
  inv_r               : R² (all) = 0.2990, R² (last) = 0.8380
  r_squared           : R² (all) = 0.2635, R² (last) = 0.7560
  inv_r_squared       : R² (all) = 0.1666, R² (last) = 0.6395
  inv_r_cubed         : R² (all) = 0.0655, R² (last) = 0.4792
  x                   : R² (all) = 0.9981, R² (last) = 0.9997
  y                   : R² (all) = 0.9977, R² (last) = 0.9994

after_ln_f:
  F_magnitude         : R² (all) = 0.1978, R² (last) = 0.7436
  F_direction_x       : R² (all) = 0.9708, R² (last) = 0.9921
  F_direction_y       : R² (all) = 0.9681, R² (last) = 0.9901
  Fx                  : R² (all) = 0.3202, R² (last) = 0.6642
  Fy                  : R² (all) = 0.2887, R² (last) = 0.6740
  r                   : R² (all) = 0.3215, R² (last) = 0.8451
  inv_r               : R² (all) = 0.3243, R² (last) = 0.8673
  r_squared           : R² (all) = 0.2612, R² (last) = 0.7315
  inv_r_squared       : R² (all) = 0.1978, R² (last) = 0.7436
  inv_r_cubed         : R² (all) = 0.0864, R² (last) = 0.6433
  x                   : R² (all) = 0.9977, R² (last) = 0.9994
  y                   : R² (all) = 0.9975, R² (last) = 0.9992
Evaluating on 500 trajectories...
Conditioning length: 50, Generating 50 more steps per trajectory...

Error Statistics (aggregated across all 500 trajectories):
Mean position error: 0.934724 ± 0.768694
Max position error: 4.700642
R² scores:
  X coordinate: -0.267604 ± 1.056322
  Y coordinate: -0.355304 ± 1.300922
Evaluating on 500 trajectories...
Conditioning length: 50, Generating 50 more steps per trajectory...

Error Statistics (aggregated across all 500 trajectories):
Mean position error: 0.916938 ± 0.732148
Max position error: 3.957349
R² scores:
  X coordinate: -0.216878 ± 0.889263
  Y coordinate: -0.306216 ± 1.177839
Evaluation at step 1101 completed.

Step 1200, Total Train Loss: 0.013175, Prediction Loss: 0.012196, Test Loss: 0.002438, Attention Entropy: 0.0098, Entropy Reg Loss: 0.000980, Entropy Reg Active: True, GPU Memory: 0.000 GB

Evaluating at step 1201...
Activations collected:
  input_embed: torch.Size([1000, 99, 32])
  after_pos_emb: torch.Size([1000, 99, 32])
  block_0_attn_output: torch.Size([1000, 99, 32])
  block_0_after_attn_merge: torch.Size([1000, 99, 32])
  block_0_mlp_hidden: torch.Size([1000, 99, 128])
  block_0_mlp_output: torch.Size([1000, 99, 32])
  block_0_after_mlp_merge: torch.Size([1000, 99, 32])
  block_1_attn_output: torch.Size([1000, 99, 32])
  block_1_after_attn_merge: torch.Size([1000, 99, 32])
  block_1_mlp_hidden: torch.Size([1000, 99, 128])
  block_1_mlp_output: torch.Size([1000, 99, 32])
  block_1_after_mlp_merge: torch.Size([1000, 99, 32])
  after_ln_f: torch.Size([1000, 99, 32])

Linear Probe Results (R² scores):
================================================================================

input_embed:
  F_magnitude         : R² (all) = 0.0003, R² (last) = 0.0002
  F_direction_x       : R² (all) = 0.8302, R² (last) = 0.8288
  F_direction_y       : R² (all) = 0.8302, R² (last) = 0.8384
  Fx                  : R² (all) = 0.0608, R² (last) = 0.0620
  Fy                  : R² (all) = 0.0615, R² (last) = 0.0824
  r                   : R² (all) = 0.0017, R² (last) = 0.0045
  inv_r               : R² (all) = 0.0008, R² (last) = 0.0008
  r_squared           : R² (all) = 0.0019, R² (last) = 0.0079
  inv_r_squared       : R² (all) = 0.0003, R² (last) = 0.0002
  inv_r_cubed         : R² (all) = 0.0001, R² (last) = 0.0000
  x                   : R² (all) = 1.0000, R² (last) = 1.0000
  y                   : R² (all) = 1.0000, R² (last) = 1.0000

after_pos_emb:
  F_magnitude         : R² (all) = 0.0367, R² (last) = 0.0002
  F_direction_x       : R² (all) = 0.8303, R² (last) = 0.8288
  F_direction_y       : R² (all) = 0.8302, R² (last) = 0.8384
  Fx                  : R² (all) = 0.0612, R² (last) = 0.0620
  Fy                  : R² (all) = 0.0617, R² (last) = 0.0824
  r                   : R² (all) = 0.0561, R² (last) = 0.0045
  inv_r               : R² (all) = 0.0486, R² (last) = 0.0008
  r_squared           : R² (all) = 0.0590, R² (last) = 0.0079
  inv_r_squared       : R² (all) = 0.0367, R² (last) = 0.0002
  inv_r_cubed         : R² (all) = 0.0231, R² (last) = 0.0000
  x                   : R² (all) = 1.0000, R² (last) = 1.0000
  y                   : R² (all) = 1.0000, R² (last) = 1.0000

block_0_attn_output:
  F_magnitude         : R² (all) = 0.0939, R² (last) = 0.1279
  F_direction_x       : R² (all) = 0.5782, R² (last) = 0.6806
  F_direction_y       : R² (all) = 0.5350, R² (last) = 0.6534
  Fx                  : R² (all) = 0.0822, R² (last) = 0.1524
  Fy                  : R² (all) = 0.0892, R² (last) = 0.2258
  r                   : R² (all) = 0.1522, R² (last) = 0.2197
  inv_r               : R² (all) = 0.1774, R² (last) = 0.2026
  r_squared           : R² (all) = 0.1066, R² (last) = 0.1892
  inv_r_squared       : R² (all) = 0.0939, R² (last) = 0.1280
  inv_r_cubed         : R² (all) = 0.0323, R² (last) = 0.0706
  x                   : R² (all) = 0.5735, R² (last) = 0.6365
  y                   : R² (all) = 0.5056, R² (last) = 0.6054

block_0_after_attn_merge:
  F_magnitude         : R² (all) = 0.3214, R² (last) = 0.5479
  F_direction_x       : R² (all) = 0.9651, R² (last) = 0.9767
  F_direction_y       : R² (all) = 0.9671, R² (last) = 0.9830
  Fx                  : R² (all) = 0.1610, R² (last) = 0.2874
  Fy                  : R² (all) = 0.1762, R² (last) = 0.3245
  r                   : R² (all) = 0.5501, R² (last) = 0.8292
  inv_r               : R² (all) = 0.5555, R² (last) = 0.8203
  r_squared           : R² (all) = 0.4354, R² (last) = 0.6864
  inv_r_squared       : R² (all) = 0.3214, R² (last) = 0.5479
  inv_r_cubed         : R² (all) = 0.1370, R² (last) = 0.3181
  x                   : R² (all) = 0.9210, R² (last) = 0.9361
  y                   : R² (all) = 0.9125, R² (last) = 0.9262

block_0_mlp_hidden:
  F_magnitude         : R² (all) = 0.5529, R² (last) = 0.9150
  F_direction_x       : R² (all) = 0.9823, R² (last) = 0.9977
  F_direction_y       : R² (all) = 0.9831, R² (last) = 0.9984
  Fx                  : R² (all) = 0.3579, R² (last) = 0.8164
  Fy                  : R² (all) = 0.3779, R² (last) = 0.8158
  r                   : R² (all) = 0.8418, R² (last) = 0.9865
  inv_r               : R² (all) = 0.8649, R² (last) = 0.9797
  r_squared           : R² (all) = 0.6937, R² (last) = 0.9497
  inv_r_squared       : R² (all) = 0.5529, R² (last) = 0.9150
  inv_r_cubed         : R² (all) = 0.2704, R² (last) = 0.8269
  x                   : R² (all) = 0.9630, R² (last) = 0.9945
  y                   : R² (all) = 0.9616, R² (last) = 0.9943

block_0_mlp_output:
  F_magnitude         : R² (all) = 0.3794, R² (last) = 0.7087
  F_direction_x       : R² (all) = 0.9739, R² (last) = 0.9890
  F_direction_y       : R² (all) = 0.9740, R² (last) = 0.9904
  Fx                  : R² (all) = 0.2254, R² (last) = 0.5667
  Fy                  : R² (all) = 0.2122, R² (last) = 0.5044
  r                   : R² (all) = 0.6089, R² (last) = 0.9321
  inv_r               : R² (all) = 0.6325, R² (last) = 0.9142
  r_squared           : R² (all) = 0.4870, R² (last) = 0.8272
  inv_r_squared       : R² (all) = 0.3794, R² (last) = 0.7087
  inv_r_cubed         : R² (all) = 0.1641, R² (last) = 0.5091
  x                   : R² (all) = 0.9284, R² (last) = 0.9794
  y                   : R² (all) = 0.9188, R² (last) = 0.9710

block_0_after_mlp_merge:
  F_magnitude         : R² (all) = 0.1605, R² (last) = 0.6397
  F_direction_x       : R² (all) = 0.9702, R² (last) = 0.9880
  F_direction_y       : R² (all) = 0.9717, R² (last) = 0.9901
  Fx                  : R² (all) = 0.2505, R² (last) = 0.5014
  Fy                  : R² (all) = 0.2712, R² (last) = 0.4876
  r                   : R² (all) = 0.3352, R² (last) = 0.8888
  inv_r               : R² (all) = 0.2896, R² (last) = 0.8745
  r_squared           : R² (all) = 0.2911, R² (last) = 0.7634
  inv_r_squared       : R² (all) = 0.1605, R² (last) = 0.6397
  inv_r_cubed         : R² (all) = 0.0666, R² (last) = 0.4357
  x                   : R² (all) = 0.9996, R² (last) = 1.0000
  y                   : R² (all) = 0.9995, R² (last) = 1.0000

block_1_attn_output:
  F_magnitude         : R² (all) = 0.0368, R² (last) = 0.2134
  F_direction_x       : R² (all) = 0.3444, R² (last) = 0.4129
  F_direction_y       : R² (all) = 0.4875, R² (last) = 0.5825
  Fx                  : R² (all) = 0.0286, R² (last) = 0.1352
  Fy                  : R² (all) = 0.0755, R² (last) = 0.1877
  r                   : R² (all) = 0.1182, R² (last) = 0.3341
  inv_r               : R² (all) = 0.0866, R² (last) = 0.3230
  r_squared           : R² (all) = 0.0962, R² (last) = 0.2677
  inv_r_squared       : R² (all) = 0.0367, R² (last) = 0.2134
  inv_r_cubed         : R² (all) = 0.0133, R² (last) = 0.1366
  x                   : R² (all) = 0.4272, R² (last) = 0.4861
  y                   : R² (all) = 0.4559, R² (last) = 0.6034

block_1_after_attn_merge:
  F_magnitude         : R² (all) = 0.1951, R² (last) = 0.6088
  F_direction_x       : R² (all) = 0.9681, R² (last) = 0.9857
  F_direction_y       : R² (all) = 0.9666, R² (last) = 0.9876
  Fx                  : R² (all) = 0.2880, R² (last) = 0.5771
  Fy                  : R² (all) = 0.2958, R² (last) = 0.4801
  r                   : R² (all) = 0.3454, R² (last) = 0.8570
  inv_r               : R² (all) = 0.3297, R² (last) = 0.8197
  r_squared           : R² (all) = 0.2929, R² (last) = 0.7629
  inv_r_squared       : R² (all) = 0.1951, R² (last) = 0.6088
  inv_r_cubed         : R² (all) = 0.0838, R² (last) = 0.4313
  x                   : R² (all) = 0.9935, R² (last) = 0.9974
  y                   : R² (all) = 0.9940, R² (last) = 0.9972

block_1_mlp_hidden:
  F_magnitude         : R² (all) = 0.5270, R² (last) = 0.9038
  F_direction_x       : R² (all) = 0.9803, R² (last) = 0.9945
  F_direction_y       : R² (all) = 0.9791, R² (last) = 0.9958
  Fx                  : R² (all) = 0.3948, R² (last) = 0.8293
  Fy                  : R² (all) = 0.3817, R² (last) = 0.7440
  r                   : R² (all) = 0.9842, R² (last) = 0.9977
  inv_r               : R² (all) = 0.8289, R² (last) = 0.9715
  r_squared           : R² (all) = 0.9795, R² (last) = 0.9965
  inv_r_squared       : R² (all) = 0.5270, R² (last) = 0.9038
  inv_r_cubed         : R² (all) = 0.2599, R² (last) = 0.8176
  x                   : R² (all) = 0.9953, R² (last) = 0.9989
  y                   : R² (all) = 0.9960, R² (last) = 0.9991

block_1_mlp_output:
  F_magnitude         : R² (all) = 0.2971, R² (last) = 0.7159
  F_direction_x       : R² (all) = 0.9728, R² (last) = 0.9874
  F_direction_y       : R² (all) = 0.9691, R² (last) = 0.9867
  Fx                  : R² (all) = 0.3124, R² (last) = 0.5979
  Fy                  : R² (all) = 0.3023, R² (last) = 0.4949
  r                   : R² (all) = 0.8293, R² (last) = 0.9566
  inv_r               : R² (all) = 0.5546, R² (last) = 0.8649
  r_squared           : R² (all) = 0.8160, R² (last) = 0.9350
  inv_r_squared       : R² (all) = 0.2971, R² (last) = 0.7159
  inv_r_cubed         : R² (all) = 0.1269, R² (last) = 0.5606
  x                   : R² (all) = 0.9927, R² (last) = 0.9972
  y                   : R² (all) = 0.9939, R² (last) = 0.9971

block_1_after_mlp_merge:
  F_magnitude         : R² (all) = 0.1646, R² (last) = 0.5882
  F_direction_x       : R² (all) = 0.9707, R² (last) = 0.9914
  F_direction_y       : R² (all) = 0.9670, R² (last) = 0.9889
  Fx                  : R² (all) = 0.3062, R² (last) = 0.6315
  Fy                  : R² (all) = 0.2733, R² (last) = 0.5167
  r                   : R² (all) = 0.3364, R² (last) = 0.8736
  inv_r               : R² (all) = 0.2964, R² (last) = 0.8156
  r_squared           : R² (all) = 0.2875, R² (last) = 0.7692
  inv_r_squared       : R² (all) = 0.1646, R² (last) = 0.5882
  inv_r_cubed         : R² (all) = 0.0685, R² (last) = 0.4043
  x                   : R² (all) = 0.9983, R² (last) = 0.9997
  y                   : R² (all) = 0.9978, R² (last) = 0.9995

after_ln_f:
  F_magnitude         : R² (all) = 0.1915, R² (last) = 0.6904
  F_direction_x       : R² (all) = 0.9728, R² (last) = 0.9936
  F_direction_y       : R² (all) = 0.9707, R² (last) = 0.9909
  Fx                  : R² (all) = 0.3260, R² (last) = 0.6705
  Fy                  : R² (all) = 0.2939, R² (last) = 0.5427
  r                   : R² (all) = 0.3390, R² (last) = 0.8607
  inv_r               : R² (all) = 0.3184, R² (last) = 0.8588
  r_squared           : R² (all) = 0.2867, R² (last) = 0.7636
  inv_r_squared       : R² (all) = 0.1915, R² (last) = 0.6904
  inv_r_cubed         : R² (all) = 0.0870, R² (last) = 0.5306
  x                   : R² (all) = 0.9978, R² (last) = 0.9994
  y                   : R² (all) = 0.9977, R² (last) = 0.9993
Evaluating on 500 trajectories...
Conditioning length: 50, Generating 50 more steps per trajectory...

Error Statistics (aggregated across all 500 trajectories):
Mean position error: 0.942710 ± 0.740929
Max position error: 4.179028
R² scores:
  X coordinate: -0.344781 ± 1.068667
  Y coordinate: -0.391378 ± 1.153451
Evaluating on 500 trajectories...
Conditioning length: 50, Generating 50 more steps per trajectory...

Error Statistics (aggregated across all 500 trajectories):
Mean position error: 0.957506 ± 0.748071
Max position error: 4.393498
R² scores:
  X coordinate: -0.364843 ± 1.103490
  Y coordinate: -0.342501 ± 1.085339
Evaluation at step 1201 completed.

Step 1300, Total Train Loss: 0.013197, Prediction Loss: 0.012073, Test Loss: 0.002644, Attention Entropy: 0.0112, Entropy Reg Loss: 0.001124, Entropy Reg Active: True, GPU Memory: 0.000 GB

Evaluating at step 1301...
Activations collected:
  input_embed: torch.Size([1000, 99, 32])
  after_pos_emb: torch.Size([1000, 99, 32])
  block_0_attn_output: torch.Size([1000, 99, 32])
  block_0_after_attn_merge: torch.Size([1000, 99, 32])
  block_0_mlp_hidden: torch.Size([1000, 99, 128])
  block_0_mlp_output: torch.Size([1000, 99, 32])
  block_0_after_mlp_merge: torch.Size([1000, 99, 32])
  block_1_attn_output: torch.Size([1000, 99, 32])
  block_1_after_attn_merge: torch.Size([1000, 99, 32])
  block_1_mlp_hidden: torch.Size([1000, 99, 128])
  block_1_mlp_output: torch.Size([1000, 99, 32])
  block_1_after_mlp_merge: torch.Size([1000, 99, 32])
  after_ln_f: torch.Size([1000, 99, 32])

Linear Probe Results (R² scores):
================================================================================

input_embed:
  F_magnitude         : R² (all) = 0.0000, R² (last) = 0.0001
  F_direction_x       : R² (all) = 0.8293, R² (last) = 0.8269
  F_direction_y       : R² (all) = 0.8308, R² (last) = 0.8353
  Fx                  : R² (all) = 0.0665, R² (last) = 0.0896
  Fy                  : R² (all) = 0.0714, R² (last) = 0.1006
  r                   : R² (all) = 0.0003, R² (last) = 0.0007
  inv_r               : R² (all) = 0.0000, R² (last) = 0.0001
  r_squared           : R² (all) = 0.0008, R² (last) = 0.0023
  inv_r_squared       : R² (all) = 0.0000, R² (last) = 0.0001
  inv_r_cubed         : R² (all) = 0.0000, R² (last) = 0.0000
  x                   : R² (all) = 1.0000, R² (last) = 1.0000
  y                   : R² (all) = 1.0000, R² (last) = 1.0000

after_pos_emb:
  F_magnitude         : R² (all) = 0.0382, R² (last) = 0.0002
  F_direction_x       : R² (all) = 0.8293, R² (last) = 0.8269
  F_direction_y       : R² (all) = 0.8308, R² (last) = 0.8353
  Fx                  : R² (all) = 0.0668, R² (last) = 0.0896
  Fy                  : R² (all) = 0.0721, R² (last) = 0.1006
  r                   : R² (all) = 0.0479, R² (last) = 0.0015
  inv_r               : R² (all) = 0.0469, R² (last) = 0.0005
  r_squared           : R² (all) = 0.0490, R² (last) = 0.0023
  inv_r_squared       : R² (all) = 0.0382, R² (last) = 0.0002
  inv_r_cubed         : R² (all) = 0.0253, R² (last) = 0.0001
  x                   : R² (all) = 1.0000, R² (last) = 1.0000
  y                   : R² (all) = 1.0000, R² (last) = 1.0000

block_0_attn_output:
  F_magnitude         : R² (all) = 0.1003, R² (last) = 0.1613
  F_direction_x       : R² (all) = 0.5779, R² (last) = 0.6580
  F_direction_y       : R² (all) = 0.5157, R² (last) = 0.5925
  Fx                  : R² (all) = 0.0865, R² (last) = 0.2136
  Fy                  : R² (all) = 0.0914, R² (last) = 0.2204
  r                   : R² (all) = 0.1616, R² (last) = 0.2257
  inv_r               : R² (all) = 0.1798, R² (last) = 0.2231
  r_squared           : R² (all) = 0.1147, R² (last) = 0.1924
  inv_r_squared       : R² (all) = 0.1003, R² (last) = 0.1613
  inv_r_cubed         : R² (all) = 0.0377, R² (last) = 0.1010
  x                   : R² (all) = 0.5759, R² (last) = 0.6234
  y                   : R² (all) = 0.4854, R² (last) = 0.5526

block_0_after_attn_merge:
  F_magnitude         : R² (all) = 0.3494, R² (last) = 0.6494
  F_direction_x       : R² (all) = 0.9635, R² (last) = 0.9779
  F_direction_y       : R² (all) = 0.9655, R² (last) = 0.9816
  Fx                  : R² (all) = 0.1726, R² (last) = 0.3584
  Fy                  : R² (all) = 0.1995, R² (last) = 0.3833
  r                   : R² (all) = 0.5471, R² (last) = 0.8421
  inv_r               : R² (all) = 0.5620, R² (last) = 0.8535
  r_squared           : R² (all) = 0.4358, R² (last) = 0.7139
  inv_r_squared       : R² (all) = 0.3494, R² (last) = 0.6494
  inv_r_cubed         : R² (all) = 0.1593, R² (last) = 0.4329
  x                   : R² (all) = 0.9223, R² (last) = 0.9335
  y                   : R² (all) = 0.9166, R² (last) = 0.9291

block_0_mlp_hidden:
  F_magnitude         : R² (all) = 0.5844, R² (last) = 0.9333
  F_direction_x       : R² (all) = 0.9820, R² (last) = 0.9975
  F_direction_y       : R² (all) = 0.9829, R² (last) = 0.9976
  Fx                  : R² (all) = 0.3927, R² (last) = 0.8343
  Fy                  : R² (all) = 0.4243, R² (last) = 0.8061
  r                   : R² (all) = 0.8484, R² (last) = 0.9868
  inv_r               : R² (all) = 0.8713, R² (last) = 0.9838
  r_squared           : R² (all) = 0.6997, R² (last) = 0.9509
  inv_r_squared       : R² (all) = 0.5844, R² (last) = 0.9332
  inv_r_cubed         : R² (all) = 0.2980, R² (last) = 0.8349
  x                   : R² (all) = 0.9642, R² (last) = 0.9939
  y                   : R² (all) = 0.9629, R² (last) = 0.9951

block_0_mlp_output:
  F_magnitude         : R² (all) = 0.4103, R² (last) = 0.7884
  F_direction_x       : R² (all) = 0.9731, R² (last) = 0.9890
  F_direction_y       : R² (all) = 0.9733, R² (last) = 0.9899
  Fx                  : R² (all) = 0.2538, R² (last) = 0.6215
  Fy                  : R² (all) = 0.2412, R² (last) = 0.5985
  r                   : R² (all) = 0.6190, R² (last) = 0.9358
  inv_r               : R² (all) = 0.6429, R² (last) = 0.9351
  r_squared           : R² (all) = 0.4988, R² (last) = 0.8299
  inv_r_squared       : R² (all) = 0.4103, R² (last) = 0.7884
  inv_r_cubed         : R² (all) = 0.1897, R² (last) = 0.6152
  x                   : R² (all) = 0.9299, R² (last) = 0.9795
  y                   : R² (all) = 0.9218, R² (last) = 0.9719

block_0_after_mlp_merge:
  F_magnitude         : R² (all) = 0.1820, R² (last) = 0.7170
  F_direction_x       : R² (all) = 0.9691, R² (last) = 0.9882
  F_direction_y       : R² (all) = 0.9701, R² (last) = 0.9891
  Fx                  : R² (all) = 0.2683, R² (last) = 0.5183
  Fy                  : R² (all) = 0.2992, R² (last) = 0.5319
  r                   : R² (all) = 0.3196, R² (last) = 0.8916
  inv_r               : R² (all) = 0.3016, R² (last) = 0.8947
  r_squared           : R² (all) = 0.2649, R² (last) = 0.7685
  inv_r_squared       : R² (all) = 0.1820, R² (last) = 0.7170
  inv_r_cubed         : R² (all) = 0.0812, R² (last) = 0.5256
  x                   : R² (all) = 0.9996, R² (last) = 1.0000
  y                   : R² (all) = 0.9995, R² (last) = 1.0000

block_1_attn_output:
  F_magnitude         : R² (all) = 0.1740, R² (last) = 0.2797
  F_direction_x       : R² (all) = 0.3885, R² (last) = 0.4316
  F_direction_y       : R² (all) = 0.4733, R² (last) = 0.5250
  Fx                  : R² (all) = 0.0654, R² (last) = 0.1405
  Fy                  : R² (all) = 0.0969, R² (last) = 0.1603
  r                   : R² (all) = 0.2880, R² (last) = 0.3193
  inv_r               : R² (all) = 0.2995, R² (last) = 0.3531
  r_squared           : R² (all) = 0.2192, R² (last) = 0.2625
  inv_r_squared       : R² (all) = 0.1740, R² (last) = 0.2797
  inv_r_cubed         : R² (all) = 0.0705, R² (last) = 0.1951
  x                   : R² (all) = 0.4596, R² (last) = 0.5042
  y                   : R² (all) = 0.4829, R² (last) = 0.5564

block_1_after_attn_merge:
  F_magnitude         : R² (all) = 0.2132, R² (last) = 0.6377
  F_direction_x       : R² (all) = 0.9671, R² (last) = 0.9848
  F_direction_y       : R² (all) = 0.9651, R² (last) = 0.9860
  Fx                  : R² (all) = 0.3065, R² (last) = 0.5532
  Fy                  : R² (all) = 0.3265, R² (last) = 0.5381
  r                   : R² (all) = 0.3324, R² (last) = 0.8412
  inv_r               : R² (all) = 0.3365, R² (last) = 0.8055
  r_squared           : R² (all) = 0.2751, R² (last) = 0.7505
  inv_r_squared       : R² (all) = 0.2132, R² (last) = 0.6377
  inv_r_cubed         : R² (all) = 0.0964, R² (last) = 0.4663
  x                   : R² (all) = 0.9936, R² (last) = 0.9968
  y                   : R² (all) = 0.9941, R² (last) = 0.9972

block_1_mlp_hidden:
  F_magnitude         : R² (all) = 0.5597, R² (last) = 0.9165
  F_direction_x       : R² (all) = 0.9806, R² (last) = 0.9939
  F_direction_y       : R² (all) = 0.9789, R² (last) = 0.9957
  Fx                  : R² (all) = 0.4299, R² (last) = 0.8050
  Fy                  : R² (all) = 0.4272, R² (last) = 0.7985
  r                   : R² (all) = 0.9842, R² (last) = 0.9975
  inv_r               : R² (all) = 0.8379, R² (last) = 0.9729
  r_squared           : R² (all) = 0.9794, R² (last) = 0.9962
  inv_r_squared       : R² (all) = 0.5597, R² (last) = 0.9165
  inv_r_cubed         : R² (all) = 0.2873, R² (last) = 0.8253
  x                   : R² (all) = 0.9954, R² (last) = 0.9988
  y                   : R² (all) = 0.9961, R² (last) = 0.9992

block_1_mlp_output:
  F_magnitude         : R² (all) = 0.3280, R² (last) = 0.7540
  F_direction_x       : R² (all) = 0.9722, R² (last) = 0.9868
  F_direction_y       : R² (all) = 0.9689, R² (last) = 0.9850
  Fx                  : R² (all) = 0.3384, R² (last) = 0.5724
  Fy                  : R² (all) = 0.3364, R² (last) = 0.5390
  r                   : R² (all) = 0.8262, R² (last) = 0.9562
  inv_r               : R² (all) = 0.5739, R² (last) = 0.8829
  r_squared           : R² (all) = 0.8097, R² (last) = 0.9311
  inv_r_squared       : R² (all) = 0.3280, R² (last) = 0.7540
  inv_r_cubed         : R² (all) = 0.1465, R² (last) = 0.5843
  x                   : R² (all) = 0.9928, R² (last) = 0.9967
  y                   : R² (all) = 0.9942, R² (last) = 0.9968

block_1_after_mlp_merge:
  F_magnitude         : R² (all) = 0.1805, R² (last) = 0.6108
  F_direction_x       : R² (all) = 0.9700, R² (last) = 0.9903
  F_direction_y       : R² (all) = 0.9658, R² (last) = 0.9877
  Fx                  : R² (all) = 0.3258, R² (last) = 0.6273
  Fy                  : R² (all) = 0.3006, R² (last) = 0.5859
  r                   : R² (all) = 0.3108, R² (last) = 0.8748
  inv_r               : R² (all) = 0.2984, R² (last) = 0.8077
  r_squared           : R² (all) = 0.2556, R² (last) = 0.7787
  inv_r_squared       : R² (all) = 0.1805, R² (last) = 0.6108
  inv_r_cubed         : R² (all) = 0.0799, R² (last) = 0.4261
  x                   : R² (all) = 0.9983, R² (last) = 0.9997
  y                   : R² (all) = 0.9978, R² (last) = 0.9995

after_ln_f:
  F_magnitude         : R² (all) = 0.2129, R² (last) = 0.6849
  F_direction_x       : R² (all) = 0.9723, R² (last) = 0.9927
  F_direction_y       : R² (all) = 0.9699, R² (last) = 0.9899
  Fx                  : R² (all) = 0.3469, R² (last) = 0.6557
  Fy                  : R² (all) = 0.3262, R² (last) = 0.6041
  r                   : R² (all) = 0.3137, R² (last) = 0.8639
  inv_r               : R² (all) = 0.3250, R² (last) = 0.8425
  r_squared           : R² (all) = 0.2541, R² (last) = 0.7719
  inv_r_squared       : R² (all) = 0.2129, R² (last) = 0.6849
  inv_r_cubed         : R² (all) = 0.1025, R² (last) = 0.5133
  x                   : R² (all) = 0.9978, R² (last) = 0.9993
  y                   : R² (all) = 0.9976, R² (last) = 0.9993
Evaluating on 500 trajectories...
Conditioning length: 50, Generating 50 more steps per trajectory...

Error Statistics (aggregated across all 500 trajectories):
Mean position error: 0.925667 ± 0.751631
Max position error: 4.531745
R² scores:
  X coordinate: -0.308026 ± 1.073261
  Y coordinate: -0.392420 ± 1.321300
Evaluating on 500 trajectories...
Conditioning length: 50, Generating 50 more steps per trajectory...

Error Statistics (aggregated across all 500 trajectories):
Mean position error: 0.938176 ± 0.747855
Max position error: 4.747601
R² scores:
  X coordinate: -0.346749 ± 1.050668
  Y coordinate: -0.414128 ± 1.319281
Evaluation at step 1301 completed.

Step 1400, Total Train Loss: 0.013466, Prediction Loss: 0.012301, Test Loss: 0.002295, Attention Entropy: 0.0117, Entropy Reg Loss: 0.001166, Entropy Reg Active: True, GPU Memory: 0.000 GB

Evaluating at step 1401...
Activations collected:
  input_embed: torch.Size([1000, 99, 32])
  after_pos_emb: torch.Size([1000, 99, 32])
  block_0_attn_output: torch.Size([1000, 99, 32])
  block_0_after_attn_merge: torch.Size([1000, 99, 32])
  block_0_mlp_hidden: torch.Size([1000, 99, 128])
  block_0_mlp_output: torch.Size([1000, 99, 32])
  block_0_after_mlp_merge: torch.Size([1000, 99, 32])
  block_1_attn_output: torch.Size([1000, 99, 32])
  block_1_after_attn_merge: torch.Size([1000, 99, 32])
  block_1_mlp_hidden: torch.Size([1000, 99, 128])
  block_1_mlp_output: torch.Size([1000, 99, 32])
  block_1_after_mlp_merge: torch.Size([1000, 99, 32])
  after_ln_f: torch.Size([1000, 99, 32])

Linear Probe Results (R² scores):
================================================================================

input_embed:
  F_magnitude         : R² (all) = 0.0002, R² (last) = 0.0008
  F_direction_x       : R² (all) = 0.8370, R² (last) = 0.8386
  F_direction_y       : R² (all) = 0.8337, R² (last) = 0.8378
  Fx                  : R² (all) = 0.0599, R² (last) = 0.0831
  Fy                  : R² (all) = 0.0596, R² (last) = 0.1027
  r                   : R² (all) = 0.0011, R² (last) = 0.0054
  inv_r               : R² (all) = 0.0005, R² (last) = 0.0021
  r_squared           : R² (all) = 0.0012, R² (last) = 0.0070
  inv_r_squared       : R² (all) = 0.0002, R² (last) = 0.0008
  inv_r_cubed         : R² (all) = 0.0000, R² (last) = 0.0002
  x                   : R² (all) = 1.0000, R² (last) = 1.0000
  y                   : R² (all) = 1.0000, R² (last) = 1.0000

after_pos_emb:
  F_magnitude         : R² (all) = 0.0291, R² (last) = 0.0008
  F_direction_x       : R² (all) = 0.8370, R² (last) = 0.8386
  F_direction_y       : R² (all) = 0.8337, R² (last) = 0.8378
  Fx                  : R² (all) = 0.0601, R² (last) = 0.0831
  Fy                  : R² (all) = 0.0599, R² (last) = 0.1027
  r                   : R² (all) = 0.0509, R² (last) = 0.0054
  inv_r               : R² (all) = 0.0406, R² (last) = 0.0021
  r_squared           : R² (all) = 0.0551, R² (last) = 0.0070
  inv_r_squared       : R² (all) = 0.0291, R² (last) = 0.0008
  inv_r_cubed         : R² (all) = 0.0171, R² (last) = 0.0002
  x                   : R² (all) = 1.0000, R² (last) = 1.0000
  y                   : R² (all) = 1.0000, R² (last) = 1.0000

block_0_attn_output:
  F_magnitude         : R² (all) = 0.0982, R² (last) = 0.1170
  F_direction_x       : R² (all) = 0.5761, R² (last) = 0.6482
  F_direction_y       : R² (all) = 0.5322, R² (last) = 0.6116
  Fx                  : R² (all) = 0.0772, R² (last) = 0.1921
  Fy                  : R² (all) = 0.0928, R² (last) = 0.2176
  r                   : R² (all) = 0.1696, R² (last) = 0.2176
  inv_r               : R² (all) = 0.1933, R² (last) = 0.2042
  r_squared           : R² (all) = 0.1199, R² (last) = 0.1870
  inv_r_squared       : R² (all) = 0.0982, R² (last) = 0.1170
  inv_r_cubed         : R² (all) = 0.0305, R² (last) = 0.0431
  x                   : R² (all) = 0.5726, R² (last) = 0.6091
  y                   : R² (all) = 0.5030, R² (last) = 0.5793

block_0_after_attn_merge:
  F_magnitude         : R² (all) = 0.3113, R² (last) = 0.5124
  F_direction_x       : R² (all) = 0.9660, R² (last) = 0.9817
  F_direction_y       : R² (all) = 0.9681, R² (last) = 0.9816
  Fx                  : R² (all) = 0.1497, R² (last) = 0.3396
  Fy                  : R² (all) = 0.1671, R² (last) = 0.3829
  r                   : R² (all) = 0.5671, R² (last) = 0.8366
  inv_r               : R² (all) = 0.5621, R² (last) = 0.8097
  r_squared           : R² (all) = 0.4549, R² (last) = 0.7130
  inv_r_squared       : R² (all) = 0.3113, R² (last) = 0.5124
  inv_r_cubed         : R² (all) = 0.1203, R² (last) = 0.2353
  x                   : R² (all) = 0.9257, R² (last) = 0.9354
  y                   : R² (all) = 0.9166, R² (last) = 0.9277

block_0_mlp_hidden:
  F_magnitude         : R² (all) = 0.5270, R² (last) = 0.8639
  F_direction_x       : R² (all) = 0.9825, R² (last) = 0.9977
  F_direction_y       : R² (all) = 0.9834, R² (last) = 0.9982
  Fx                  : R² (all) = 0.3386, R² (last) = 0.7419
  Fy                  : R² (all) = 0.3744, R² (last) = 0.8563
  r                   : R² (all) = 0.8522, R² (last) = 0.9879
  inv_r               : R² (all) = 0.8600, R² (last) = 0.9738
  r_squared           : R² (all) = 0.7069, R² (last) = 0.9553
  inv_r_squared       : R² (all) = 0.5270, R² (last) = 0.8639
  inv_r_cubed         : R² (all) = 0.2357, R² (last) = 0.6854
  x                   : R² (all) = 0.9664, R² (last) = 0.9948
  y                   : R² (all) = 0.9641, R² (last) = 0.9949

block_0_mlp_output:
  F_magnitude         : R² (all) = 0.3605, R² (last) = 0.6725
  F_direction_x       : R² (all) = 0.9742, R² (last) = 0.9906
  F_direction_y       : R² (all) = 0.9742, R² (last) = 0.9900
  Fx                  : R² (all) = 0.2121, R² (last) = 0.5101
  Fy                  : R² (all) = 0.2022, R² (last) = 0.6222
  r                   : R² (all) = 0.6150, R² (last) = 0.9347
  inv_r               : R² (all) = 0.6246, R² (last) = 0.9133
  r_squared           : R² (all) = 0.4983, R² (last) = 0.8331
  inv_r_squared       : R² (all) = 0.3605, R² (last) = 0.6725
  inv_r_cubed         : R² (all) = 0.1436, R² (last) = 0.4091
  x                   : R² (all) = 0.9326, R² (last) = 0.9796
  y                   : R² (all) = 0.9214, R² (last) = 0.9728

block_0_after_mlp_merge:
  F_magnitude         : R² (all) = 0.1558, R² (last) = 0.6050
  F_direction_x       : R² (all) = 0.9716, R² (last) = 0.9900
  F_direction_y       : R² (all) = 0.9718, R² (last) = 0.9897
  Fx                  : R² (all) = 0.2369, R² (last) = 0.4682
  Fy                  : R² (all) = 0.2613, R² (last) = 0.5669
  r                   : R² (all) = 0.3307, R² (last) = 0.8858
  inv_r               : R² (all) = 0.2929, R² (last) = 0.8707
  r_squared           : R² (all) = 0.2801, R² (last) = 0.7667
  inv_r_squared       : R² (all) = 0.1558, R² (last) = 0.6050
  inv_r_cubed         : R² (all) = 0.0584, R² (last) = 0.3407
  x                   : R² (all) = 0.9996, R² (last) = 1.0000
  y                   : R² (all) = 0.9995, R² (last) = 1.0000

block_1_attn_output:
  F_magnitude         : R² (all) = 0.1745, R² (last) = 0.2244
  F_direction_x       : R² (all) = 0.3771, R² (last) = 0.4510
  F_direction_y       : R² (all) = 0.4878, R² (last) = 0.5631
  Fx                  : R² (all) = 0.0573, R² (last) = 0.1147
  Fy                  : R² (all) = 0.0965, R² (last) = 0.2025
  r                   : R² (all) = 0.3167, R² (last) = 0.3480
  inv_r               : R² (all) = 0.3294, R² (last) = 0.3617
  r_squared           : R² (all) = 0.2351, R² (last) = 0.2713
  inv_r_squared       : R² (all) = 0.1745, R² (last) = 0.2244
  inv_r_cubed         : R² (all) = 0.0622, R² (last) = 0.1036
  x                   : R² (all) = 0.4305, R² (last) = 0.5042
  y                   : R² (all) = 0.4973, R² (last) = 0.5831

block_1_after_attn_merge:
  F_magnitude         : R² (all) = 0.1867, R² (last) = 0.5431
  F_direction_x       : R² (all) = 0.9692, R² (last) = 0.9874
  F_direction_y       : R² (all) = 0.9671, R² (last) = 0.9873
  Fx                  : R² (all) = 0.2725, R² (last) = 0.4808
  Fy                  : R² (all) = 0.2878, R² (last) = 0.5781
  r                   : R² (all) = 0.3414, R² (last) = 0.8607
  inv_r               : R² (all) = 0.3286, R² (last) = 0.7991
  r_squared           : R² (all) = 0.2879, R² (last) = 0.7702
  inv_r_squared       : R² (all) = 0.1867, R² (last) = 0.5431
  inv_r_cubed         : R² (all) = 0.0719, R² (last) = 0.3072
  x                   : R² (all) = 0.9940, R² (last) = 0.9973
  y                   : R² (all) = 0.9941, R² (last) = 0.9975

block_1_mlp_hidden:
  F_magnitude         : R² (all) = 0.5123, R² (last) = 0.8834
  F_direction_x       : R² (all) = 0.9809, R² (last) = 0.9954
  F_direction_y       : R² (all) = 0.9796, R² (last) = 0.9959
  Fx                  : R² (all) = 0.3839, R² (last) = 0.7863
  Fy                  : R² (all) = 0.3814, R² (last) = 0.8162
  r                   : R² (all) = 0.9842, R² (last) = 0.9977
  inv_r               : R² (all) = 0.8277, R² (last) = 0.9704
  r_squared           : R² (all) = 0.9801, R² (last) = 0.9969
  inv_r_squared       : R² (all) = 0.5123, R² (last) = 0.8834
  inv_r_cubed         : R² (all) = 0.2336, R² (last) = 0.7524
  x                   : R² (all) = 0.9957, R² (last) = 0.9990
  y                   : R² (all) = 0.9961, R² (last) = 0.9992

block_1_mlp_output:
  F_magnitude         : R² (all) = 0.2833, R² (last) = 0.6444
  F_direction_x       : R² (all) = 0.9735, R² (last) = 0.9884
  F_direction_y       : R² (all) = 0.9704, R² (last) = 0.9875
  Fx                  : R² (all) = 0.2991, R² (last) = 0.5106
  Fy                  : R² (all) = 0.3002, R² (last) = 0.5739
  r                   : R² (all) = 0.8286, R² (last) = 0.9574
  inv_r               : R² (all) = 0.5537, R² (last) = 0.8466
  r_squared           : R² (all) = 0.8145, R² (last) = 0.9378
  inv_r_squared       : R² (all) = 0.2833, R² (last) = 0.6444
  inv_r_cubed         : R² (all) = 0.1089, R² (last) = 0.4090
  x                   : R² (all) = 0.9931, R² (last) = 0.9970
  y                   : R² (all) = 0.9942, R² (last) = 0.9974

block_1_after_mlp_merge:
  F_magnitude         : R² (all) = 0.1555, R² (last) = 0.5121
  F_direction_x       : R² (all) = 0.9719, R² (last) = 0.9920
  F_direction_y       : R² (all) = 0.9678, R² (last) = 0.9888
  Fx                  : R² (all) = 0.2896, R² (last) = 0.5432
  Fy                  : R² (all) = 0.2659, R² (last) = 0.6056
  r                   : R² (all) = 0.3203, R² (last) = 0.8614
  inv_r               : R² (all) = 0.2903, R² (last) = 0.7806
  r_squared           : R² (all) = 0.2671, R² (last) = 0.7688
  inv_r_squared       : R² (all) = 0.1555, R² (last) = 0.5121
  inv_r_cubed         : R² (all) = 0.0587, R² (last) = 0.2809
  x                   : R² (all) = 0.9983, R² (last) = 0.9997
  y                   : R² (all) = 0.9980, R² (last) = 0.9996

after_ln_f:
  F_magnitude         : R² (all) = 0.1828, R² (last) = 0.5998
  F_direction_x       : R² (all) = 0.9741, R² (last) = 0.9936
  F_direction_y       : R² (all) = 0.9716, R² (last) = 0.9907
  Fx                  : R² (all) = 0.3094, R² (last) = 0.5667
  Fy                  : R² (all) = 0.2868, R² (last) = 0.6240
  r                   : R² (all) = 0.3236, R² (last) = 0.8515
  inv_r               : R² (all) = 0.3157, R² (last) = 0.8266
  r_squared           : R² (all) = 0.2654, R² (last) = 0.7609
  inv_r_squared       : R² (all) = 0.1828, R² (last) = 0.5998
  inv_r_cubed         : R² (all) = 0.0748, R² (last) = 0.3671
  x                   : R² (all) = 0.9980, R² (last) = 0.9994
  y                   : R² (all) = 0.9979, R² (last) = 0.9994
Evaluating on 500 trajectories...
Conditioning length: 50, Generating 50 more steps per trajectory...

Error Statistics (aggregated across all 500 trajectories):
Mean position error: 0.928088 ± 0.761922
Max position error: 4.390805
R² scores:
  X coordinate: -0.390221 ± 1.220224
  Y coordinate: -0.431172 ± 1.554851
Evaluating on 500 trajectories...
Conditioning length: 50, Generating 50 more steps per trajectory...

Error Statistics (aggregated across all 500 trajectories):
Mean position error: 0.914380 ± 0.748128
Max position error: 4.506562
R² scores:
  X coordinate: -0.240728 ± 1.046897
  Y coordinate: -0.283398 ± 1.116396
Evaluation at step 1401 completed.

Step 1500, Total Train Loss: 0.013419, Prediction Loss: 0.012287, Test Loss: 0.002488, Attention Entropy: 0.0113, Entropy Reg Loss: 0.001132, Entropy Reg Active: True, GPU Memory: 0.000 GB

Evaluating at step 1501...
Activations collected:
  input_embed: torch.Size([1000, 99, 32])
  after_pos_emb: torch.Size([1000, 99, 32])
  block_0_attn_output: torch.Size([1000, 99, 32])
  block_0_after_attn_merge: torch.Size([1000, 99, 32])
  block_0_mlp_hidden: torch.Size([1000, 99, 128])
  block_0_mlp_output: torch.Size([1000, 99, 32])
  block_0_after_mlp_merge: torch.Size([1000, 99, 32])
  block_1_attn_output: torch.Size([1000, 99, 32])
  block_1_after_attn_merge: torch.Size([1000, 99, 32])
  block_1_mlp_hidden: torch.Size([1000, 99, 128])
  block_1_mlp_output: torch.Size([1000, 99, 32])
  block_1_after_mlp_merge: torch.Size([1000, 99, 32])
  after_ln_f: torch.Size([1000, 99, 32])

Linear Probe Results (R² scores):
================================================================================

input_embed:
  F_magnitude         : R² (all) = 0.0003, R² (last) = 0.0005
  F_direction_x       : R² (all) = 0.8353, R² (last) = 0.8360
  F_direction_y       : R² (all) = 0.8333, R² (last) = 0.8451
  Fx                  : R² (all) = 0.0546, R² (last) = 0.0264
  Fy                  : R² (all) = 0.0572, R² (last) = 0.0723
  r                   : R² (all) = 0.0039, R² (last) = 0.0054
  inv_r               : R² (all) = 0.0013, R² (last) = 0.0020
  r_squared           : R² (all) = 0.0045, R² (last) = 0.0063
  inv_r_squared       : R² (all) = 0.0003, R² (last) = 0.0005
  inv_r_cubed         : R² (all) = 0.0001, R² (last) = 0.0001
  x                   : R² (all) = 1.0000, R² (last) = 1.0000
  y                   : R² (all) = 1.0000, R² (last) = 1.0000

after_pos_emb:
  F_magnitude         : R² (all) = 0.0336, R² (last) = 0.0004
  F_direction_x       : R² (all) = 0.8353, R² (last) = 0.8360
  F_direction_y       : R² (all) = 0.8334, R² (last) = 0.8451
  Fx                  : R² (all) = 0.0548, R² (last) = 0.0264
  Fy                  : R² (all) = 0.0576, R² (last) = 0.0723
  r                   : R² (all) = 0.0557, R² (last) = 0.0053
  inv_r               : R² (all) = 0.0474, R² (last) = 0.0018
  r_squared           : R² (all) = 0.0583, R² (last) = 0.0063
  inv_r_squared       : R² (all) = 0.0336, R² (last) = 0.0004
  inv_r_cubed         : R² (all) = 0.0190, R² (last) = 0.0001
  x                   : R² (all) = 1.0000, R² (last) = 1.0000
  y                   : R² (all) = 1.0000, R² (last) = 1.0000

block_0_attn_output:
  F_magnitude         : R² (all) = 0.0892, R² (last) = 0.0635
  F_direction_x       : R² (all) = 0.5789, R² (last) = 0.6849
  F_direction_y       : R² (all) = 0.5485, R² (last) = 0.6206
  Fx                  : R² (all) = 0.0741, R² (last) = 0.0956
  Fy                  : R² (all) = 0.0862, R² (last) = 0.1726
  r                   : R² (all) = 0.1601, R² (last) = 0.2348
  inv_r               : R² (all) = 0.1776, R² (last) = 0.1745
  r_squared           : R² (all) = 0.1141, R² (last) = 0.2090
  inv_r_squared       : R² (all) = 0.0892, R² (last) = 0.0635
  inv_r_cubed         : R² (all) = 0.0287, R² (last) = 0.0205
  x                   : R² (all) = 0.5737, R² (last) = 0.6386
  y                   : R² (all) = 0.5176, R² (last) = 0.6065

block_0_after_attn_merge:
  F_magnitude         : R² (all) = 0.3292, R² (last) = 0.3606
  F_direction_x       : R² (all) = 0.9666, R² (last) = 0.9807
  F_direction_y       : R² (all) = 0.9690, R² (last) = 0.9848
  Fx                  : R² (all) = 0.1415, R² (last) = 0.2218
  Fy                  : R² (all) = 0.1699, R² (last) = 0.3701
  r                   : R² (all) = 0.5599, R² (last) = 0.8377
  inv_r               : R² (all) = 0.5708, R² (last) = 0.7723
  r_squared           : R² (all) = 0.4457, R² (last) = 0.7015
  inv_r_squared       : R² (all) = 0.3292, R² (last) = 0.3606
  inv_r_cubed         : R² (all) = 0.1382, R² (last) = 0.1482
  x                   : R² (all) = 0.9238, R² (last) = 0.9376
  y                   : R² (all) = 0.9160, R² (last) = 0.9313

block_0_mlp_hidden:
  F_magnitude         : R² (all) = 0.5434, R² (last) = 0.7686
  F_direction_x       : R² (all) = 0.9824, R² (last) = 0.9976
  F_direction_y       : R² (all) = 0.9835, R² (last) = 0.9985
  Fx                  : R² (all) = 0.3385, R² (last) = 0.6654
  Fy                  : R² (all) = 0.3758, R² (last) = 0.8487
  r                   : R² (all) = 0.8481, R² (last) = 0.9861
  inv_r               : R² (all) = 0.8661, R² (last) = 0.9564
  r_squared           : R² (all) = 0.6991, R² (last) = 0.9501
  inv_r_squared       : R² (all) = 0.5434, R² (last) = 0.7686
  inv_r_cubed         : R² (all) = 0.2574, R² (last) = 0.5787
  x                   : R² (all) = 0.9655, R² (last) = 0.9944
  y                   : R² (all) = 0.9628, R² (last) = 0.9944

block_0_mlp_output:
  F_magnitude         : R² (all) = 0.3675, R² (last) = 0.5247
  F_direction_x       : R² (all) = 0.9740, R² (last) = 0.9886
  F_direction_y       : R² (all) = 0.9745, R² (last) = 0.9917
  Fx                  : R² (all) = 0.1985, R² (last) = 0.3489
  Fy                  : R² (all) = 0.2020, R² (last) = 0.6546
  r                   : R² (all) = 0.6161, R² (last) = 0.9308
  inv_r               : R² (all) = 0.6297, R² (last) = 0.8774
  r_squared           : R² (all) = 0.4951, R² (last) = 0.8262
  inv_r_squared       : R² (all) = 0.3675, R² (last) = 0.5247
  inv_r_cubed         : R² (all) = 0.1542, R² (last) = 0.2839
  x                   : R² (all) = 0.9309, R² (last) = 0.9789
  y                   : R² (all) = 0.9199, R² (last) = 0.9733

block_0_after_mlp_merge:
  F_magnitude         : R² (all) = 0.1675, R² (last) = 0.4305
  F_direction_x       : R² (all) = 0.9725, R² (last) = 0.9883
  F_direction_y       : R² (all) = 0.9729, R² (last) = 0.9907
  Fx                  : R² (all) = 0.2270, R² (last) = 0.3098
  Fy                  : R² (all) = 0.2608, R² (last) = 0.5339
  r                   : R² (all) = 0.3474, R² (last) = 0.8885
  inv_r               : R² (all) = 0.3092, R² (last) = 0.8222
  r_squared           : R² (all) = 0.2929, R² (last) = 0.7611
  inv_r_squared       : R² (all) = 0.1675, R² (last) = 0.4305
  inv_r_cubed         : R² (all) = 0.0667, R² (last) = 0.2077
  x                   : R² (all) = 0.9996, R² (last) = 1.0000
  y                   : R² (all) = 0.9996, R² (last) = 1.0000

block_1_attn_output:
  F_magnitude         : R² (all) = 0.1552, R² (last) = 0.1537
  F_direction_x       : R² (all) = 0.3858, R² (last) = 0.4767
  F_direction_y       : R² (all) = 0.4981, R² (last) = 0.5894
  Fx                  : R² (all) = 0.0580, R² (last) = 0.1034
  Fy                  : R² (all) = 0.0907, R² (last) = 0.1295
  r                   : R² (all) = 0.3104, R² (last) = 0.3687
  inv_r               : R² (all) = 0.3039, R² (last) = 0.3351
  r_squared           : R² (all) = 0.2338, R² (last) = 0.2939
  inv_r_squared       : R² (all) = 0.1552, R² (last) = 0.1536
  inv_r_cubed         : R² (all) = 0.0554, R² (last) = 0.0636
  x                   : R² (all) = 0.4395, R² (last) = 0.5253
  y                   : R² (all) = 0.5059, R² (last) = 0.6171

block_1_after_attn_merge:
  F_magnitude         : R² (all) = 0.1982, R² (last) = 0.4018
  F_direction_x       : R² (all) = 0.9703, R² (last) = 0.9864
  F_direction_y       : R² (all) = 0.9677, R² (last) = 0.9888
  Fx                  : R² (all) = 0.2659, R² (last) = 0.3232
  Fy                  : R² (all) = 0.2880, R² (last) = 0.5070
  r                   : R² (all) = 0.3421, R² (last) = 0.8428
  inv_r               : R² (all) = 0.3376, R² (last) = 0.7590
  r_squared           : R² (all) = 0.2862, R² (last) = 0.7488
  inv_r_squared       : R² (all) = 0.1982, R² (last) = 0.4018
  inv_r_cubed         : R² (all) = 0.0825, R² (last) = 0.1953
  x                   : R² (all) = 0.9940, R² (last) = 0.9970
  y                   : R² (all) = 0.9938, R² (last) = 0.9972

block_1_mlp_hidden:
  F_magnitude         : R² (all) = 0.5180, R² (last) = 0.7501
  F_direction_x       : R² (all) = 0.9807, R² (last) = 0.9950
  F_direction_y       : R² (all) = 0.9797, R² (last) = 0.9960
  Fx                  : R² (all) = 0.3795, R² (last) = 0.6178
  Fy                  : R² (all) = 0.3810, R² (last) = 0.8336
  r                   : R² (all) = 0.9837, R² (last) = 0.9976
  inv_r               : R² (all) = 0.8240, R² (last) = 0.9529
  r_squared           : R² (all) = 0.9792, R² (last) = 0.9961
  inv_r_squared       : R² (all) = 0.5180, R² (last) = 0.7501
  inv_r_cubed         : R² (all) = 0.2497, R² (last) = 0.5295
  x                   : R² (all) = 0.9956, R² (last) = 0.9989
  y                   : R² (all) = 0.9957, R² (last) = 0.9992

block_1_mlp_output:
  F_magnitude         : R² (all) = 0.2799, R² (last) = 0.4401
  F_direction_x       : R² (all) = 0.9737, R² (last) = 0.9869
  F_direction_y       : R² (all) = 0.9706, R² (last) = 0.9891
  Fx                  : R² (all) = 0.2896, R² (last) = 0.2885
  Fy                  : R² (all) = 0.2971, R² (last) = 0.4819
  r                   : R² (all) = 0.8310, R² (last) = 0.9635
  inv_r               : R² (all) = 0.5430, R² (last) = 0.7978
  r_squared           : R² (all) = 0.8173, R² (last) = 0.9484
  inv_r_squared       : R² (all) = 0.2799, R² (last) = 0.4401
  inv_r_cubed         : R² (all) = 0.1141, R² (last) = 0.1950
  x                   : R² (all) = 0.9931, R² (last) = 0.9968
  y                   : R² (all) = 0.9936, R² (last) = 0.9973

block_1_after_mlp_merge:
  F_magnitude         : R² (all) = 0.1580, R² (last) = 0.3212
  F_direction_x       : R² (all) = 0.9728, R² (last) = 0.9911
  F_direction_y       : R² (all) = 0.9683, R² (last) = 0.9906
  Fx                  : R² (all) = 0.2856, R² (last) = 0.2963
  Fy                  : R² (all) = 0.2659, R² (last) = 0.5139
  r                   : R² (all) = 0.3107, R² (last) = 0.8597
  inv_r               : R² (all) = 0.2880, R² (last) = 0.7221
  r_squared           : R² (all) = 0.2556, R² (last) = 0.7551
  inv_r_squared       : R² (all) = 0.1580, R² (last) = 0.3212
  inv_r_cubed         : R² (all) = 0.0638, R² (last) = 0.1284
  x                   : R² (all) = 0.9983, R² (last) = 0.9997
  y                   : R² (all) = 0.9979, R² (last) = 0.9996

after_ln_f:
  F_magnitude         : R² (all) = 0.1904, R² (last) = 0.4434
  F_direction_x       : R² (all) = 0.9754, R² (last) = 0.9931
  F_direction_y       : R² (all) = 0.9726, R² (last) = 0.9924
  Fx                  : R² (all) = 0.3078, R² (last) = 0.3333
  Fy                  : R² (all) = 0.2883, R² (last) = 0.5406
  r                   : R² (all) = 0.3139, R² (last) = 0.8367
  inv_r               : R² (all) = 0.3167, R² (last) = 0.8053
  r_squared           : R² (all) = 0.2534, R² (last) = 0.7356
  inv_r_squared       : R² (all) = 0.1904, R² (last) = 0.4434
  inv_r_cubed         : R² (all) = 0.0846, R² (last) = 0.2125
  x                   : R² (all) = 0.9979, R² (last) = 0.9995
  y                   : R² (all) = 0.9978, R² (last) = 0.9995
Evaluating on 500 trajectories...
Conditioning length: 50, Generating 50 more steps per trajectory...

Error Statistics (aggregated across all 500 trajectories):
Mean position error: 0.983725 ± 0.738787
Max position error: 4.335553
R² scores:
  X coordinate: -0.300927 ± 0.882357
  Y coordinate: -0.292436 ± 0.915484
Evaluating on 500 trajectories...
Conditioning length: 50, Generating 50 more steps per trajectory...

Error Statistics (aggregated across all 500 trajectories):
Mean position error: 0.966368 ± 0.737913
Max position error: 4.203491
R² scores:
  X coordinate: -0.277597 ± 0.879305
  Y coordinate: -0.284661 ± 0.880745
Evaluation at step 1501 completed.

Step 1600, Total Train Loss: 0.013263, Prediction Loss: 0.012239, Test Loss: 0.002123, Attention Entropy: 0.0102, Entropy Reg Loss: 0.001024, Entropy Reg Active: True, GPU Memory: 0.000 GB

Evaluating at step 1601...
Activations collected:
  input_embed: torch.Size([1000, 99, 32])
  after_pos_emb: torch.Size([1000, 99, 32])
  block_0_attn_output: torch.Size([1000, 99, 32])
  block_0_after_attn_merge: torch.Size([1000, 99, 32])
  block_0_mlp_hidden: torch.Size([1000, 99, 128])
  block_0_mlp_output: torch.Size([1000, 99, 32])
  block_0_after_mlp_merge: torch.Size([1000, 99, 32])
  block_1_attn_output: torch.Size([1000, 99, 32])
  block_1_after_attn_merge: torch.Size([1000, 99, 32])
  block_1_mlp_hidden: torch.Size([1000, 99, 128])
  block_1_mlp_output: torch.Size([1000, 99, 32])
  block_1_after_mlp_merge: torch.Size([1000, 99, 32])
  after_ln_f: torch.Size([1000, 99, 32])

Linear Probe Results (R² scores):
================================================================================

input_embed:
  F_magnitude         : R² (all) = 0.0001, R² (last) = 0.0001
  F_direction_x       : R² (all) = 0.8330, R² (last) = 0.8285
  F_direction_y       : R² (all) = 0.8305, R² (last) = 0.8354
  Fx                  : R² (all) = 0.0609, R² (last) = 0.0484
  Fy                  : R² (all) = 0.0668, R² (last) = 0.0653
  r                   : R² (all) = 0.0009, R² (last) = 0.0013
  inv_r               : R² (all) = 0.0004, R² (last) = 0.0005
  r_squared           : R² (all) = 0.0009, R² (last) = 0.0015
  inv_r_squared       : R² (all) = 0.0001, R² (last) = 0.0001
  inv_r_cubed         : R² (all) = 0.0000, R² (last) = 0.0000
  x                   : R² (all) = 1.0000, R² (last) = 1.0000
  y                   : R² (all) = 1.0000, R² (last) = 1.0000

after_pos_emb:
  F_magnitude         : R² (all) = 0.0343, R² (last) = 0.0002
  F_direction_x       : R² (all) = 0.8331, R² (last) = 0.8285
  F_direction_y       : R² (all) = 0.8305, R² (last) = 0.8354
  Fx                  : R² (all) = 0.0614, R² (last) = 0.0484
  Fy                  : R² (all) = 0.0670, R² (last) = 0.0653
  r                   : R² (all) = 0.0460, R² (last) = 0.0030
  inv_r               : R² (all) = 0.0440, R² (last) = 0.0010
  r_squared           : R² (all) = 0.0479, R² (last) = 0.0031
  inv_r_squared       : R² (all) = 0.0343, R² (last) = 0.0002
  inv_r_cubed         : R² (all) = 0.0205, R² (last) = 0.0000
  x                   : R² (all) = 1.0000, R² (last) = 1.0000
  y                   : R² (all) = 1.0000, R² (last) = 1.0000

block_0_attn_output:
  F_magnitude         : R² (all) = 0.0942, R² (last) = 0.1055
  F_direction_x       : R² (all) = 0.5818, R² (last) = 0.6724
  F_direction_y       : R² (all) = 0.5203, R² (last) = 0.5950
  Fx                  : R² (all) = 0.0828, R² (last) = 0.1483
  Fy                  : R² (all) = 0.0966, R² (last) = 0.1741
  r                   : R² (all) = 0.1626, R² (last) = 0.2266
  inv_r               : R² (all) = 0.1865, R² (last) = 0.2046
  r_squared           : R² (all) = 0.1123, R² (last) = 0.1913
  inv_r_squared       : R² (all) = 0.0942, R² (last) = 0.1054
  inv_r_cubed         : R² (all) = 0.0281, R² (last) = 0.0419
  x                   : R² (all) = 0.5667, R² (last) = 0.6206
  y                   : R² (all) = 0.4944, R² (last) = 0.5850

block_0_after_attn_merge:
  F_magnitude         : R² (all) = 0.3206, R² (last) = 0.4353
  F_direction_x       : R² (all) = 0.9654, R² (last) = 0.9778
  F_direction_y       : R² (all) = 0.9675, R² (last) = 0.9827
  Fx                  : R² (all) = 0.1544, R² (last) = 0.2346
  Fy                  : R² (all) = 0.1866, R² (last) = 0.3030
  r                   : R² (all) = 0.5698, R² (last) = 0.8386
  inv_r               : R² (all) = 0.5719, R² (last) = 0.7774
  r_squared           : R² (all) = 0.4526, R² (last) = 0.6989
  inv_r_squared       : R² (all) = 0.3206, R² (last) = 0.4353
  inv_r_cubed         : R² (all) = 0.1208, R² (last) = 0.2046
  x                   : R² (all) = 0.9243, R² (last) = 0.9346
  y                   : R² (all) = 0.9136, R² (last) = 0.9256

block_0_mlp_hidden:
  F_magnitude         : R² (all) = 0.5302, R² (last) = 0.8342
  F_direction_x       : R² (all) = 0.9825, R² (last) = 0.9976
  F_direction_y       : R² (all) = 0.9833, R² (last) = 0.9982
  Fx                  : R² (all) = 0.3555, R² (last) = 0.6747
  Fy                  : R² (all) = 0.3946, R² (last) = 0.7793
  r                   : R² (all) = 0.8495, R² (last) = 0.9869
  inv_r               : R² (all) = 0.8626, R² (last) = 0.9663
  r_squared           : R² (all) = 0.7006, R² (last) = 0.9501
  inv_r_squared       : R² (all) = 0.5302, R² (last) = 0.8342
  inv_r_cubed         : R² (all) = 0.2264, R² (last) = 0.6561
  x                   : R² (all) = 0.9661, R² (last) = 0.9945
  y                   : R² (all) = 0.9627, R² (last) = 0.9944

block_0_mlp_output:
  F_magnitude         : R² (all) = 0.3576, R² (last) = 0.5874
  F_direction_x       : R² (all) = 0.9733, R² (last) = 0.9883
  F_direction_y       : R² (all) = 0.9739, R² (last) = 0.9889
  Fx                  : R² (all) = 0.2150, R² (last) = 0.4004
  Fy                  : R² (all) = 0.2231, R² (last) = 0.4510
  r                   : R² (all) = 0.6120, R² (last) = 0.9286
  inv_r               : R² (all) = 0.6184, R² (last) = 0.8825
  r_squared           : R² (all) = 0.4927, R² (last) = 0.8146
  inv_r_squared       : R² (all) = 0.3576, R² (last) = 0.5874
  inv_r_cubed         : R² (all) = 0.1388, R² (last) = 0.3404
  x                   : R² (all) = 0.9321, R² (last) = 0.9758
  y                   : R² (all) = 0.9191, R² (last) = 0.9713

block_0_after_mlp_merge:
  F_magnitude         : R² (all) = 0.1674, R² (last) = 0.5384
  F_direction_x       : R² (all) = 0.9712, R² (last) = 0.9875
  F_direction_y       : R² (all) = 0.9717, R² (last) = 0.9891
  Fx                  : R² (all) = 0.2429, R² (last) = 0.3505
  Fy                  : R² (all) = 0.2842, R² (last) = 0.4639
  r                   : R² (all) = 0.3509, R² (last) = 0.8959
  inv_r               : R² (all) = 0.3100, R² (last) = 0.8415
  r_squared           : R² (all) = 0.2996, R² (last) = 0.7597
  inv_r_squared       : R² (all) = 0.1674, R² (last) = 0.5384
  inv_r_cubed         : R² (all) = 0.0616, R² (last) = 0.3162
  x                   : R² (all) = 0.9996, R² (last) = 1.0000
  y                   : R² (all) = 0.9995, R² (last) = 1.0000

block_1_attn_output:
  F_magnitude         : R² (all) = 0.1772, R² (last) = 0.2020
  F_direction_x       : R² (all) = 0.3993, R² (last) = 0.4509
  F_direction_y       : R² (all) = 0.4668, R² (last) = 0.5316
  Fx                  : R² (all) = 0.0661, R² (last) = 0.1349
  Fy                  : R² (all) = 0.0968, R² (last) = 0.2039
  r                   : R² (all) = 0.3266, R² (last) = 0.3650
  inv_r               : R² (all) = 0.3331, R² (last) = 0.3513
  r_squared           : R² (all) = 0.2431, R² (last) = 0.2804
  inv_r_squared       : R² (all) = 0.1772, R² (last) = 0.2020
  inv_r_cubed         : R² (all) = 0.0629, R² (last) = 0.1052
  x                   : R² (all) = 0.4516, R² (last) = 0.5103
  y                   : R² (all) = 0.4825, R² (last) = 0.5688

block_1_after_attn_merge:
  F_magnitude         : R² (all) = 0.1964, R² (last) = 0.5032
  F_direction_x       : R² (all) = 0.9691, R² (last) = 0.9854
  F_direction_y       : R² (all) = 0.9663, R² (last) = 0.9877
  Fx                  : R² (all) = 0.2770, R² (last) = 0.3945
  Fy                  : R² (all) = 0.3103, R² (last) = 0.4654
  r                   : R² (all) = 0.3496, R² (last) = 0.8644
  inv_r               : R² (all) = 0.3433, R² (last) = 0.7828
  r_squared           : R² (all) = 0.2913, R² (last) = 0.7645
  inv_r_squared       : R² (all) = 0.1964, R² (last) = 0.5032
  inv_r_cubed         : R² (all) = 0.0734, R² (last) = 0.2931
  x                   : R² (all) = 0.9939, R² (last) = 0.9968
  y                   : R² (all) = 0.9937, R² (last) = 0.9972

block_1_mlp_hidden:
  F_magnitude         : R² (all) = 0.5114, R² (last) = 0.8522
  F_direction_x       : R² (all) = 0.9806, R² (last) = 0.9950
  F_direction_y       : R² (all) = 0.9792, R² (last) = 0.9951
  Fx                  : R² (all) = 0.3835, R² (last) = 0.7098
  Fy                  : R² (all) = 0.4043, R² (last) = 0.7422
  r                   : R² (all) = 0.9840, R² (last) = 0.9975
  inv_r               : R² (all) = 0.8265, R² (last) = 0.9648
  r_squared           : R² (all) = 0.9804, R² (last) = 0.9961
  inv_r_squared       : R² (all) = 0.5114, R² (last) = 0.8522
  inv_r_cubed         : R² (all) = 0.2258, R² (last) = 0.7052
  x                   : R² (all) = 0.9958, R² (last) = 0.9989
  y                   : R² (all) = 0.9958, R² (last) = 0.9991

block_1_mlp_output:
  F_magnitude         : R² (all) = 0.2875, R² (last) = 0.6149
  F_direction_x       : R² (all) = 0.9735, R² (last) = 0.9863
  F_direction_y       : R² (all) = 0.9698, R² (last) = 0.9871
  Fx                  : R² (all) = 0.3027, R² (last) = 0.4573
  Fy                  : R² (all) = 0.3228, R² (last) = 0.4898
  r                   : R² (all) = 0.8303, R² (last) = 0.9625
  inv_r               : R² (all) = 0.5579, R² (last) = 0.8373
  r_squared           : R² (all) = 0.8156, R² (last) = 0.9454
  inv_r_squared       : R² (all) = 0.2875, R² (last) = 0.6149
  inv_r_cubed         : R² (all) = 0.1072, R² (last) = 0.3902
  x                   : R² (all) = 0.9931, R² (last) = 0.9968
  y                   : R² (all) = 0.9937, R² (last) = 0.9970

block_1_after_mlp_merge:
  F_magnitude         : R² (all) = 0.1666, R² (last) = 0.5095
  F_direction_x       : R² (all) = 0.9715, R² (last) = 0.9912
  F_direction_y       : R² (all) = 0.9673, R² (last) = 0.9888
  Fx                  : R² (all) = 0.2963, R² (last) = 0.4545
  Fy                  : R² (all) = 0.2883, R² (last) = 0.4838
  r                   : R² (all) = 0.3300, R² (last) = 0.8674
  inv_r               : R² (all) = 0.3048, R² (last) = 0.7824
  r_squared           : R² (all) = 0.2742, R² (last) = 0.7629
  inv_r_squared       : R² (all) = 0.1666, R² (last) = 0.5095
  inv_r_cubed         : R² (all) = 0.0619, R² (last) = 0.3046
  x                   : R² (all) = 0.9982, R² (last) = 0.9996
  y                   : R² (all) = 0.9979, R² (last) = 0.9995

after_ln_f:
  F_magnitude         : R² (all) = 0.1949, R² (last) = 0.5904
  F_direction_x       : R² (all) = 0.9741, R² (last) = 0.9932
  F_direction_y       : R² (all) = 0.9716, R² (last) = 0.9907
  Fx                  : R² (all) = 0.3165, R² (last) = 0.4810
  Fy                  : R² (all) = 0.3119, R² (last) = 0.5016
  r                   : R² (all) = 0.3348, R² (last) = 0.8528
  inv_r               : R² (all) = 0.3326, R² (last) = 0.8280
  r_squared           : R² (all) = 0.2739, R² (last) = 0.7571
  inv_r_squared       : R² (all) = 0.1949, R² (last) = 0.5904
  inv_r_cubed         : R² (all) = 0.0769, R² (last) = 0.3695
  x                   : R² (all) = 0.9978, R² (last) = 0.9994
  y                   : R² (all) = 0.9977, R² (last) = 0.9993
Evaluating on 500 trajectories...
Conditioning length: 50, Generating 50 more steps per trajectory...

Error Statistics (aggregated across all 500 trajectories):
Mean position error: 0.943938 ± 0.737867
Max position error: 4.489171
R² scores:
  X coordinate: -0.245943 ± 0.906842
  Y coordinate: -0.289992 ± 1.089792
Evaluating on 500 trajectories...
Conditioning length: 50, Generating 50 more steps per trajectory...

Error Statistics (aggregated across all 500 trajectories):
Mean position error: 0.969433 ± 0.755174
Max position error: 4.433599
R² scores:
  X coordinate: -0.331157 ± 0.954213
  Y coordinate: -0.349533 ± 1.042578
Evaluation at step 1601 completed.

Step 1700, Total Train Loss: 0.013201, Prediction Loss: 0.012177, Test Loss: 0.002484, Attention Entropy: 0.0102, Entropy Reg Loss: 0.001024, Entropy Reg Active: True, GPU Memory: 0.000 GB

Evaluating at step 1701...
Activations collected:
  input_embed: torch.Size([1000, 99, 32])
  after_pos_emb: torch.Size([1000, 99, 32])
  block_0_attn_output: torch.Size([1000, 99, 32])
  block_0_after_attn_merge: torch.Size([1000, 99, 32])
  block_0_mlp_hidden: torch.Size([1000, 99, 128])
  block_0_mlp_output: torch.Size([1000, 99, 32])
  block_0_after_mlp_merge: torch.Size([1000, 99, 32])
  block_1_attn_output: torch.Size([1000, 99, 32])
  block_1_after_attn_merge: torch.Size([1000, 99, 32])
  block_1_mlp_hidden: torch.Size([1000, 99, 128])
  block_1_mlp_output: torch.Size([1000, 99, 32])
  block_1_after_mlp_merge: torch.Size([1000, 99, 32])
  after_ln_f: torch.Size([1000, 99, 32])

Linear Probe Results (R² scores):
================================================================================

input_embed:
  F_magnitude         : R² (all) = 0.0001, R² (last) = 0.0001
  F_direction_x       : R² (all) = 0.8342, R² (last) = 0.8334
  F_direction_y       : R² (all) = 0.8336, R² (last) = 0.8379
  Fx                  : R² (all) = 0.0568, R² (last) = 0.0575
  Fy                  : R² (all) = 0.0640, R² (last) = 0.0701
  r                   : R² (all) = 0.0013, R² (last) = 0.0002
  inv_r               : R² (all) = 0.0004, R² (last) = 0.0002
  r_squared           : R² (all) = 0.0017, R² (last) = 0.0001
  inv_r_squared       : R² (all) = 0.0001, R² (last) = 0.0001
  inv_r_cubed         : R² (all) = 0.0000, R² (last) = 0.0000
  x                   : R² (all) = 1.0000, R² (last) = 1.0000
  y                   : R² (all) = 1.0000, R² (last) = 1.0000

after_pos_emb:
  F_magnitude         : R² (all) = 0.0322, R² (last) = 0.0001
  F_direction_x       : R² (all) = 0.8342, R² (last) = 0.8335
  F_direction_y       : R² (all) = 0.8336, R² (last) = 0.8380
  Fx                  : R² (all) = 0.0569, R² (last) = 0.0575
  Fy                  : R² (all) = 0.0643, R² (last) = 0.0702
  r                   : R² (all) = 0.0507, R² (last) = 0.0002
  inv_r               : R² (all) = 0.0447, R² (last) = 0.0003
  r_squared           : R² (all) = 0.0540, R² (last) = -0.0000
  inv_r_squared       : R² (all) = 0.0322, R² (last) = 0.0001
  inv_r_cubed         : R² (all) = 0.0164, R² (last) = 0.0000
  x                   : R² (all) = 1.0000, R² (last) = 1.0000
  y                   : R² (all) = 1.0000, R² (last) = 1.0000

block_0_attn_output:
  F_magnitude         : R² (all) = 0.0898, R² (last) = 0.0982
  F_direction_x       : R² (all) = 0.5834, R² (last) = 0.6729
  F_direction_y       : R² (all) = 0.5221, R² (last) = 0.6229
  Fx                  : R² (all) = 0.0725, R² (last) = 0.1116
  Fy                  : R² (all) = 0.0897, R² (last) = 0.1637
  r                   : R² (all) = 0.1626, R² (last) = 0.1947
  inv_r               : R² (all) = 0.1809, R² (last) = 0.1693
  r_squared           : R² (all) = 0.1159, R² (last) = 0.1673
  inv_r_squared       : R² (all) = 0.0898, R² (last) = 0.0982
  inv_r_cubed         : R² (all) = 0.0252, R² (last) = 0.0518
  x                   : R² (all) = 0.5833, R² (last) = 0.6409
  y                   : R² (all) = 0.4903, R² (last) = 0.5910

block_0_after_attn_merge:
  F_magnitude         : R² (all) = 0.3115, R² (last) = 0.5028
  F_direction_x       : R² (all) = 0.9645, R² (last) = 0.9769
  F_direction_y       : R² (all) = 0.9672, R² (last) = 0.9808
  Fx                  : R² (all) = 0.1463, R² (last) = 0.2078
  Fy                  : R² (all) = 0.1778, R² (last) = 0.2891
  r                   : R² (all) = 0.5739, R² (last) = 0.8381
  inv_r               : R² (all) = 0.5683, R² (last) = 0.8074
  r_squared           : R² (all) = 0.4618, R² (last) = 0.7110
  inv_r_squared       : R² (all) = 0.3115, R² (last) = 0.5028
  inv_r_cubed         : R² (all) = 0.1086, R² (last) = 0.2697
  x                   : R² (all) = 0.9271, R² (last) = 0.9346
  y                   : R² (all) = 0.9178, R² (last) = 0.9301

block_0_mlp_hidden:
  F_magnitude         : R² (all) = 0.5196, R² (last) = 0.8283
  F_direction_x       : R² (all) = 0.9821, R² (last) = 0.9975
  F_direction_y       : R² (all) = 0.9828, R² (last) = 0.9981
  Fx                  : R² (all) = 0.3476, R² (last) = 0.7434
  Fy                  : R² (all) = 0.3782, R² (last) = 0.7379
  r                   : R² (all) = 0.8567, R² (last) = 0.9881
  inv_r               : R² (all) = 0.8629, R² (last) = 0.9628
  r_squared           : R² (all) = 0.7124, R² (last) = 0.9554
  inv_r_squared       : R² (all) = 0.5196, R² (last) = 0.8283
  inv_r_cubed         : R² (all) = 0.2089, R² (last) = 0.6461
  x                   : R² (all) = 0.9680, R² (last) = 0.9951
  y                   : R² (all) = 0.9649, R² (last) = 0.9948

block_0_mlp_output:
  F_magnitude         : R² (all) = 0.3575, R² (last) = 0.6689
  F_direction_x       : R² (all) = 0.9729, R² (last) = 0.9892
  F_direction_y       : R² (all) = 0.9738, R² (last) = 0.9895
  Fx                  : R² (all) = 0.2159, R² (last) = 0.5272
  Fy                  : R² (all) = 0.2112, R² (last) = 0.4866
  r                   : R² (all) = 0.6318, R² (last) = 0.9346
  inv_r               : R² (all) = 0.6314, R² (last) = 0.9024
  r_squared           : R² (all) = 0.5149, R² (last) = 0.8331
  inv_r_squared       : R² (all) = 0.3575, R² (last) = 0.6689
  inv_r_cubed         : R² (all) = 0.1282, R² (last) = 0.4496
  x                   : R² (all) = 0.9347, R² (last) = 0.9789
  y                   : R² (all) = 0.9230, R² (last) = 0.9739

block_0_after_mlp_merge:
  F_magnitude         : R² (all) = 0.1647, R² (last) = 0.6013
  F_direction_x       : R² (all) = 0.9714, R² (last) = 0.9891
  F_direction_y       : R² (all) = 0.9716, R² (last) = 0.9884
  Fx                  : R² (all) = 0.2381, R² (last) = 0.4287
  Fy                  : R² (all) = 0.2748, R² (last) = 0.4134
  r                   : R² (all) = 0.3488, R² (last) = 0.8941
  inv_r               : R² (all) = 0.3124, R² (last) = 0.8614
  r_squared           : R² (all) = 0.2950, R² (last) = 0.7767
  inv_r_squared       : R² (all) = 0.1647, R² (last) = 0.6013
  inv_r_cubed         : R² (all) = 0.0557, R² (last) = 0.3844
  x                   : R² (all) = 0.9996, R² (last) = 1.0000
  y                   : R² (all) = 0.9995, R² (last) = 1.0000

block_1_attn_output:
  F_magnitude         : R² (all) = 0.1622, R² (last) = 0.2171
  F_direction_x       : R² (all) = 0.4082, R² (last) = 0.4480
  F_direction_y       : R² (all) = 0.4748, R² (last) = 0.5512
  Fx                  : R² (all) = 0.0623, R² (last) = 0.0974
  Fy                  : R² (all) = 0.1002, R² (last) = 0.1783
  r                   : R² (all) = 0.3336, R² (last) = 0.3780
  inv_r               : R² (all) = 0.3266, R² (last) = 0.3634
  r_squared           : R² (all) = 0.2560, R² (last) = 0.3014
  inv_r_squared       : R² (all) = 0.1622, R² (last) = 0.2171
  inv_r_cubed         : R² (all) = 0.0479, R² (last) = 0.1260
  x                   : R² (all) = 0.4743, R² (last) = 0.5156
  y                   : R² (all) = 0.4842, R² (last) = 0.5864

block_1_after_attn_merge:
  F_magnitude         : R² (all) = 0.1924, R² (last) = 0.5560
  F_direction_x       : R² (all) = 0.9694, R² (last) = 0.9856
  F_direction_y       : R² (all) = 0.9664, R² (last) = 0.9863
  Fx                  : R² (all) = 0.2733, R² (last) = 0.4508
  Fy                  : R² (all) = 0.2990, R² (last) = 0.4205
  r                   : R² (all) = 0.3497, R² (last) = 0.8590
  inv_r               : R² (all) = 0.3403, R² (last) = 0.8038
  r_squared           : R² (all) = 0.2946, R² (last) = 0.7668
  inv_r_squared       : R² (all) = 0.1924, R² (last) = 0.5560
  inv_r_cubed         : R² (all) = 0.0677, R² (last) = 0.3627
  x                   : R² (all) = 0.9940, R² (last) = 0.9969
  y                   : R² (all) = 0.9937, R² (last) = 0.9971

block_1_mlp_hidden:
  F_magnitude         : R² (all) = 0.5123, R² (last) = 0.8329
  F_direction_x       : R² (all) = 0.9811, R² (last) = 0.9948
  F_direction_y       : R² (all) = 0.9796, R² (last) = 0.9949
  Fx                  : R² (all) = 0.3885, R² (last) = 0.7862
  Fy                  : R² (all) = 0.3872, R² (last) = 0.6837
  r                   : R² (all) = 0.9842, R² (last) = 0.9973
  inv_r               : R² (all) = 0.8340, R² (last) = 0.9576
  r_squared           : R² (all) = 0.9801, R² (last) = 0.9957
  inv_r_squared       : R² (all) = 0.5123, R² (last) = 0.8329
  inv_r_cubed         : R² (all) = 0.2162, R² (last) = 0.6716
  x                   : R² (all) = 0.9958, R² (last) = 0.9989
  y                   : R² (all) = 0.9958, R² (last) = 0.9991

block_1_mlp_output:
  F_magnitude         : R² (all) = 0.2917, R² (last) = 0.6582
  F_direction_x       : R² (all) = 0.9737, R² (last) = 0.9878
  F_direction_y       : R² (all) = 0.9703, R² (last) = 0.9864
  Fx                  : R² (all) = 0.2987, R² (last) = 0.5341
  Fy                  : R² (all) = 0.3101, R² (last) = 0.4011
  r                   : R² (all) = 0.8349, R² (last) = 0.9576
  inv_r               : R² (all) = 0.5683, R² (last) = 0.8411
  r_squared           : R² (all) = 0.8207, R² (last) = 0.9407
  inv_r_squared       : R² (all) = 0.2917, R² (last) = 0.6582
  inv_r_cubed         : R² (all) = 0.1038, R² (last) = 0.4683
  x                   : R² (all) = 0.9932, R² (last) = 0.9968
  y                   : R² (all) = 0.9938, R² (last) = 0.9973

block_1_after_mlp_merge:
  F_magnitude         : R² (all) = 0.1604, R² (last) = 0.5147
  F_direction_x       : R² (all) = 0.9720, R² (last) = 0.9911
  F_direction_y       : R² (all) = 0.9673, R² (last) = 0.9872
  Fx                  : R² (all) = 0.2904, R² (last) = 0.5312
  Fy                  : R² (all) = 0.2783, R² (last) = 0.4446
  r                   : R² (all) = 0.3210, R² (last) = 0.8635
  inv_r               : R² (all) = 0.2987, R² (last) = 0.7780
  r_squared           : R² (all) = 0.2671, R² (last) = 0.7668
  inv_r_squared       : R² (all) = 0.1604, R² (last) = 0.5147
  inv_r_cubed         : R² (all) = 0.0548, R² (last) = 0.3222
  x                   : R² (all) = 0.9984, R² (last) = 0.9997
  y                   : R² (all) = 0.9979, R² (last) = 0.9995

after_ln_f:
  F_magnitude         : R² (all) = 0.1906, R² (last) = 0.6378
  F_direction_x       : R² (all) = 0.9749, R² (last) = 0.9936
  F_direction_y       : R² (all) = 0.9720, R² (last) = 0.9896
  Fx                  : R² (all) = 0.3129, R² (last) = 0.6277
  Fy                  : R² (all) = 0.2995, R² (last) = 0.4778
  r                   : R² (all) = 0.3252, R² (last) = 0.8347
  inv_r               : R² (all) = 0.3271, R² (last) = 0.8349
  r_squared           : R² (all) = 0.2658, R² (last) = 0.7414
  inv_r_squared       : R² (all) = 0.1906, R² (last) = 0.6378
  inv_r_cubed         : R² (all) = 0.0717, R² (last) = 0.4467
  x                   : R² (all) = 0.9980, R² (last) = 0.9994
  y                   : R² (all) = 0.9978, R² (last) = 0.9993
Evaluating on 500 trajectories...
Conditioning length: 50, Generating 50 more steps per trajectory...

Error Statistics (aggregated across all 500 trajectories):
Mean position error: 1.000688 ± 0.781640
Max position error: 4.522492
R² scores:
  X coordinate: -0.387188 ± 1.042582
  Y coordinate: -0.485668 ± 1.502243
Evaluating on 500 trajectories...
Conditioning length: 50, Generating 50 more steps per trajectory...

Error Statistics (aggregated across all 500 trajectories):
Mean position error: 0.956361 ± 0.737145
Max position error: 4.576270
R² scores:
  X coordinate: -0.254453 ± 0.896492
  Y coordinate: -0.290750 ± 0.992851
Evaluation at step 1701 completed.

Step 1800, Total Train Loss: 0.013189, Prediction Loss: 0.012144, Test Loss: 0.002274, Attention Entropy: 0.0105, Entropy Reg Loss: 0.001045, Entropy Reg Active: True, GPU Memory: 0.000 GB

Evaluating at step 1801...
Activations collected:
  input_embed: torch.Size([1000, 99, 32])
  after_pos_emb: torch.Size([1000, 99, 32])
  block_0_attn_output: torch.Size([1000, 99, 32])
  block_0_after_attn_merge: torch.Size([1000, 99, 32])
  block_0_mlp_hidden: torch.Size([1000, 99, 128])
  block_0_mlp_output: torch.Size([1000, 99, 32])
  block_0_after_mlp_merge: torch.Size([1000, 99, 32])
  block_1_attn_output: torch.Size([1000, 99, 32])
  block_1_after_attn_merge: torch.Size([1000, 99, 32])
  block_1_mlp_hidden: torch.Size([1000, 99, 128])
  block_1_mlp_output: torch.Size([1000, 99, 32])
  block_1_after_mlp_merge: torch.Size([1000, 99, 32])
  after_ln_f: torch.Size([1000, 99, 32])

Linear Probe Results (R² scores):
================================================================================

input_embed:
  F_magnitude         : R² (all) = 0.0001, R² (last) = 0.0000
  F_direction_x       : R² (all) = 0.8370, R² (last) = 0.8335
  F_direction_y       : R² (all) = 0.8287, R² (last) = 0.8355
  Fx                  : R² (all) = 0.0681, R² (last) = 0.0639
  Fy                  : R² (all) = 0.0729, R² (last) = 0.1052
  r                   : R² (all) = 0.0003, R² (last) = 0.0012
  inv_r               : R² (all) = 0.0002, R² (last) = 0.0003
  r_squared           : R² (all) = 0.0005, R² (last) = 0.0017
  inv_r_squared       : R² (all) = 0.0001, R² (last) = 0.0000
  inv_r_cubed         : R² (all) = 0.0000, R² (last) = 0.0000
  x                   : R² (all) = 1.0000, R² (last) = 1.0000
  y                   : R² (all) = 1.0000, R² (last) = 1.0000

after_pos_emb:
  F_magnitude         : R² (all) = 0.0336, R² (last) = 0.0000
  F_direction_x       : R² (all) = 0.8371, R² (last) = 0.8335
  F_direction_y       : R² (all) = 0.8288, R² (last) = 0.8355
  Fx                  : R² (all) = 0.0684, R² (last) = 0.0639
  Fy                  : R² (all) = 0.0736, R² (last) = 0.1052
  r                   : R² (all) = 0.0524, R² (last) = 0.0013
  inv_r               : R² (all) = 0.0439, R² (last) = 0.0003
  r_squared           : R² (all) = 0.0560, R² (last) = 0.0018
  inv_r_squared       : R² (all) = 0.0336, R² (last) = 0.0000
  inv_r_cubed         : R² (all) = 0.0212, R² (last) = 0.0000
  x                   : R² (all) = 1.0000, R² (last) = 1.0000
  y                   : R² (all) = 1.0000, R² (last) = 1.0000

block_0_attn_output:
  F_magnitude         : R² (all) = 0.1099, R² (last) = 0.1270
  F_direction_x       : R² (all) = 0.5886, R² (last) = 0.6853
  F_direction_y       : R² (all) = 0.5380, R² (last) = 0.6357
  Fx                  : R² (all) = 0.0992, R² (last) = 0.1719
  Fy                  : R² (all) = 0.1181, R² (last) = 0.2239
  r                   : R² (all) = 0.1506, R² (last) = 0.1967
  inv_r               : R² (all) = 0.1911, R² (last) = 0.1930
  r_squared           : R² (all) = 0.1024, R² (last) = 0.1710
  inv_r_squared       : R² (all) = 0.1099, R² (last) = 0.1269
  inv_r_cubed         : R² (all) = 0.0402, R² (last) = 0.0690
  x                   : R² (all) = 0.5751, R² (last) = 0.6290
  y                   : R² (all) = 0.5026, R² (last) = 0.6092

block_0_after_attn_merge:
  F_magnitude         : R² (all) = 0.3413, R² (last) = 0.5494
  F_direction_x       : R² (all) = 0.9671, R² (last) = 0.9810
  F_direction_y       : R² (all) = 0.9687, R² (last) = 0.9828
  Fx                  : R² (all) = 0.1801, R² (last) = 0.2832
  Fy                  : R² (all) = 0.2019, R² (last) = 0.3794
  r                   : R² (all) = 0.5575, R² (last) = 0.8227
  inv_r               : R² (all) = 0.5694, R² (last) = 0.8353
  r_squared           : R² (all) = 0.4468, R² (last) = 0.6904
  inv_r_squared       : R² (all) = 0.3413, R² (last) = 0.5494
  inv_r_cubed         : R² (all) = 0.1448, R² (last) = 0.2877
  x                   : R² (all) = 0.9267, R² (last) = 0.9326
  y                   : R² (all) = 0.9140, R² (last) = 0.9236

block_0_mlp_hidden:
  F_magnitude         : R² (all) = 0.5680, R² (last) = 0.8929
  F_direction_x       : R² (all) = 0.9830, R² (last) = 0.9981
  F_direction_y       : R² (all) = 0.9837, R² (last) = 0.9986
  Fx                  : R² (all) = 0.3866, R² (last) = 0.7796
  Fy                  : R² (all) = 0.4192, R² (last) = 0.9099
  r                   : R² (all) = 0.8513, R² (last) = 0.9861
  inv_r               : R² (all) = 0.8746, R² (last) = 0.9782
  r_squared           : R² (all) = 0.7058, R² (last) = 0.9506
  inv_r_squared       : R² (all) = 0.5680, R² (last) = 0.8929
  inv_r_cubed         : R² (all) = 0.2707, R² (last) = 0.7673
  x                   : R² (all) = 0.9663, R² (last) = 0.9942
  y                   : R² (all) = 0.9622, R² (last) = 0.9934

block_0_mlp_output:
  F_magnitude         : R² (all) = 0.3874, R² (last) = 0.7267
  F_direction_x       : R² (all) = 0.9745, R² (last) = 0.9903
  F_direction_y       : R² (all) = 0.9748, R² (last) = 0.9903
  Fx                  : R² (all) = 0.2399, R² (last) = 0.5207
  Fy                  : R² (all) = 0.2402, R² (last) = 0.6570
  r                   : R² (all) = 0.6198, R² (last) = 0.9341
  inv_r               : R² (all) = 0.6331, R² (last) = 0.9285
  r_squared           : R² (all) = 0.5035, R² (last) = 0.8357
  inv_r_squared       : R² (all) = 0.3874, R² (last) = 0.7267
  inv_r_cubed         : R² (all) = 0.1675, R² (last) = 0.5040
  x                   : R² (all) = 0.9334, R² (last) = 0.9762
  y                   : R² (all) = 0.9182, R² (last) = 0.9722

block_0_after_mlp_merge:
  F_magnitude         : R² (all) = 0.1797, R² (last) = 0.6311
  F_direction_x       : R² (all) = 0.9734, R² (last) = 0.9903
  F_direction_y       : R² (all) = 0.9729, R² (last) = 0.9902
  Fx                  : R² (all) = 0.2750, R² (last) = 0.4439
  Fy                  : R² (all) = 0.3136, R² (last) = 0.6176
  r                   : R² (all) = 0.3522, R² (last) = 0.8908
  inv_r               : R² (all) = 0.3129, R² (last) = 0.8830
  r_squared           : R² (all) = 0.3052, R² (last) = 0.7721
  inv_r_squared       : R² (all) = 0.1797, R² (last) = 0.6311
  inv_r_cubed         : R² (all) = 0.0746, R² (last) = 0.3943
  x                   : R² (all) = 0.9996, R² (last) = 1.0000
  y                   : R² (all) = 0.9995, R² (last) = 1.0000

block_1_attn_output:
  F_magnitude         : R² (all) = 0.1940, R² (last) = 0.2100
  F_direction_x       : R² (all) = 0.3941, R² (last) = 0.4807
  F_direction_y       : R² (all) = 0.4826, R² (last) = 0.5869
  Fx                  : R² (all) = 0.0767, R² (last) = 0.1088
  Fy                  : R² (all) = 0.1205, R² (last) = 0.2305
  r                   : R² (all) = 0.3113, R² (last) = 0.3506
  inv_r               : R² (all) = 0.3327, R² (last) = 0.3526
  r_squared           : R² (all) = 0.2330, R² (last) = 0.2755
  inv_r_squared       : R² (all) = 0.1940, R² (last) = 0.2100
  inv_r_cubed         : R² (all) = 0.0784, R² (last) = 0.0993
  x                   : R² (all) = 0.4488, R² (last) = 0.5228
  y                   : R² (all) = 0.4948, R² (last) = 0.6154

block_1_after_attn_merge:
  F_magnitude         : R² (all) = 0.2077, R² (last) = 0.6030
  F_direction_x       : R² (all) = 0.9716, R² (last) = 0.9874
  F_direction_y       : R² (all) = 0.9687, R² (last) = 0.9879
  Fx                  : R² (all) = 0.3083, R² (last) = 0.4667
  Fy                  : R² (all) = 0.3436, R² (last) = 0.6030
  r                   : R² (all) = 0.3565, R² (last) = 0.8595
  inv_r               : R² (all) = 0.3412, R² (last) = 0.8285
  r_squared           : R² (all) = 0.3055, R² (last) = 0.7759
  inv_r_squared       : R² (all) = 0.2077, R² (last) = 0.6031
  inv_r_cubed         : R² (all) = 0.0890, R² (last) = 0.3963
  x                   : R² (all) = 0.9942, R² (last) = 0.9969
  y                   : R² (all) = 0.9939, R² (last) = 0.9973

block_1_mlp_hidden:
  F_magnitude         : R² (all) = 0.5547, R² (last) = 0.9169
  F_direction_x       : R² (all) = 0.9821, R² (last) = 0.9956
  F_direction_y       : R² (all) = 0.9811, R² (last) = 0.9961
  Fx                  : R² (all) = 0.4148, R² (last) = 0.8357
  Fy                  : R² (all) = 0.4365, R² (last) = 0.8887
  r                   : R² (all) = 0.9849, R² (last) = 0.9979
  inv_r               : R² (all) = 0.8424, R² (last) = 0.9784
  r_squared           : R² (all) = 0.9809, R² (last) = 0.9963
  inv_r_squared       : R² (all) = 0.5547, R² (last) = 0.9169
  inv_r_cubed         : R² (all) = 0.2757, R² (last) = 0.8300
  x                   : R² (all) = 0.9959, R² (last) = 0.9988
  y                   : R² (all) = 0.9960, R² (last) = 0.9992

block_1_mlp_output:
  F_magnitude         : R² (all) = 0.3111, R² (last) = 0.6843
  F_direction_x       : R² (all) = 0.9755, R² (last) = 0.9886
  F_direction_y       : R² (all) = 0.9727, R² (last) = 0.9884
  Fx                  : R² (all) = 0.3324, R² (last) = 0.5553
  Fy                  : R² (all) = 0.3588, R² (last) = 0.6165
  r                   : R² (all) = 0.8414, R² (last) = 0.9601
  inv_r               : R² (all) = 0.5759, R² (last) = 0.8490
  r_squared           : R² (all) = 0.8246, R² (last) = 0.9446
  inv_r_squared       : R² (all) = 0.3111, R² (last) = 0.6843
  inv_r_cubed         : R² (all) = 0.1282, R² (last) = 0.5153
  x                   : R² (all) = 0.9934, R² (last) = 0.9968
  y                   : R² (all) = 0.9940, R² (last) = 0.9973

block_1_after_mlp_merge:
  F_magnitude         : R² (all) = 0.1747, R² (last) = 0.5758
  F_direction_x       : R² (all) = 0.9737, R² (last) = 0.9916
  F_direction_y       : R² (all) = 0.9695, R² (last) = 0.9887
  Fx                  : R² (all) = 0.3256, R² (last) = 0.5514
  Fy                  : R² (all) = 0.3207, R² (last) = 0.6210
  r                   : R² (all) = 0.3286, R² (last) = 0.8544
  inv_r               : R² (all) = 0.3000, R² (last) = 0.7910
  r_squared           : R² (all) = 0.2800, R² (last) = 0.7728
  inv_r_squared       : R² (all) = 0.1747, R² (last) = 0.5758
  inv_r_cubed         : R² (all) = 0.0733, R² (last) = 0.4055
  x                   : R² (all) = 0.9985, R² (last) = 0.9997
  y                   : R² (all) = 0.9981, R² (last) = 0.9996

after_ln_f:
  F_magnitude         : R² (all) = 0.2031, R² (last) = 0.6864
  F_direction_x       : R² (all) = 0.9763, R² (last) = 0.9937
  F_direction_y       : R² (all) = 0.9738, R² (last) = 0.9908
  Fx                  : R² (all) = 0.3452, R² (last) = 0.6295
  Fy                  : R² (all) = 0.3433, R² (last) = 0.6407
  r                   : R² (all) = 0.3324, R² (last) = 0.8299
  inv_r               : R² (all) = 0.3260, R² (last) = 0.8315
  r_squared           : R² (all) = 0.2784, R² (last) = 0.7530
  inv_r_squared       : R² (all) = 0.2031, R² (last) = 0.6865
  inv_r_cubed         : R² (all) = 0.0910, R² (last) = 0.5397
  x                   : R² (all) = 0.9981, R² (last) = 0.9994
  y                   : R² (all) = 0.9979, R² (last) = 0.9994
Evaluating on 500 trajectories...
Conditioning length: 50, Generating 50 more steps per trajectory...

Error Statistics (aggregated across all 500 trajectories):
Mean position error: 0.935952 ± 0.734846
Max position error: 4.332386
R² scores:
  X coordinate: -0.290371 ± 1.038129
  Y coordinate: -0.340809 ± 1.127859
Evaluating on 500 trajectories...
Conditioning length: 50, Generating 50 more steps per trajectory...

Error Statistics (aggregated across all 500 trajectories):
Mean position error: 0.916945 ± 0.718550
Max position error: 4.591477
R² scores:
  X coordinate: -0.217028 ± 0.873812
  Y coordinate: -0.237510 ± 0.880860
Evaluation at step 1801 completed.

Step 1900, Total Train Loss: 0.013271, Prediction Loss: 0.012314, Test Loss: 0.002425, Attention Entropy: 0.0096, Entropy Reg Loss: 0.000957, Entropy Reg Active: True, GPU Memory: 0.000 GB

Evaluating at step 1901...
Activations collected:
  input_embed: torch.Size([1000, 99, 32])
  after_pos_emb: torch.Size([1000, 99, 32])
  block_0_attn_output: torch.Size([1000, 99, 32])
  block_0_after_attn_merge: torch.Size([1000, 99, 32])
  block_0_mlp_hidden: torch.Size([1000, 99, 128])
  block_0_mlp_output: torch.Size([1000, 99, 32])
  block_0_after_mlp_merge: torch.Size([1000, 99, 32])
  block_1_attn_output: torch.Size([1000, 99, 32])
  block_1_after_attn_merge: torch.Size([1000, 99, 32])
  block_1_mlp_hidden: torch.Size([1000, 99, 128])
  block_1_mlp_output: torch.Size([1000, 99, 32])
  block_1_after_mlp_merge: torch.Size([1000, 99, 32])
  after_ln_f: torch.Size([1000, 99, 32])

Linear Probe Results (R² scores):
================================================================================

input_embed:
  F_magnitude         : R² (all) = 0.0000, R² (last) = 0.0001
  F_direction_x       : R² (all) = 0.8279, R² (last) = 0.8277
  F_direction_y       : R² (all) = 0.8231, R² (last) = 0.8266
  Fx                  : R² (all) = 0.0624, R² (last) = 0.0723
  Fy                  : R² (all) = 0.0625, R² (last) = 0.0191
  r                   : R² (all) = 0.0000, R² (last) = 0.0007
  inv_r               : R² (all) = 0.0000, R² (last) = 0.0003
  r_squared           : R² (all) = 0.0001, R² (last) = 0.0015
  inv_r_squared       : R² (all) = 0.0000, R² (last) = 0.0001
  inv_r_cubed         : R² (all) = 0.0000, R² (last) = 0.0000
  x                   : R² (all) = 1.0000, R² (last) = 1.0000
  y                   : R² (all) = 1.0000, R² (last) = 1.0000

after_pos_emb:
  F_magnitude         : R² (all) = 0.0341, R² (last) = 0.0001
  F_direction_x       : R² (all) = 0.8279, R² (last) = 0.8277
  F_direction_y       : R² (all) = 0.8231, R² (last) = 0.8266
  Fx                  : R² (all) = 0.0626, R² (last) = 0.0723
  Fy                  : R² (all) = 0.0629, R² (last) = 0.0191
  r                   : R² (all) = 0.0518, R² (last) = 0.0006
  inv_r               : R² (all) = 0.0455, R² (last) = 0.0001
  r_squared           : R² (all) = 0.0550, R² (last) = 0.0014
  inv_r_squared       : R² (all) = 0.0341, R² (last) = 0.0001
  inv_r_cubed         : R² (all) = 0.0193, R² (last) = 0.0000
  x                   : R² (all) = 1.0000, R² (last) = 1.0000
  y                   : R² (all) = 1.0000, R² (last) = 1.0000

block_0_attn_output:
  F_magnitude         : R² (all) = 0.1012, R² (last) = 0.0546
  F_direction_x       : R² (all) = 0.5781, R² (last) = 0.6707
  F_direction_y       : R² (all) = 0.5370, R² (last) = 0.6064
  Fx                  : R² (all) = 0.0907, R² (last) = 0.1679
  Fy                  : R² (all) = 0.0981, R² (last) = 0.0552
  r                   : R² (all) = 0.1643, R² (last) = 0.1954
  inv_r               : R² (all) = 0.1927, R² (last) = 0.1741
  r_squared           : R² (all) = 0.1145, R² (last) = 0.1630
  inv_r_squared       : R² (all) = 0.1012, R² (last) = 0.0546
  inv_r_cubed         : R² (all) = 0.0309, R² (last) = 0.0113
  x                   : R² (all) = 0.5653, R² (last) = 0.6182
  y                   : R² (all) = 0.4953, R² (last) = 0.5861

block_0_after_attn_merge:
  F_magnitude         : R² (all) = 0.3454, R² (last) = 0.2645
  F_direction_x       : R² (all) = 0.9658, R² (last) = 0.9813
  F_direction_y       : R² (all) = 0.9683, R² (last) = 0.9787
  Fx                  : R² (all) = 0.1652, R² (last) = 0.2629
  Fy                  : R² (all) = 0.1903, R² (last) = 0.1114
  r                   : R² (all) = 0.5781, R² (last) = 0.8463
  inv_r               : R² (all) = 0.5917, R² (last) = 0.7393
  r_squared           : R² (all) = 0.4628, R² (last) = 0.7166
  inv_r_squared       : R² (all) = 0.3454, R² (last) = 0.2645
  inv_r_cubed         : R² (all) = 0.1337, R² (last) = 0.0701
  x                   : R² (all) = 0.9222, R² (last) = 0.9317
  y                   : R² (all) = 0.9120, R² (last) = 0.9282

block_0_mlp_hidden:
  F_magnitude         : R² (all) = 0.5627, R² (last) = 0.5828
  F_direction_x       : R² (all) = 0.9823, R² (last) = 0.9984
  F_direction_y       : R² (all) = 0.9832, R² (last) = 0.9981
  Fx                  : R² (all) = 0.3752, R² (last) = 0.7602
  Fy                  : R² (all) = 0.4080, R² (last) = 0.5207
  r                   : R² (all) = 0.8571, R² (last) = 0.9860
  inv_r               : R² (all) = 0.8790, R² (last) = 0.9196
  r_squared           : R² (all) = 0.7129, R² (last) = 0.9492
  inv_r_squared       : R² (all) = 0.5627, R² (last) = 0.5828
  inv_r_cubed         : R² (all) = 0.2512, R² (last) = 0.3460
  x                   : R² (all) = 0.9658, R² (last) = 0.9943
  y                   : R² (all) = 0.9619, R² (last) = 0.9945

block_0_mlp_output:
  F_magnitude         : R² (all) = 0.3903, R² (last) = 0.3922
  F_direction_x       : R² (all) = 0.9728, R² (last) = 0.9911
  F_direction_y       : R² (all) = 0.9736, R² (last) = 0.9884
  Fx                  : R² (all) = 0.2288, R² (last) = 0.5176
  Fy                  : R² (all) = 0.2267, R² (last) = 0.2624
  r                   : R² (all) = 0.6303, R² (last) = 0.9391
  inv_r               : R² (all) = 0.6528, R² (last) = 0.8389
  r_squared           : R² (all) = 0.5088, R² (last) = 0.8402
  inv_r_squared       : R² (all) = 0.3903, R² (last) = 0.3922
  inv_r_cubed         : R² (all) = 0.1532, R² (last) = 0.1526
  x                   : R² (all) = 0.9301, R² (last) = 0.9774
  y                   : R² (all) = 0.9159, R² (last) = 0.9740

block_0_after_mlp_merge:
  F_magnitude         : R² (all) = 0.1942, R² (last) = 0.3418
  F_direction_x       : R² (all) = 0.9726, R² (last) = 0.9903
  F_direction_y       : R² (all) = 0.9727, R² (last) = 0.9867
  Fx                  : R² (all) = 0.2619, R² (last) = 0.4227
  Fy                  : R² (all) = 0.2899, R² (last) = 0.2200
  r                   : R² (all) = 0.3812, R² (last) = 0.8967
  inv_r               : R² (all) = 0.3495, R² (last) = 0.7900
  r_squared           : R² (all) = 0.3242, R² (last) = 0.7745
  inv_r_squared       : R² (all) = 0.1942, R² (last) = 0.3418
  inv_r_cubed         : R² (all) = 0.0711, R² (last) = 0.1264
  x                   : R² (all) = 0.9996, R² (last) = 1.0000
  y                   : R² (all) = 0.9995, R² (last) = 1.0000

block_1_attn_output:
  F_magnitude         : R² (all) = 0.1710, R² (last) = 0.1294
  F_direction_x       : R² (all) = 0.4066, R² (last) = 0.4669
  F_direction_y       : R² (all) = 0.4772, R² (last) = 0.5462
  Fx                  : R² (all) = 0.0758, R² (last) = 0.1200
  Fy                  : R² (all) = 0.0969, R² (last) = 0.0715
  r                   : R² (all) = 0.3229, R² (last) = 0.3702
  inv_r               : R² (all) = 0.3230, R² (last) = 0.3213
  r_squared           : R² (all) = 0.2448, R² (last) = 0.2987
  inv_r_squared       : R² (all) = 0.1710, R² (last) = 0.1294
  inv_r_cubed         : R² (all) = 0.0575, R² (last) = 0.0596
  x                   : R² (all) = 0.4560, R² (last) = 0.5142
  y                   : R² (all) = 0.4867, R² (last) = 0.5967

block_1_after_attn_merge:
  F_magnitude         : R² (all) = 0.2171, R² (last) = 0.3345
  F_direction_x       : R² (all) = 0.9711, R² (last) = 0.9878
  F_direction_y       : R² (all) = 0.9685, R² (last) = 0.9853
  Fx                  : R² (all) = 0.3011, R² (last) = 0.4416
  Fy                  : R² (all) = 0.3206, R² (last) = 0.2200
  r                   : R² (all) = 0.3751, R² (last) = 0.8641
  inv_r               : R² (all) = 0.3673, R² (last) = 0.7378
  r_squared           : R² (all) = 0.3178, R² (last) = 0.7816
  inv_r_squared       : R² (all) = 0.2171, R² (last) = 0.3345
  inv_r_cubed         : R² (all) = 0.0830, R² (last) = 0.1399
  x                   : R² (all) = 0.9940, R² (last) = 0.9965
  y                   : R² (all) = 0.9933, R² (last) = 0.9971

block_1_mlp_hidden:
  F_magnitude         : R² (all) = 0.5480, R² (last) = 0.6141
  F_direction_x       : R² (all) = 0.9812, R² (last) = 0.9962
  F_direction_y       : R² (all) = 0.9799, R² (last) = 0.9948
  Fx                  : R² (all) = 0.4102, R² (last) = 0.7780
  Fy                  : R² (all) = 0.4154, R² (last) = 0.5401
  r                   : R² (all) = 0.9849, R² (last) = 0.9978
  inv_r               : R² (all) = 0.8452, R² (last) = 0.9177
  r_squared           : R² (all) = 0.9808, R² (last) = 0.9960
  inv_r_squared       : R² (all) = 0.5480, R² (last) = 0.6141
  inv_r_cubed         : R² (all) = 0.2549, R² (last) = 0.4107
  x                   : R² (all) = 0.9958, R² (last) = 0.9987
  y                   : R² (all) = 0.9955, R² (last) = 0.9991

block_1_mlp_output:
  F_magnitude         : R² (all) = 0.3074, R² (last) = 0.3906
  F_direction_x       : R² (all) = 0.9742, R² (last) = 0.9889
  F_direction_y       : R² (all) = 0.9715, R² (last) = 0.9852
  Fx                  : R² (all) = 0.3219, R² (last) = 0.4907
  Fy                  : R² (all) = 0.3311, R² (last) = 0.2373
  r                   : R² (all) = 0.8489, R² (last) = 0.9618
  inv_r               : R² (all) = 0.5819, R² (last) = 0.7742
  r_squared           : R² (all) = 0.8312, R² (last) = 0.9451
  inv_r_squared       : R² (all) = 0.3074, R² (last) = 0.3906
  inv_r_cubed         : R² (all) = 0.1167, R² (last) = 0.1740
  x                   : R² (all) = 0.9932, R² (last) = 0.9963
  y                   : R² (all) = 0.9931, R² (last) = 0.9971

block_1_after_mlp_merge:
  F_magnitude         : R² (all) = 0.1796, R² (last) = 0.3206
  F_direction_x       : R² (all) = 0.9732, R² (last) = 0.9924
  F_direction_y       : R² (all) = 0.9691, R² (last) = 0.9862
  Fx                  : R² (all) = 0.3189, R² (last) = 0.5231
  Fy                  : R² (all) = 0.2975, R² (last) = 0.2287
  r                   : R² (all) = 0.3481, R² (last) = 0.8580
  inv_r               : R² (all) = 0.3200, R² (last) = 0.7227
  r_squared           : R² (all) = 0.2955, R² (last) = 0.7633
  inv_r_squared       : R² (all) = 0.1796, R² (last) = 0.3206
  inv_r_cubed         : R² (all) = 0.0672, R² (last) = 0.1356
  x                   : R² (all) = 0.9984, R² (last) = 0.9997
  y                   : R² (all) = 0.9980, R² (last) = 0.9994

after_ln_f:
  F_magnitude         : R² (all) = 0.2159, R² (last) = 0.3791
  F_direction_x       : R² (all) = 0.9766, R² (last) = 0.9939
  F_direction_y       : R² (all) = 0.9738, R² (last) = 0.9891
  Fx                  : R² (all) = 0.3430, R² (last) = 0.5866
  Fy                  : R² (all) = 0.3211, R² (last) = 0.2547
  r                   : R² (all) = 0.3517, R² (last) = 0.8282
  inv_r               : R² (all) = 0.3515, R² (last) = 0.7599
  r_squared           : R² (all) = 0.2930, R² (last) = 0.7360
  inv_r_squared       : R² (all) = 0.2159, R² (last) = 0.3792
  inv_r_cubed         : R² (all) = 0.0895, R² (last) = 0.1696
  x                   : R² (all) = 0.9980, R² (last) = 0.9995
  y                   : R² (all) = 0.9979, R² (last) = 0.9992
Evaluating on 500 trajectories...
Conditioning length: 50, Generating 50 more steps per trajectory...

Error Statistics (aggregated across all 500 trajectories):
Mean position error: 0.911898 ± 0.736543
Max position error: 4.241134
R² scores:
  X coordinate: -0.300093 ± 1.047810
  Y coordinate: -0.357865 ± 1.267400
Evaluating on 500 trajectories...
Conditioning length: 50, Generating 50 more steps per trajectory...

Error Statistics (aggregated across all 500 trajectories):
Mean position error: 0.917312 ± 0.736344
Max position error: 4.297450
R² scores:
  X coordinate: -0.183027 ± 0.905689
  Y coordinate: -0.218162 ± 1.009970
Evaluation at step 1901 completed.

Step 2000, Total Train Loss: 0.013117, Prediction Loss: 0.012064, Test Loss: 0.002109, Attention Entropy: 0.0105, Entropy Reg Loss: 0.001054, Entropy Reg Active: True, GPU Memory: 0.000 GB

Evaluating at step 2001...
Activations collected:
  input_embed: torch.Size([1000, 99, 32])
  after_pos_emb: torch.Size([1000, 99, 32])
  block_0_attn_output: torch.Size([1000, 99, 32])
  block_0_after_attn_merge: torch.Size([1000, 99, 32])
  block_0_mlp_hidden: torch.Size([1000, 99, 128])
  block_0_mlp_output: torch.Size([1000, 99, 32])
  block_0_after_mlp_merge: torch.Size([1000, 99, 32])
  block_1_attn_output: torch.Size([1000, 99, 32])
  block_1_after_attn_merge: torch.Size([1000, 99, 32])
  block_1_mlp_hidden: torch.Size([1000, 99, 128])
  block_1_mlp_output: torch.Size([1000, 99, 32])
  block_1_after_mlp_merge: torch.Size([1000, 99, 32])
  after_ln_f: torch.Size([1000, 99, 32])

Linear Probe Results (R² scores):
================================================================================

input_embed:
  F_magnitude         : R² (all) = 0.0000, R² (last) = -0.0003
  F_direction_x       : R² (all) = 0.8360, R² (last) = 0.8368
  F_direction_y       : R² (all) = 0.8355, R² (last) = 0.8430
  Fx                  : R² (all) = 0.0767, R² (last) = 0.0622
  Fy                  : R² (all) = 0.0753, R² (last) = 0.0680
  r                   : R² (all) = 0.0000, R² (last) = -0.0017
  inv_r               : R² (all) = 0.0000, R² (last) = -0.0008
  r_squared           : R² (all) = 0.0001, R² (last) = -0.0009
  inv_r_squared       : R² (all) = 0.0000, R² (last) = -0.0003
  inv_r_cubed         : R² (all) = 0.0000, R² (last) = -0.0001
  x                   : R² (all) = 1.0000, R² (last) = 1.0000
  y                   : R² (all) = 1.0000, R² (last) = 1.0000

after_pos_emb:
  F_magnitude         : R² (all) = 0.0351, R² (last) = -0.0000
  F_direction_x       : R² (all) = 0.8360, R² (last) = 0.8368
  F_direction_y       : R² (all) = 0.8355, R² (last) = 0.8431
  Fx                  : R² (all) = 0.0769, R² (last) = 0.0622
  Fy                  : R² (all) = 0.0755, R² (last) = 0.0680
  r                   : R² (all) = 0.0497, R² (last) = 0.0001
  inv_r               : R² (all) = 0.0431, R² (last) = -0.0001
  r_squared           : R² (all) = 0.0525, R² (last) = 0.0012
  inv_r_squared       : R² (all) = 0.0351, R² (last) = -0.0000
  inv_r_cubed         : R² (all) = 0.0239, R² (last) = 0.0000
  x                   : R² (all) = 1.0000, R² (last) = 1.0000
  y                   : R² (all) = 1.0000, R² (last) = 1.0000

block_0_attn_output:
  F_magnitude         : R² (all) = 0.1116, R² (last) = 0.1143
  F_direction_x       : R² (all) = 0.5664, R² (last) = 0.6430
  F_direction_y       : R² (all) = 0.5322, R² (last) = 0.6082
  Fx                  : R² (all) = 0.1050, R² (last) = 0.1686
  Fy                  : R² (all) = 0.1061, R² (last) = 0.1124
  r                   : R² (all) = 0.1587, R² (last) = 0.2098
  inv_r               : R² (all) = 0.1895, R² (last) = 0.2082
  r_squared           : R² (all) = 0.1097, R² (last) = 0.1745
  inv_r_squared       : R² (all) = 0.1116, R² (last) = 0.1143
  inv_r_cubed         : R² (all) = 0.0432, R² (last) = 0.0472
  x                   : R² (all) = 0.5608, R² (last) = 0.5930
  y                   : R² (all) = 0.5054, R² (last) = 0.6096

block_0_after_attn_merge:
  F_magnitude         : R² (all) = 0.3755, R² (last) = 0.4743
  F_direction_x       : R² (all) = 0.9656, R² (last) = 0.9805
  F_direction_y       : R² (all) = 0.9688, R² (last) = 0.9819
  Fx                  : R² (all) = 0.1983, R² (last) = 0.2856
  Fy                  : R² (all) = 0.2076, R² (last) = 0.2965
  r                   : R² (all) = 0.5698, R² (last) = 0.8295
  inv_r               : R² (all) = 0.5843, R² (last) = 0.8130
  r_squared           : R² (all) = 0.4554, R² (last) = 0.6992
  inv_r_squared       : R² (all) = 0.3755, R² (last) = 0.4743
  inv_r_cubed         : R² (all) = 0.1786, R² (last) = 0.2101
  x                   : R² (all) = 0.9250, R² (last) = 0.9329
  y                   : R² (all) = 0.9167, R² (last) = 0.9242

block_0_mlp_hidden:
  F_magnitude         : R² (all) = 0.6160, R² (last) = 0.8037
  F_direction_x       : R² (all) = 0.9827, R² (last) = 0.9979
  F_direction_y       : R² (all) = 0.9837, R² (last) = 0.9986
  Fx                  : R² (all) = 0.4353, R² (last) = 0.6005
  Fy                  : R² (all) = 0.4387, R² (last) = 0.8498
  r                   : R² (all) = 0.8511, R² (last) = 0.9851
  inv_r               : R² (all) = 0.8829, R² (last) = 0.9657
  r_squared           : R² (all) = 0.7045, R² (last) = 0.9465
  inv_r_squared       : R² (all) = 0.6160, R² (last) = 0.8037
  inv_r_cubed         : R² (all) = 0.3303, R² (last) = 0.5620
  x                   : R² (all) = 0.9670, R² (last) = 0.9949
  y                   : R² (all) = 0.9648, R² (last) = 0.9942

block_0_mlp_output:
  F_magnitude         : R² (all) = 0.4232, R² (last) = 0.6206
  F_direction_x       : R² (all) = 0.9738, R² (last) = 0.9897
  F_direction_y       : R² (all) = 0.9750, R² (last) = 0.9908
  Fx                  : R² (all) = 0.2773, R² (last) = 0.4059
  Fy                  : R² (all) = 0.2473, R² (last) = 0.5983
  r                   : R² (all) = 0.6273, R² (last) = 0.9330
  inv_r               : R² (all) = 0.6453, R² (last) = 0.9073
  r_squared           : R² (all) = 0.5093, R² (last) = 0.8314
  inv_r_squared       : R² (all) = 0.4232, R² (last) = 0.6206
  inv_r_cubed         : R² (all) = 0.2034, R² (last) = 0.3343
  x                   : R² (all) = 0.9332, R² (last) = 0.9773
  y                   : R² (all) = 0.9214, R² (last) = 0.9754

block_0_after_mlp_merge:
  F_magnitude         : R² (all) = 0.1958, R² (last) = 0.5503
  F_direction_x       : R² (all) = 0.9726, R² (last) = 0.9894
  F_direction_y       : R² (all) = 0.9725, R² (last) = 0.9898
  Fx                  : R² (all) = 0.3094, R² (last) = 0.3781
  Fy                  : R² (all) = 0.3211, R² (last) = 0.5216
  r                   : R² (all) = 0.3461, R² (last) = 0.8974
  inv_r               : R² (all) = 0.3160, R² (last) = 0.8621
  r_squared           : R² (all) = 0.2942, R² (last) = 0.7797
  inv_r_squared       : R² (all) = 0.1958, R² (last) = 0.5503
  inv_r_cubed         : R² (all) = 0.0910, R² (last) = 0.2838
  x                   : R² (all) = 0.9996, R² (last) = 1.0000
  y                   : R² (all) = 0.9995, R² (last) = 1.0000

block_1_attn_output:
  F_magnitude         : R² (all) = 0.2167, R² (last) = 0.2121
  F_direction_x       : R² (all) = 0.3993, R² (last) = 0.4429
  F_direction_y       : R² (all) = 0.4774, R² (last) = 0.5744
  Fx                  : R² (all) = 0.0877, R² (last) = 0.1034
  Fy                  : R² (all) = 0.1156, R² (last) = 0.0788
  r                   : R² (all) = 0.3171, R² (last) = 0.3615
  inv_r               : R² (all) = 0.3409, R² (last) = 0.3703
  r_squared           : R² (all) = 0.2380, R² (last) = 0.2801
  inv_r_squared       : R² (all) = 0.2167, R² (last) = 0.2121
  inv_r_cubed         : R² (all) = 0.1020, R² (last) = 0.0970
  x                   : R² (all) = 0.4566, R² (last) = 0.4845
  y                   : R² (all) = 0.4961, R² (last) = 0.6236

block_1_after_attn_merge:
  F_magnitude         : R² (all) = 0.2286, R² (last) = 0.5030
  F_direction_x       : R² (all) = 0.9708, R² (last) = 0.9866
  F_direction_y       : R² (all) = 0.9684, R² (last) = 0.9869
  Fx                  : R² (all) = 0.3507, R² (last) = 0.3931
  Fy                  : R² (all) = 0.3526, R² (last) = 0.4838
  r                   : R² (all) = 0.3580, R² (last) = 0.8688
  inv_r               : R² (all) = 0.3463, R² (last) = 0.7971
  r_squared           : R² (all) = 0.3054, R² (last) = 0.7913
  inv_r_squared       : R² (all) = 0.2286, R² (last) = 0.5030
  inv_r_cubed         : R² (all) = 0.1116, R² (last) = 0.2518
  x                   : R² (all) = 0.9938, R² (last) = 0.9968
  y                   : R² (all) = 0.9938, R² (last) = 0.9970

block_1_mlp_hidden:
  F_magnitude         : R² (all) = 0.6047, R² (last) = 0.7897
  F_direction_x       : R² (all) = 0.9821, R² (last) = 0.9958
  F_direction_y       : R² (all) = 0.9809, R² (last) = 0.9964
  Fx                  : R² (all) = 0.4732, R² (last) = 0.6086
  Fy                  : R² (all) = 0.4543, R² (last) = 0.8388
  r                   : R² (all) = 0.9845, R² (last) = 0.9977
  inv_r               : R² (all) = 0.8555, R² (last) = 0.9574
  r_squared           : R² (all) = 0.9796, R² (last) = 0.9962
  inv_r_squared       : R² (all) = 0.6047, R² (last) = 0.7897
  inv_r_cubed         : R² (all) = 0.3304, R² (last) = 0.5436
  x                   : R² (all) = 0.9957, R² (last) = 0.9986
  y                   : R² (all) = 0.9960, R² (last) = 0.9992

block_1_mlp_output:
  F_magnitude         : R² (all) = 0.3533, R² (last) = 0.5438
  F_direction_x       : R² (all) = 0.9753, R² (last) = 0.9886
  F_direction_y       : R² (all) = 0.9727, R² (last) = 0.9875
  Fx                  : R² (all) = 0.3794, R² (last) = 0.4487
  Fy                  : R² (all) = 0.3700, R² (last) = 0.4864
  r                   : R² (all) = 0.8474, R² (last) = 0.9620
  inv_r               : R² (all) = 0.5988, R² (last) = 0.8124
  r_squared           : R² (all) = 0.8272, R² (last) = 0.9427
  inv_r_squared       : R² (all) = 0.3533, R² (last) = 0.5438
  inv_r_cubed         : R² (all) = 0.1624, R² (last) = 0.2995
  x                   : R² (all) = 0.9931, R² (last) = 0.9966
  y                   : R² (all) = 0.9939, R² (last) = 0.9971

block_1_after_mlp_merge:
  F_magnitude         : R² (all) = 0.1894, R² (last) = 0.4729
  F_direction_x       : R² (all) = 0.9733, R² (last) = 0.9915
  F_direction_y       : R² (all) = 0.9695, R² (last) = 0.9881
  Fx                  : R² (all) = 0.3700, R² (last) = 0.4275
  Fy                  : R² (all) = 0.3288, R² (last) = 0.4964
  r                   : R² (all) = 0.3193, R² (last) = 0.8448
  inv_r               : R² (all) = 0.2970, R² (last) = 0.7595
  r_squared           : R² (all) = 0.2713, R² (last) = 0.7679
  inv_r_squared       : R² (all) = 0.1894, R² (last) = 0.4729
  inv_r_cubed         : R² (all) = 0.0905, R² (last) = 0.2417
  x                   : R² (all) = 0.9984, R² (last) = 0.9997
  y                   : R² (all) = 0.9980, R² (last) = 0.9995

after_ln_f:
  F_magnitude         : R² (all) = 0.2225, R² (last) = 0.5377
  F_direction_x       : R² (all) = 0.9763, R² (last) = 0.9935
  F_direction_y       : R² (all) = 0.9740, R² (last) = 0.9902
  Fx                  : R² (all) = 0.3936, R² (last) = 0.4466
  Fy                  : R² (all) = 0.3531, R² (last) = 0.5170
  r                   : R² (all) = 0.3247, R² (last) = 0.8230
  inv_r               : R² (all) = 0.3269, R² (last) = 0.8006
  r_squared           : R² (all) = 0.2704, R² (last) = 0.7452
  inv_r_squared       : R² (all) = 0.2225, R² (last) = 0.5376
  inv_r_cubed         : R² (all) = 0.1127, R² (last) = 0.2883
  x                   : R² (all) = 0.9980, R² (last) = 0.9994
  y                   : R² (all) = 0.9980, R² (last) = 0.9993
Evaluating on 500 trajectories...
Conditioning length: 50, Generating 50 more steps per trajectory...

Error Statistics (aggregated across all 500 trajectories):
Mean position error: 0.937386 ± 0.723059
Max position error: 3.911589
R² scores:
  X coordinate: -0.340895 ± 1.030898
  Y coordinate: -0.349952 ± 1.147961
Evaluating on 500 trajectories...
Conditioning length: 50, Generating 50 more steps per trajectory...

Error Statistics (aggregated across all 500 trajectories):
Mean position error: 0.929849 ± 0.729825
Max position error: 4.377523
R² scores:
  X coordinate: -0.243883 ± 0.917856
  Y coordinate: -0.273598 ± 1.001705
Evaluation at step 2001 completed.

Final memory stats: {'initial': {'allocated_gb': 0, 'reserved_gb': 0, 'max_allocated_gb': 0}, 'final': {'allocated_gb': 0, 'reserved_gb': 0, 'max_allocated_gb': 0}, 'peak': {'allocated_gb': 0, 'reserved_gb': 0, 'max_allocated_gb': 0}}

Training completed!
Saved results to ./results/kepler_cv_blocksize/results_block_size_100_num_trajectories_10000_noise_scale_0.1_loss_mask_all_attention_entropy_reg_0.1_start_0_end_none.npz

================================================================================
Parameter sweep completed! Total runs: 2
================================================================================

