Using device: mps

================================================================================
Starting parameter sweep:
  block_size: [100]
  num_trajectories: [10000]
  noise_scale: [0.1]
  loss_mask: ['all']
  lr: 0.001 (fixed)
  n_layer: 2 (fixed)
  n_embd: 32 (fixed)
  attention entropy configs:
    coefficient=0.0, interval=[0, None)
    coefficient=0.001, interval=[0, None)
================================================================================

Skipping existing result: ./results/kepler_cv_blocksize/results_block_size_100_num_trajectories_10000_noise_scale_0.1_loss_mask_all.npz

Total configurations: 2, Already completed: 1, To run: 1

[1/1] Running: block_size=100, num_trajectories=10000, noise_scale=0.1, loss_mask=all, attention_entropy_reg=0.001, entropy_interval=[0, None)

================================================================================
Training model: block_size=100, noise_scale=0.1, lr=0.001, n_layer=2, n_embd=32, num_trajectories=10000, loss_mask=all, attention_entropy_reg=0.001, entropy_interval=[0, None)
================================================================================
Loading Kepler orbit trajectories from data_cv...
Loading 20,000 trajectories from 2 chunks...
Loaded 20,000 trajectories from chunks
Trajectories shape: (20000, 100, 2)
Position range: x=[-3.536, 3.517], y=[-3.444, 3.481]

Split: 10000 training trajectories, 10000 test trajectories
Loading orbital parameters from data_cv...
Loading 20,000 orbital parameters from 2 chunks...
Loaded 20,000 orbital parameters from chunks
Loaded 20000 orbital parameters

Block size (100) >= num_points_per_trajectory (100)
Using full trajectories...

Train input shape: torch.Size([10000, 99, 2]), Train target shape: torch.Size([10000, 99, 2])
Test input shape: torch.Size([10000, 99, 2]), Test target shape: torch.Size([10000, 99, 2])

Setting up model...
number of parameters: 0.025634M
Initial train loss: 1.068154, Initial test loss: 1.043691
Train predictions shape: torch.Size([128, 99, 2])

Training model with periodic evaluation...
Hooks registered for 2 transformer blocks:
  For each block: attn_output, after_attn_merge, mlp_output, after_mlp_merge, mlp_hidden
  Additional: input_embed, after_pos_emb, after_ln_f
  Total hooks: 13
Step 0, Total Train Loss: 1.079557, Prediction Loss: 1.078557, Test Loss: 0.850397, Attention Entropy: 1.0000, Entropy Reg Loss: 0.001000, Entropy Reg Active: True, GPU Memory: 0.000 GB

Evaluating at step 1...
Activations collected:
  input_embed: torch.Size([1000, 99, 32])
  after_pos_emb: torch.Size([1000, 99, 32])
  block_0_attn_output: torch.Size([1000, 99, 32])
  block_0_after_attn_merge: torch.Size([1000, 99, 32])
  block_0_mlp_hidden: torch.Size([1000, 99, 128])
  block_0_mlp_output: torch.Size([1000, 99, 32])
  block_0_after_mlp_merge: torch.Size([1000, 99, 32])
  block_1_attn_output: torch.Size([1000, 99, 32])
  block_1_after_attn_merge: torch.Size([1000, 99, 32])
  block_1_mlp_hidden: torch.Size([1000, 99, 128])
  block_1_mlp_output: torch.Size([1000, 99, 32])
  block_1_after_mlp_merge: torch.Size([1000, 99, 32])
  after_ln_f: torch.Size([1000, 99, 32])

Linear Probe Results (R² scores):
================================================================================

input_embed:
  F_magnitude         : R² (all) = 0.0004, R² (last) = 0.0018
  F_direction_x       : R² (all) = 0.8208, R² (last) = 0.8201
  F_direction_y       : R² (all) = 0.8254, R² (last) = 0.8312
  Fx                  : R² (all) = 0.0582, R² (last) = 0.0684
  Fy                  : R² (all) = 0.0628, R² (last) = 0.0892
  r                   : R² (all) = 0.0067, R² (last) = 0.0167
  inv_r               : R² (all) = 0.0017, R² (last) = 0.0043
  r_squared           : R² (all) = 0.0091, R² (last) = 0.0244
  inv_r_squared       : R² (all) = 0.0004, R² (last) = 0.0018
  inv_r_cubed         : R² (all) = 0.0001, R² (last) = 0.0009
  x                   : R² (all) = 1.0000, R² (last) = 1.0000
  y                   : R² (all) = 1.0000, R² (last) = 1.0000

after_pos_emb:
  F_magnitude         : R² (all) = 0.0118, R² (last) = 0.0018
  F_direction_x       : R² (all) = 0.8106, R² (last) = 0.8201
  F_direction_y       : R² (all) = 0.8065, R² (last) = 0.8312
  Fx                  : R² (all) = 0.0578, R² (last) = 0.0684
  Fy                  : R² (all) = 0.0617, R² (last) = 0.0892
  r                   : R² (all) = 0.0231, R² (last) = 0.0167
  inv_r               : R² (all) = 0.0148, R² (last) = 0.0043
  r_squared           : R² (all) = 0.0284, R² (last) = 0.0244
  inv_r_squared       : R² (all) = 0.0118, R² (last) = 0.0018
  inv_r_cubed         : R² (all) = 0.0075, R² (last) = 0.0008
  x                   : R² (all) = 0.9877, R² (last) = 1.0000
  y                   : R² (all) = 0.9777, R² (last) = 1.0000

block_0_attn_output:
  F_magnitude         : R² (all) = 0.2195, R² (last) = 0.4243
  F_direction_x       : R² (all) = 0.3969, R² (last) = 0.6312
  F_direction_y       : R² (all) = 0.3734, R² (last) = 0.7032
  Fx                  : R² (all) = 0.0133, R² (last) = 0.0961
  Fy                  : R² (all) = 0.0133, R² (last) = 0.2400
  r                   : R² (all) = 0.6076, R² (last) = 0.9041
  inv_r               : R² (all) = 0.4627, R² (last) = 0.6834
  r_squared           : R² (all) = 0.5150, R² (last) = 0.8903
  inv_r_squared       : R² (all) = 0.2195, R² (last) = 0.4243
  inv_r_cubed         : R² (all) = 0.0788, R² (last) = 0.2260
  x                   : R² (all) = 0.5278, R² (last) = 0.7588
  y                   : R² (all) = 0.5090, R² (last) = 0.7766

block_0_after_attn_merge:
  F_magnitude         : R² (all) = 0.0389, R² (last) = 0.5444
  F_direction_x       : R² (all) = 0.9424, R² (last) = 0.9639
  F_direction_y       : R² (all) = 0.9205, R² (last) = 0.9608
  Fx                  : R² (all) = 0.1239, R² (last) = 0.2773
  Fy                  : R² (all) = 0.1147, R² (last) = 0.4202
  r                   : R² (all) = 0.0660, R² (last) = 0.9210
  inv_r               : R² (all) = 0.0575, R² (last) = 0.7912
  r_squared           : R² (all) = 0.0598, R² (last) = 0.8655
  inv_r_squared       : R² (all) = 0.0389, R² (last) = 0.5444
  inv_r_cubed         : R² (all) = 0.0211, R² (last) = 0.3272
  x                   : R² (all) = 0.9044, R² (last) = 0.9362
  y                   : R² (all) = 0.9130, R² (last) = 0.9589

block_0_mlp_hidden:
  F_magnitude         : R² (all) = 0.3710, R² (last) = 0.9031
  F_direction_x       : R² (all) = 0.9537, R² (last) = 0.9982
  F_direction_y       : R² (all) = 0.9376, R² (last) = 0.9975
  Fx                  : R² (all) = 0.1470, R² (last) = 0.7264
  Fy                  : R² (all) = 0.1345, R² (last) = 0.8609
  r                   : R² (all) = 0.7621, R² (last) = 0.9988
  inv_r               : R² (all) = 0.7009, R² (last) = 0.9760
  r_squared           : R² (all) = 0.6078, R² (last) = 0.9937
  inv_r_squared       : R² (all) = 0.3710, R² (last) = 0.9030
  inv_r_cubed         : R² (all) = 0.1378, R² (last) = 0.7990
  x                   : R² (all) = 0.9157, R² (last) = 0.9988
  y                   : R² (all) = 0.9260, R² (last) = 0.9991

block_0_mlp_output:
  F_magnitude         : R² (all) = 0.1055, R² (last) = 0.7281
  F_direction_x       : R² (all) = 0.9386, R² (last) = 0.9845
  F_direction_y       : R² (all) = 0.9156, R² (last) = 0.9793
  Fx                  : R² (all) = 0.1240, R² (last) = 0.5211
  Fy                  : R² (all) = 0.1137, R² (last) = 0.6527
  r                   : R² (all) = 0.2028, R² (last) = 0.9948
  inv_r               : R² (all) = 0.1945, R² (last) = 0.9071
  r_squared           : R² (all) = 0.1603, R² (last) = 0.9736
  inv_r_squared       : R² (all) = 0.1055, R² (last) = 0.7281
  inv_r_cubed         : R² (all) = 0.0402, R² (last) = 0.5217
  x                   : R² (all) = 0.9001, R² (last) = 0.9942
  y                   : R² (all) = 0.9090, R² (last) = 0.9963

block_0_after_mlp_merge:
  F_magnitude         : R² (all) = 0.0113, R² (last) = 0.6872
  F_direction_x       : R² (all) = 0.8361, R² (last) = 0.9860
  F_direction_y       : R² (all) = 0.8128, R² (last) = 0.9806
  Fx                  : R² (all) = 0.0823, R² (last) = 0.5221
  Fy                  : R² (all) = 0.0756, R² (last) = 0.6445
  r                   : R² (all) = 0.0224, R² (last) = 0.9952
  inv_r               : R² (all) = 0.0139, R² (last) = 0.8926
  r_squared           : R² (all) = 0.0272, R² (last) = 0.9760
  inv_r_squared       : R² (all) = 0.0113, R² (last) = 0.6872
  inv_r_cubed         : R² (all) = 0.0076, R² (last) = 0.4513
  x                   : R² (all) = 0.9875, R² (last) = 1.0000
  y                   : R² (all) = 0.9765, R² (last) = 1.0000

block_1_attn_output:
  F_magnitude         : R² (all) = 0.2356, R² (last) = 0.4391
  F_direction_x       : R² (all) = 0.5535, R² (last) = 0.7043
  F_direction_y       : R² (all) = 0.5406, R² (last) = 0.6243
  Fx                  : R² (all) = 0.0471, R² (last) = 0.1615
  Fy                  : R² (all) = 0.0487, R² (last) = 0.2293
  r                   : R² (all) = 0.6064, R² (last) = 0.8918
  inv_r               : R² (all) = 0.4679, R² (last) = 0.6760
  r_squared           : R² (all) = 0.5257, R² (last) = 0.8841
  inv_r_squared       : R² (all) = 0.2356, R² (last) = 0.4391
  inv_r_cubed         : R² (all) = 0.0930, R² (last) = 0.2524
  x                   : R² (all) = 0.6793, R² (last) = 0.7937
  y                   : R² (all) = 0.6636, R² (last) = 0.7120

block_1_after_attn_merge:
  F_magnitude         : R² (all) = 0.0766, R² (last) = 0.7409
  F_direction_x       : R² (all) = 0.9439, R² (last) = 0.9853
  F_direction_y       : R² (all) = 0.9145, R² (last) = 0.9828
  Fx                  : R² (all) = 0.1354, R² (last) = 0.5456
  Fy                  : R² (all) = 0.1205, R² (last) = 0.7018
  r                   : R² (all) = 0.1394, R² (last) = 0.9806
  inv_r               : R² (all) = 0.1288, R² (last) = 0.9165
  r_squared           : R² (all) = 0.1167, R² (last) = 0.9433
  inv_r_squared       : R² (all) = 0.0766, R² (last) = 0.7409
  inv_r_cubed         : R² (all) = 0.0345, R² (last) = 0.5282
  x                   : R² (all) = 0.9068, R² (last) = 0.9966
  y                   : R² (all) = 0.9258, R² (last) = 0.9974

block_1_mlp_hidden:
  F_magnitude         : R² (all) = 0.3789, R² (last) = 0.9253
  F_direction_x       : R² (all) = 0.9559, R² (last) = 0.9988
  F_direction_y       : R² (all) = 0.9331, R² (last) = 0.9985
  Fx                  : R² (all) = 0.1789, R² (last) = 0.8538
  Fy                  : R² (all) = 0.1581, R² (last) = 0.9021
  r                   : R² (all) = 0.7565, R² (last) = 0.9997
  inv_r               : R² (all) = 0.6984, R² (last) = 0.9841
  r_squared           : R² (all) = 0.6111, R² (last) = 0.9984
  inv_r_squared       : R² (all) = 0.3789, R² (last) = 0.9253
  inv_r_cubed         : R² (all) = 0.1466, R² (last) = 0.8284
  x                   : R² (all) = 0.9267, R² (last) = 0.9998
  y                   : R² (all) = 0.9428, R² (last) = 0.9999

block_1_mlp_output:
  F_magnitude         : R² (all) = 0.1331, R² (last) = 0.7763
  F_direction_x       : R² (all) = 0.9378, R² (last) = 0.9876
  F_direction_y       : R² (all) = 0.9109, R² (last) = 0.9845
  Fx                  : R² (all) = 0.1327, R² (last) = 0.5594
  Fy                  : R² (all) = 0.1217, R² (last) = 0.7065
  r                   : R² (all) = 0.2495, R² (last) = 0.9943
  inv_r               : R² (all) = 0.2347, R² (last) = 0.9336
  r_squared           : R² (all) = 0.2026, R² (last) = 0.9805
  inv_r_squared       : R² (all) = 0.1331, R² (last) = 0.7763
  inv_r_cubed         : R² (all) = 0.0544, R² (last) = 0.5667
  x                   : R² (all) = 0.8987, R² (last) = 0.9973
  y                   : R² (all) = 0.9154, R² (last) = 0.9982

block_1_after_mlp_merge:
  F_magnitude         : R² (all) = 0.0174, R² (last) = 0.7152
  F_direction_x       : R² (all) = 0.8651, R² (last) = 0.9882
  F_direction_y       : R² (all) = 0.8352, R² (last) = 0.9839
  Fx                  : R² (all) = 0.1081, R² (last) = 0.5145
  Fy                  : R² (all) = 0.0960, R² (last) = 0.6560
  r                   : R² (all) = 0.0337, R² (last) = 0.9912
  inv_r               : R² (all) = 0.0254, R² (last) = 0.9089
  r_squared           : R² (all) = 0.0357, R² (last) = 0.9637
  inv_r_squared       : R² (all) = 0.0174, R² (last) = 0.7152
  inv_r_cubed         : R² (all) = 0.0099, R² (last) = 0.4778
  x                   : R² (all) = 0.9878, R² (last) = 1.0000
  y                   : R² (all) = 0.9747, R² (last) = 1.0000

after_ln_f:
  F_magnitude         : R² (all) = 0.0900, R² (last) = 0.7615
  F_direction_x       : R² (all) = 0.9464, R² (last) = 0.9888
  F_direction_y       : R² (all) = 0.9159, R² (last) = 0.9850
  Fx                  : R² (all) = 0.1549, R² (last) = 0.5817
  Fy                  : R² (all) = 0.1397, R² (last) = 0.7139
  r                   : R² (all) = 0.1514, R² (last) = 0.9883
  inv_r               : R² (all) = 0.1505, R² (last) = 0.9305
  r_squared           : R² (all) = 0.1217, R² (last) = 0.9579
  inv_r_squared       : R² (all) = 0.0900, R² (last) = 0.7615
  inv_r_cubed         : R² (all) = 0.0397, R² (last) = 0.5438
  x                   : R² (all) = 0.9148, R² (last) = 0.9981
  y                   : R² (all) = 0.9350, R² (last) = 0.9990
Evaluating on 500 trajectories...
Conditioning length: 50, Generating 50 more steps per trajectory...

Error Statistics (aggregated across all 500 trajectories):
Mean position error: 1.316265 ± 0.567969
Max position error: 3.288628
R² scores:
  X coordinate: -0.588799 ± 0.809313
  Y coordinate: -0.582387 ± 0.766043
Evaluating on 500 trajectories...
Conditioning length: 50, Generating 50 more steps per trajectory...

Error Statistics (aggregated across all 500 trajectories):
Mean position error: 1.308560 ± 0.559347
Max position error: 3.180703
R² scores:
  X coordinate: -0.635526 ± 0.861744
  Y coordinate: -0.548559 ± 0.710078
Evaluation at step 1 completed.

Step 100, Total Train Loss: 0.026482, Prediction Loss: 0.025517, Test Loss: 0.014642, Attention Entropy: 0.9649, Entropy Reg Loss: 0.000965, Entropy Reg Active: True, GPU Memory: 0.000 GB

Evaluating at step 101...
Activations collected:
  input_embed: torch.Size([1000, 99, 32])
  after_pos_emb: torch.Size([1000, 99, 32])
  block_0_attn_output: torch.Size([1000, 99, 32])
  block_0_after_attn_merge: torch.Size([1000, 99, 32])
  block_0_mlp_hidden: torch.Size([1000, 99, 128])
  block_0_mlp_output: torch.Size([1000, 99, 32])
  block_0_after_mlp_merge: torch.Size([1000, 99, 32])
  block_1_attn_output: torch.Size([1000, 99, 32])
  block_1_after_attn_merge: torch.Size([1000, 99, 32])
  block_1_mlp_hidden: torch.Size([1000, 99, 128])
  block_1_mlp_output: torch.Size([1000, 99, 32])
  block_1_after_mlp_merge: torch.Size([1000, 99, 32])
  after_ln_f: torch.Size([1000, 99, 32])

Linear Probe Results (R² scores):
================================================================================

input_embed:
  F_magnitude         : R² (all) = 0.0004, R² (last) = 0.0004
  F_direction_x       : R² (all) = 0.8364, R² (last) = 0.8402
  F_direction_y       : R² (all) = 0.8390, R² (last) = 0.8407
  Fx                  : R² (all) = 0.0660, R² (last) = 0.0648
  Fy                  : R² (all) = 0.0660, R² (last) = 0.1078
  r                   : R² (all) = 0.0057, R² (last) = 0.0043
  inv_r               : R² (all) = 0.0015, R² (last) = 0.0012
  r_squared           : R² (all) = 0.0076, R² (last) = 0.0062
  inv_r_squared       : R² (all) = 0.0004, R² (last) = 0.0004
  inv_r_cubed         : R² (all) = 0.0001, R² (last) = 0.0001
  x                   : R² (all) = 1.0000, R² (last) = 1.0000
  y                   : R² (all) = 1.0000, R² (last) = 1.0000

after_pos_emb:
  F_magnitude         : R² (all) = 0.0313, R² (last) = 0.0003
  F_direction_x       : R² (all) = 0.8364, R² (last) = 0.8402
  F_direction_y       : R² (all) = 0.8391, R² (last) = 0.8407
  Fx                  : R² (all) = 0.0663, R² (last) = 0.0648
  Fy                  : R² (all) = 0.0662, R² (last) = 0.1078
  r                   : R² (all) = 0.0633, R² (last) = 0.0043
  inv_r               : R² (all) = 0.0448, R² (last) = 0.0012
  r_squared           : R² (all) = 0.0663, R² (last) = 0.0062
  inv_r_squared       : R² (all) = 0.0313, R² (last) = 0.0003
  inv_r_cubed         : R² (all) = 0.0201, R² (last) = 0.0001
  x                   : R² (all) = 1.0000, R² (last) = 1.0000
  y                   : R² (all) = 1.0000, R² (last) = 1.0000

block_0_attn_output:
  F_magnitude         : R² (all) = 0.2904, R² (last) = 0.4341
  F_direction_x       : R² (all) = 0.8107, R² (last) = 0.9076
  F_direction_y       : R² (all) = 0.7177, R² (last) = 0.7824
  Fx                  : R² (all) = 0.0942, R² (last) = 0.3514
  Fy                  : R² (all) = 0.0496, R² (last) = 0.2924
  r                   : R² (all) = 0.7418, R² (last) = 0.8212
  inv_r               : R² (all) = 0.5956, R² (last) = 0.6766
  r_squared           : R² (all) = 0.6171, R² (last) = 0.7590
  inv_r_squared       : R² (all) = 0.2904, R² (last) = 0.4341
  inv_r_cubed         : R² (all) = 0.1060, R² (last) = 0.2336
  x                   : R² (all) = 0.8345, R² (last) = 0.8302
  y                   : R² (all) = 0.7977, R² (last) = 0.8121

block_0_after_attn_merge:
  F_magnitude         : R² (all) = 0.2984, R² (last) = 0.5347
  F_direction_x       : R² (all) = 0.9406, R² (last) = 0.9817
  F_direction_y       : R² (all) = 0.9348, R² (last) = 0.9619
  Fx                  : R² (all) = 0.1091, R² (last) = 0.3923
  Fy                  : R² (all) = 0.1240, R² (last) = 0.4056
  r                   : R² (all) = 0.8687, R² (last) = 0.9527
  inv_r               : R² (all) = 0.6598, R² (last) = 0.8000
  r_squared           : R² (all) = 0.7318, R² (last) = 0.8909
  inv_r_squared       : R² (all) = 0.2984, R² (last) = 0.5347
  inv_r_cubed         : R² (all) = 0.0927, R² (last) = 0.3062
  x                   : R² (all) = 0.9562, R² (last) = 0.9778
  y                   : R² (all) = 0.9548, R² (last) = 0.9630

block_0_mlp_hidden:
  F_magnitude         : R² (all) = 0.4722, R² (last) = 0.9003
  F_direction_x       : R² (all) = 0.9795, R² (last) = 0.9973
  F_direction_y       : R² (all) = 0.9772, R² (last) = 0.9979
  Fx                  : R² (all) = 0.2978, R² (last) = 0.7369
  Fy                  : R² (all) = 0.3065, R² (last) = 0.8948
  r                   : R² (all) = 0.9680, R² (last) = 0.9991
  inv_r               : R² (all) = 0.8136, R² (last) = 0.9764
  r_squared           : R² (all) = 0.9195, R² (last) = 0.9943
  inv_r_squared       : R² (all) = 0.4722, R² (last) = 0.9003
  inv_r_cubed         : R² (all) = 0.1925, R² (last) = 0.7789
  x                   : R² (all) = 0.9917, R² (last) = 0.9996
  y                   : R² (all) = 0.9918, R² (last) = 0.9995

block_0_mlp_output:
  F_magnitude         : R² (all) = 0.3231, R² (last) = 0.6699
  F_direction_x       : R² (all) = 0.9645, R² (last) = 0.9879
  F_direction_y       : R² (all) = 0.9517, R² (last) = 0.9870
  Fx                  : R² (all) = 0.2254, R² (last) = 0.4346
  Fy                  : R² (all) = 0.2005, R² (last) = 0.6147
  r                   : R² (all) = 0.9099, R² (last) = 0.9931
  inv_r               : R² (all) = 0.6866, R² (last) = 0.8892
  r_squared           : R² (all) = 0.7952, R² (last) = 0.9779
  inv_r_squared       : R² (all) = 0.3231, R² (last) = 0.6699
  inv_r_cubed         : R² (all) = 0.1049, R² (last) = 0.4430
  x                   : R² (all) = 0.9784, R² (last) = 0.9978
  y                   : R² (all) = 0.9748, R² (last) = 0.9973

block_0_after_mlp_merge:
  F_magnitude         : R² (all) = 0.2938, R² (last) = 0.6285
  F_direction_x       : R² (all) = 0.9533, R² (last) = 0.9877
  F_direction_y       : R² (all) = 0.9466, R² (last) = 0.9869
  Fx                  : R² (all) = 0.1825, R² (last) = 0.4352
  Fy                  : R² (all) = 0.1899, R² (last) = 0.6161
  r                   : R² (all) = 0.8372, R² (last) = 0.9884
  inv_r               : R² (all) = 0.6385, R² (last) = 0.8682
  r_squared           : R² (all) = 0.7083, R² (last) = 0.9625
  inv_r_squared       : R² (all) = 0.2938, R² (last) = 0.6285
  inv_r_cubed         : R² (all) = 0.0959, R² (last) = 0.3973
  x                   : R² (all) = 0.9993, R² (last) = 1.0000
  y                   : R² (all) = 0.9997, R² (last) = 1.0000

block_1_attn_output:
  F_magnitude         : R² (all) = 0.2224, R² (last) = 0.3983
  F_direction_x       : R² (all) = 0.7473, R² (last) = 0.7862
  F_direction_y       : R² (all) = 0.6615, R² (last) = 0.7961
  Fx                  : R² (all) = 0.0706, R² (last) = 0.1142
  Fy                  : R² (all) = 0.0581, R² (last) = 0.2383
  r                   : R² (all) = 0.7258, R² (last) = 0.8890
  inv_r               : R² (all) = 0.4880, R² (last) = 0.6607
  r_squared           : R² (all) = 0.6875, R² (last) = 0.8798
  inv_r_squared       : R² (all) = 0.2224, R² (last) = 0.3982
  inv_r_cubed         : R² (all) = 0.0782, R² (last) = 0.2097
  x                   : R² (all) = 0.8459, R² (last) = 0.8906
  y                   : R² (all) = 0.7893, R² (last) = 0.8893

block_1_after_attn_merge:
  F_magnitude         : R² (all) = 0.2608, R² (last) = 0.6247
  F_direction_x       : R² (all) = 0.9549, R² (last) = 0.9856
  F_direction_y       : R² (all) = 0.9491, R² (last) = 0.9874
  Fx                  : R² (all) = 0.1978, R² (last) = 0.4256
  Fy                  : R² (all) = 0.1987, R² (last) = 0.6204
  r                   : R² (all) = 0.9099, R² (last) = 0.9894
  inv_r               : R² (all) = 0.6176, R² (last) = 0.8660
  r_squared           : R² (all) = 0.7980, R² (last) = 0.9784
  inv_r_squared       : R² (all) = 0.2608, R² (last) = 0.6247
  inv_r_cubed         : R² (all) = 0.0768, R² (last) = 0.3912
  x                   : R² (all) = 0.9918, R² (last) = 0.9990
  y                   : R² (all) = 0.9914, R² (last) = 0.9988

block_1_mlp_hidden:
  F_magnitude         : R² (all) = 0.4475, R² (last) = 0.8642
  F_direction_x       : R² (all) = 0.9817, R² (last) = 0.9963
  F_direction_y       : R² (all) = 0.9798, R² (last) = 0.9974
  Fx                  : R² (all) = 0.3262, R² (last) = 0.6797
  Fy                  : R² (all) = 0.3275, R² (last) = 0.8376
  r                   : R² (all) = 0.9881, R² (last) = 0.9998
  inv_r               : R² (all) = 0.7931, R² (last) = 0.9641
  r_squared           : R² (all) = 0.9843, R² (last) = 0.9998
  inv_r_squared       : R² (all) = 0.4475, R² (last) = 0.8642
  inv_r_cubed         : R² (all) = 0.1791, R² (last) = 0.7268
  x                   : R² (all) = 0.9982, R² (last) = 1.0000
  y                   : R² (all) = 0.9980, R² (last) = 1.0000

block_1_mlp_output:
  F_magnitude         : R² (all) = 0.3056, R² (last) = 0.6690
  F_direction_x       : R² (all) = 0.9658, R² (last) = 0.9852
  F_direction_y       : R² (all) = 0.9576, R² (last) = 0.9860
  Fx                  : R² (all) = 0.2198, R² (last) = 0.4090
  Fy                  : R² (all) = 0.2259, R² (last) = 0.5908
  r                   : R² (all) = 0.9492, R² (last) = 0.9937
  inv_r               : R² (all) = 0.6643, R² (last) = 0.8859
  r_squared           : R² (all) = 0.8879, R² (last) = 0.9868
  inv_r_squared       : R² (all) = 0.3056, R² (last) = 0.6690
  inv_r_cubed         : R² (all) = 0.0980, R² (last) = 0.4464
  x                   : R² (all) = 0.9935, R² (last) = 0.9991
  y                   : R² (all) = 0.9940, R² (last) = 0.9990

block_1_after_mlp_merge:
  F_magnitude         : R² (all) = 0.2842, R² (last) = 0.6163
  F_direction_x       : R² (all) = 0.9527, R² (last) = 0.9853
  F_direction_y       : R² (all) = 0.9464, R² (last) = 0.9827
  Fx                  : R² (all) = 0.1846, R² (last) = 0.3909
  Fy                  : R² (all) = 0.1858, R² (last) = 0.5788
  r                   : R² (all) = 0.8659, R² (last) = 0.9890
  inv_r               : R² (all) = 0.6310, R² (last) = 0.8631
  r_squared           : R² (all) = 0.7477, R² (last) = 0.9712
  inv_r_squared       : R² (all) = 0.2842, R² (last) = 0.6163
  inv_r_cubed         : R² (all) = 0.0911, R² (last) = 0.3781
  x                   : R² (all) = 0.9991, R² (last) = 1.0000
  y                   : R² (all) = 0.9988, R² (last) = 1.0000

after_ln_f:
  F_magnitude         : R² (all) = 0.2125, R² (last) = 0.5744
  F_direction_x       : R² (all) = 0.9321, R² (last) = 0.9783
  F_direction_y       : R² (all) = 0.9260, R² (last) = 0.9755
  Fx                  : R² (all) = 0.1669, R² (last) = 0.3746
  Fy                  : R² (all) = 0.1669, R² (last) = 0.5426
  r                   : R² (all) = 0.8945, R² (last) = 0.9804
  inv_r               : R² (all) = 0.5311, R² (last) = 0.8319
  r_squared           : R² (all) = 0.8324, R² (last) = 0.9734
  inv_r_squared       : R² (all) = 0.2125, R² (last) = 0.5744
  inv_r_cubed         : R² (all) = 0.0613, R² (last) = 0.3390
  x                   : R² (all) = 0.9917, R² (last) = 0.9987
  y                   : R² (all) = 0.9938, R² (last) = 0.9990
Evaluating on 500 trajectories...
Conditioning length: 50, Generating 50 more steps per trajectory...

Error Statistics (aggregated across all 500 trajectories):
Mean position error: 0.872897 ± 0.655994
Max position error: 4.327416
R² scores:
  X coordinate: -0.005724 ± 1.023010
  Y coordinate: -0.057894 ± 1.006552
Evaluating on 500 trajectories...
Conditioning length: 50, Generating 50 more steps per trajectory...

Error Statistics (aggregated across all 500 trajectories):
Mean position error: 0.866148 ± 0.639476
Max position error: 4.029845
R² scores:
  X coordinate: -0.005767 ± 0.987048
  Y coordinate: -0.089390 ± 0.991550
Evaluation at step 101 completed.

Step 200, Total Train Loss: 0.015621, Prediction Loss: 0.014709, Test Loss: 0.006095, Attention Entropy: 0.9125, Entropy Reg Loss: 0.000913, Entropy Reg Active: True, GPU Memory: 0.000 GB

Evaluating at step 201...
Activations collected:
  input_embed: torch.Size([1000, 99, 32])
  after_pos_emb: torch.Size([1000, 99, 32])
  block_0_attn_output: torch.Size([1000, 99, 32])
  block_0_after_attn_merge: torch.Size([1000, 99, 32])
  block_0_mlp_hidden: torch.Size([1000, 99, 128])
  block_0_mlp_output: torch.Size([1000, 99, 32])
  block_0_after_mlp_merge: torch.Size([1000, 99, 32])
  block_1_attn_output: torch.Size([1000, 99, 32])
  block_1_after_attn_merge: torch.Size([1000, 99, 32])
  block_1_mlp_hidden: torch.Size([1000, 99, 128])
  block_1_mlp_output: torch.Size([1000, 99, 32])
  block_1_after_mlp_merge: torch.Size([1000, 99, 32])
  after_ln_f: torch.Size([1000, 99, 32])

Linear Probe Results (R² scores):
================================================================================

input_embed:
  F_magnitude         : R² (all) = 0.0000, R² (last) = 0.0001
  F_direction_x       : R² (all) = 0.8232, R² (last) = 0.8220
  F_direction_y       : R² (all) = 0.8265, R² (last) = 0.8235
  Fx                  : R² (all) = 0.0695, R² (last) = 0.0785
  Fy                  : R² (all) = 0.0676, R² (last) = 0.0563
  r                   : R² (all) = 0.0018, R² (last) = 0.0015
  inv_r               : R² (all) = 0.0002, R² (last) = 0.0006
  r_squared           : R² (all) = 0.0031, R² (last) = 0.0018
  inv_r_squared       : R² (all) = 0.0000, R² (last) = 0.0002
  inv_r_cubed         : R² (all) = 0.0000, R² (last) = 0.0000
  x                   : R² (all) = 1.0000, R² (last) = 1.0000
  y                   : R² (all) = 1.0000, R² (last) = 1.0000

after_pos_emb:
  F_magnitude         : R² (all) = 0.0331, R² (last) = 0.0002
  F_direction_x       : R² (all) = 0.8232, R² (last) = 0.8220
  F_direction_y       : R² (all) = 0.8265, R² (last) = 0.8235
  Fx                  : R² (all) = 0.0696, R² (last) = 0.0785
  Fy                  : R² (all) = 0.0679, R² (last) = 0.0563
  r                   : R² (all) = 0.0622, R² (last) = 0.0018
  inv_r               : R² (all) = 0.0433, R² (last) = 0.0006
  r_squared           : R² (all) = 0.0685, R² (last) = 0.0020
  inv_r_squared       : R² (all) = 0.0331, R² (last) = 0.0002
  inv_r_cubed         : R² (all) = 0.0212, R² (last) = 0.0000
  x                   : R² (all) = 1.0000, R² (last) = 1.0000
  y                   : R² (all) = 1.0000, R² (last) = 1.0000

block_0_attn_output:
  F_magnitude         : R² (all) = 0.2975, R² (last) = 0.5737
  F_direction_x       : R² (all) = 0.8540, R² (last) = 0.9412
  F_direction_y       : R² (all) = 0.8193, R² (last) = 0.8779
  Fx                  : R² (all) = 0.0941, R² (last) = 0.4675
  Fy                  : R² (all) = 0.0715, R² (last) = 0.2751
  r                   : R² (all) = 0.8130, R² (last) = 0.8881
  inv_r               : R² (all) = 0.6423, R² (last) = 0.7721
  r_squared           : R² (all) = 0.6899, R² (last) = 0.8368
  inv_r_squared       : R² (all) = 0.2975, R² (last) = 0.5736
  inv_r_cubed         : R² (all) = 0.0932, R² (last) = 0.4091
  x                   : R² (all) = 0.8803, R² (last) = 0.8909
  y                   : R² (all) = 0.8718, R² (last) = 0.8720

block_0_after_attn_merge:
  F_magnitude         : R² (all) = 0.3358, R² (last) = 0.6639
  F_direction_x       : R² (all) = 0.9449, R² (last) = 0.9848
  F_direction_y       : R² (all) = 0.9381, R² (last) = 0.9583
  Fx                  : R² (all) = 0.1275, R² (last) = 0.5538
  Fy                  : R² (all) = 0.1202, R² (last) = 0.3513
  r                   : R² (all) = 0.9070, R² (last) = 0.9637
  inv_r               : R² (all) = 0.7206, R² (last) = 0.8699
  r_squared           : R² (all) = 0.7707, R² (last) = 0.9075
  inv_r_squared       : R² (all) = 0.3358, R² (last) = 0.6639
  inv_r_cubed         : R² (all) = 0.1027, R² (last) = 0.4835
  x                   : R² (all) = 0.9545, R² (last) = 0.9762
  y                   : R² (all) = 0.9543, R² (last) = 0.9691

block_0_mlp_hidden:
  F_magnitude         : R² (all) = 0.5147, R² (last) = 0.9311
  F_direction_x       : R² (all) = 0.9853, R² (last) = 0.9988
  F_direction_y       : R² (all) = 0.9826, R² (last) = 0.9986
  Fx                  : R² (all) = 0.3668, R² (last) = 0.8537
  Fy                  : R² (all) = 0.3473, R² (last) = 0.8297
  r                   : R² (all) = 0.9830, R² (last) = 0.9997
  inv_r               : R² (all) = 0.8534, R² (last) = 0.9859
  r_squared           : R² (all) = 0.9490, R² (last) = 0.9981
  inv_r_squared       : R² (all) = 0.5147, R² (last) = 0.9311
  inv_r_cubed         : R² (all) = 0.2122, R² (last) = 0.8431
  x                   : R² (all) = 0.9948, R² (last) = 0.9998
  y                   : R² (all) = 0.9942, R² (last) = 0.9998

block_0_mlp_output:
  F_magnitude         : R² (all) = 0.3673, R² (last) = 0.7287
  F_direction_x       : R² (all) = 0.9723, R² (last) = 0.9914
  F_direction_y       : R² (all) = 0.9638, R² (last) = 0.9901
  Fx                  : R² (all) = 0.2903, R² (last) = 0.6115
  Fy                  : R² (all) = 0.2480, R² (last) = 0.5299
  r                   : R² (all) = 0.9373, R² (last) = 0.9966
  inv_r               : R² (all) = 0.7477, R² (last) = 0.9181
  r_squared           : R² (all) = 0.8322, R² (last) = 0.9853
  inv_r_squared       : R² (all) = 0.3673, R² (last) = 0.7287
  inv_r_cubed         : R² (all) = 0.1178, R² (last) = 0.5282
  x                   : R² (all) = 0.9838, R² (last) = 0.9986
  y                   : R² (all) = 0.9750, R² (last) = 0.9981

block_0_after_mlp_merge:
  F_magnitude         : R² (all) = 0.3302, R² (last) = 0.7263
  F_direction_x       : R² (all) = 0.9607, R² (last) = 0.9907
  F_direction_y       : R² (all) = 0.9583, R² (last) = 0.9884
  Fx                  : R² (all) = 0.2301, R² (last) = 0.5847
  Fy                  : R² (all) = 0.2290, R² (last) = 0.5399
  r                   : R² (all) = 0.8935, R² (last) = 0.9931
  inv_r               : R² (all) = 0.7073, R² (last) = 0.9183
  r_squared           : R² (all) = 0.7661, R² (last) = 0.9761
  inv_r_squared       : R² (all) = 0.3302, R² (last) = 0.7263
  inv_r_cubed         : R² (all) = 0.1006, R² (last) = 0.5176
  x                   : R² (all) = 0.9984, R² (last) = 1.0000
  y                   : R² (all) = 0.9996, R² (last) = 1.0000

block_1_attn_output:
  F_magnitude         : R² (all) = 0.2563, R² (last) = 0.3277
  F_direction_x       : R² (all) = 0.7130, R² (last) = 0.6730
  F_direction_y       : R² (all) = 0.6934, R² (last) = 0.8085
  Fx                  : R² (all) = 0.0852, R² (last) = -0.2949
  Fy                  : R² (all) = 0.0697, R² (last) = 0.0939
  r                   : R² (all) = 0.8118, R² (last) = 0.8979
  inv_r               : R² (all) = 0.5744, R² (last) = 0.6545
  r_squared           : R² (all) = 0.7631, R² (last) = 0.8392
  inv_r_squared       : R² (all) = 0.2562, R² (last) = 0.3276
  inv_r_cubed         : R² (all) = 0.0769, R² (last) = 0.1439
  x                   : R² (all) = 0.8254, R² (last) = 0.8728
  y                   : R² (all) = 0.8356, R² (last) = 0.8915

block_1_after_attn_merge:
  F_magnitude         : R² (all) = 0.2650, R² (last) = 0.6668
  F_direction_x       : R² (all) = 0.9533, R² (last) = 0.9874
  F_direction_y       : R² (all) = 0.9451, R² (last) = 0.9845
  Fx                  : R² (all) = 0.2371, R² (last) = 0.5252
  Fy                  : R² (all) = 0.2218, R² (last) = 0.5061
  r                   : R² (all) = 0.9675, R² (last) = 0.9953
  inv_r               : R² (all) = 0.6250, R² (last) = 0.8925
  r_squared           : R² (all) = 0.9078, R² (last) = 0.9888
  inv_r_squared       : R² (all) = 0.2650, R² (last) = 0.6668
  inv_r_cubed         : R² (all) = 0.0748, R² (last) = 0.4471
  x                   : R² (all) = 0.9923, R² (last) = 0.9989
  y                   : R² (all) = 0.9918, R² (last) = 0.9987

block_1_mlp_hidden:
  F_magnitude         : R² (all) = 0.4580, R² (last) = 0.8634
  F_direction_x       : R² (all) = 0.9833, R² (last) = 0.9977
  F_direction_y       : R² (all) = 0.9803, R² (last) = 0.9964
  Fx                  : R² (all) = 0.3659, R² (last) = 0.7796
  Fy                  : R² (all) = 0.3528, R² (last) = 0.6745
  r                   : R² (all) = 0.9910, R² (last) = 0.9998
  inv_r               : R² (all) = 0.8084, R² (last) = 0.9652
  r_squared           : R² (all) = 0.9924, R² (last) = 0.9999
  inv_r_squared       : R² (all) = 0.4580, R² (last) = 0.8634
  inv_r_cubed         : R² (all) = 0.1765, R² (last) = 0.7325
  x                   : R² (all) = 0.9987, R² (last) = 1.0000
  y                   : R² (all) = 0.9986, R² (last) = 1.0000

block_1_mlp_output:
  F_magnitude         : R² (all) = 0.2957, R² (last) = 0.6143
  F_direction_x       : R² (all) = 0.9631, R² (last) = 0.9874
  F_direction_y       : R² (all) = 0.9562, R² (last) = 0.9821
  Fx                  : R² (all) = 0.2526, R² (last) = 0.5524
  Fy                  : R² (all) = 0.2554, R² (last) = 0.4635
  r                   : R² (all) = 0.9734, R² (last) = 0.9952
  inv_r               : R² (all) = 0.6541, R² (last) = 0.8567
  r_squared           : R² (all) = 0.9479, R² (last) = 0.9964
  inv_r_squared       : R² (all) = 0.2957, R² (last) = 0.6143
  inv_r_cubed         : R² (all) = 0.0888, R² (last) = 0.3960
  x                   : R² (all) = 0.9957, R² (last) = 0.9994
  y                   : R² (all) = 0.9955, R² (last) = 0.9992

block_1_after_mlp_merge:
  F_magnitude         : R² (all) = 0.3053, R² (last) = 0.6701
  F_direction_x       : R² (all) = 0.9676, R² (last) = 0.9908
  F_direction_y       : R² (all) = 0.9571, R² (last) = 0.9853
  Fx                  : R² (all) = 0.2639, R² (last) = 0.5856
  Fy                  : R² (all) = 0.2394, R² (last) = 0.4966
  r                   : R² (all) = 0.9343, R² (last) = 0.9943
  inv_r               : R² (all) = 0.6748, R² (last) = 0.8941
  r_squared           : R² (all) = 0.8425, R² (last) = 0.9800
  inv_r_squared       : R² (all) = 0.3053, R² (last) = 0.6701
  inv_r_cubed         : R² (all) = 0.0919, R² (last) = 0.4505
  x                   : R² (all) = 0.9968, R² (last) = 1.0000
  y                   : R² (all) = 0.9974, R² (last) = 1.0000

after_ln_f:
  F_magnitude         : R² (all) = 0.2418, R² (last) = 0.6037
  F_direction_x       : R² (all) = 0.9475, R² (last) = 0.9887
  F_direction_y       : R² (all) = 0.9334, R² (last) = 0.9804
  Fx                  : R² (all) = 0.2314, R² (last) = 0.5436
  Fy                  : R² (all) = 0.2078, R² (last) = 0.4776
  r                   : R² (all) = 0.9540, R² (last) = 0.9927
  inv_r               : R² (all) = 0.5770, R² (last) = 0.8565
  r_squared           : R² (all) = 0.9353, R² (last) = 0.9902
  inv_r_squared       : R² (all) = 0.2418, R² (last) = 0.6037
  inv_r_cubed         : R² (all) = 0.0689, R² (last) = 0.3799
  x                   : R² (all) = 0.9966, R² (last) = 0.9996
  y                   : R² (all) = 0.9964, R² (last) = 0.9994
Evaluating on 500 trajectories...
Conditioning length: 50, Generating 50 more steps per trajectory...

Error Statistics (aggregated across all 500 trajectories):
Mean position error: 0.682979 ± 0.569423
Max position error: 3.856972
R² scores:
  X coordinate: 0.294384 ± 0.701652
  Y coordinate: 0.259624 ± 0.797582
Evaluating on 500 trajectories...
Conditioning length: 50, Generating 50 more steps per trajectory...

Error Statistics (aggregated across all 500 trajectories):
Mean position error: 0.683153 ± 0.568263
Max position error: 3.835967
R² scores:
  X coordinate: 0.299147 ± 0.697780
  Y coordinate: 0.255966 ± 0.814215
Evaluation at step 201 completed.

Step 300, Total Train Loss: 0.013163, Prediction Loss: 0.012260, Test Loss: 0.003058, Attention Entropy: 0.9032, Entropy Reg Loss: 0.000903, Entropy Reg Active: True, GPU Memory: 0.000 GB

Evaluating at step 301...
Activations collected:
  input_embed: torch.Size([1000, 99, 32])
  after_pos_emb: torch.Size([1000, 99, 32])
  block_0_attn_output: torch.Size([1000, 99, 32])
  block_0_after_attn_merge: torch.Size([1000, 99, 32])
  block_0_mlp_hidden: torch.Size([1000, 99, 128])
  block_0_mlp_output: torch.Size([1000, 99, 32])
  block_0_after_mlp_merge: torch.Size([1000, 99, 32])
  block_1_attn_output: torch.Size([1000, 99, 32])
  block_1_after_attn_merge: torch.Size([1000, 99, 32])
  block_1_mlp_hidden: torch.Size([1000, 99, 128])
  block_1_mlp_output: torch.Size([1000, 99, 32])
  block_1_after_mlp_merge: torch.Size([1000, 99, 32])
  after_ln_f: torch.Size([1000, 99, 32])

Linear Probe Results (R² scores):
================================================================================

input_embed:
  F_magnitude         : R² (all) = 0.0001, R² (last) = -0.0003
  F_direction_x       : R² (all) = 0.8277, R² (last) = 0.8244
  F_direction_y       : R² (all) = 0.8277, R² (last) = 0.8244
  Fx                  : R² (all) = 0.0603, R² (last) = 0.0468
  Fy                  : R² (all) = 0.0631, R² (last) = 0.0546
  r                   : R² (all) = 0.0023, R² (last) = 0.0004
  inv_r               : R² (all) = 0.0004, R² (last) = -0.0004
  r_squared           : R² (all) = 0.0035, R² (last) = 0.0006
  inv_r_squared       : R² (all) = 0.0001, R² (last) = -0.0004
  inv_r_cubed         : R² (all) = 0.0000, R² (last) = -0.0003
  x                   : R² (all) = 1.0000, R² (last) = 1.0000
  y                   : R² (all) = 1.0000, R² (last) = 1.0000

after_pos_emb:
  F_magnitude         : R² (all) = 0.0395, R² (last) = -0.0000
  F_direction_x       : R² (all) = 0.8277, R² (last) = 0.8244
  F_direction_y       : R² (all) = 0.8277, R² (last) = 0.8244
  Fx                  : R² (all) = 0.0604, R² (last) = 0.0469
  Fy                  : R² (all) = 0.0632, R² (last) = 0.0547
  r                   : R² (all) = 0.0660, R² (last) = 0.0008
  inv_r               : R² (all) = 0.0484, R² (last) = 0.0001
  r_squared           : R² (all) = 0.0747, R² (last) = 0.0011
  inv_r_squared       : R² (all) = 0.0395, R² (last) = -0.0000
  inv_r_cubed         : R² (all) = 0.0241, R² (last) = -0.0000
  x                   : R² (all) = 1.0000, R² (last) = 1.0000
  y                   : R² (all) = 1.0000, R² (last) = 1.0000

block_0_attn_output:
  F_magnitude         : R² (all) = 0.2929, R² (last) = 0.5177
  F_direction_x       : R² (all) = 0.8534, R² (last) = 0.9170
  F_direction_y       : R² (all) = 0.8422, R² (last) = 0.9195
  Fx                  : R² (all) = 0.0761, R² (last) = 0.3125
  Fy                  : R² (all) = 0.0792, R² (last) = 0.3184
  r                   : R² (all) = 0.8222, R² (last) = 0.8923
  inv_r               : R² (all) = 0.6192, R² (last) = 0.7490
  r_squared           : R² (all) = 0.7047, R² (last) = 0.8375
  inv_r_squared       : R² (all) = 0.2929, R² (last) = 0.5176
  inv_r_cubed         : R² (all) = 0.0922, R² (last) = 0.3227
  x                   : R² (all) = 0.8782, R² (last) = 0.9003
  y                   : R² (all) = 0.8754, R² (last) = 0.8835

block_0_after_attn_merge:
  F_magnitude         : R² (all) = 0.3814, R² (last) = 0.6449
  F_direction_x       : R² (all) = 0.9539, R² (last) = 0.9778
  F_direction_y       : R² (all) = 0.9505, R² (last) = 0.9752
  Fx                  : R² (all) = 0.1175, R² (last) = 0.4182
  Fy                  : R² (all) = 0.1201, R² (last) = 0.3898
  r                   : R² (all) = 0.8981, R² (last) = 0.9579
  inv_r               : R² (all) = 0.7588, R² (last) = 0.8784
  r_squared           : R² (all) = 0.7449, R² (last) = 0.8852
  inv_r_squared       : R² (all) = 0.3814, R² (last) = 0.6449
  inv_r_cubed         : R² (all) = 0.1203, R² (last) = 0.4264
  x                   : R² (all) = 0.9480, R² (last) = 0.9717
  y                   : R² (all) = 0.9515, R² (last) = 0.9707

block_0_mlp_hidden:
  F_magnitude         : R² (all) = 0.5762, R² (last) = 0.9135
  F_direction_x       : R² (all) = 0.9897, R² (last) = 0.9989
  F_direction_y       : R² (all) = 0.9886, R² (last) = 0.9985
  Fx                  : R² (all) = 0.3860, R² (last) = 0.8012
  Fy                  : R² (all) = 0.3930, R² (last) = 0.7859
  r                   : R² (all) = 0.9805, R² (last) = 0.9996
  inv_r               : R² (all) = 0.8835, R² (last) = 0.9828
  r_squared           : R² (all) = 0.9388, R² (last) = 0.9971
  inv_r_squared       : R² (all) = 0.5762, R² (last) = 0.9135
  inv_r_cubed         : R² (all) = 0.2396, R² (last) = 0.7934
  x                   : R² (all) = 0.9940, R² (last) = 0.9996
  y                   : R² (all) = 0.9942, R² (last) = 0.9997

block_0_mlp_output:
  F_magnitude         : R² (all) = 0.4288, R² (last) = 0.7356
  F_direction_x       : R² (all) = 0.9782, R² (last) = 0.9938
  F_direction_y       : R² (all) = 0.9716, R² (last) = 0.9924
  Fx                  : R² (all) = 0.2872, R² (last) = 0.5765
  Fy                  : R² (all) = 0.2625, R² (last) = 0.5645
  r                   : R² (all) = 0.9225, R² (last) = 0.9951
  inv_r               : R² (all) = 0.7926, R² (last) = 0.9264
  r_squared           : R² (all) = 0.8005, R² (last) = 0.9799
  inv_r_squared       : R² (all) = 0.4288, R² (last) = 0.7355
  inv_r_cubed         : R² (all) = 0.1452, R² (last) = 0.5157
  x                   : R² (all) = 0.9814, R² (last) = 0.9981
  y                   : R² (all) = 0.9736, R² (last) = 0.9974

block_0_after_mlp_merge:
  F_magnitude         : R² (all) = 0.3764, R² (last) = 0.7302
  F_direction_x       : R² (all) = 0.9676, R² (last) = 0.9931
  F_direction_y       : R² (all) = 0.9697, R² (last) = 0.9921
  Fx                  : R² (all) = 0.2288, R² (last) = 0.5525
  Fy                  : R² (all) = 0.2569, R² (last) = 0.5261
  r                   : R² (all) = 0.8954, R² (last) = 0.9930
  inv_r               : R² (all) = 0.7464, R² (last) = 0.9241
  r_squared           : R² (all) = 0.7607, R² (last) = 0.9741
  inv_r_squared       : R² (all) = 0.3764, R² (last) = 0.7302
  inv_r_cubed         : R² (all) = 0.1177, R² (last) = 0.5082
  x                   : R² (all) = 0.9980, R² (last) = 1.0000
  y                   : R² (all) = 0.9992, R² (last) = 1.0000

block_1_attn_output:
  F_magnitude         : R² (all) = 0.2586, R² (last) = 0.3639
  F_direction_x       : R² (all) = 0.6374, R² (last) = 0.7807
  F_direction_y       : R² (all) = 0.6744, R² (last) = 0.8694
  Fx                  : R² (all) = 0.0568, R² (last) = 0.1445
  Fy                  : R² (all) = 0.0692, R² (last) = 0.1951
  r                   : R² (all) = 0.7929, R² (last) = 0.8948
  inv_r               : R² (all) = 0.5534, R² (last) = 0.6351
  r_squared           : R² (all) = 0.7564, R² (last) = 0.8730
  inv_r_squared       : R² (all) = 0.2586, R² (last) = 0.3641
  inv_r_cubed         : R² (all) = 0.0786, R² (last) = 0.1951
  x                   : R² (all) = 0.7708, R² (last) = 0.8599
  y                   : R² (all) = 0.8026, R² (last) = 0.9230

block_1_after_attn_merge:
  F_magnitude         : R² (all) = 0.2815, R² (last) = 0.6725
  F_direction_x       : R² (all) = 0.9544, R² (last) = 0.9883
  F_direction_y       : R² (all) = 0.9480, R² (last) = 0.9863
  Fx                  : R² (all) = 0.2174, R² (last) = 0.4827
  Fy                  : R² (all) = 0.2328, R² (last) = 0.4546
  r                   : R² (all) = 0.9687, R² (last) = 0.9943
  inv_r               : R² (all) = 0.6211, R² (last) = 0.8953
  r_squared           : R² (all) = 0.9227, R² (last) = 0.9860
  inv_r_squared       : R² (all) = 0.2815, R² (last) = 0.6725
  inv_r_cubed         : R² (all) = 0.0819, R² (last) = 0.4456
  x                   : R² (all) = 0.9919, R² (last) = 0.9987
  y                   : R² (all) = 0.9915, R² (last) = 0.9986

block_1_mlp_hidden:
  F_magnitude         : R² (all) = 0.4920, R² (last) = 0.8654
  F_direction_x       : R² (all) = 0.9822, R² (last) = 0.9978
  F_direction_y       : R² (all) = 0.9819, R² (last) = 0.9974
  Fx                  : R² (all) = 0.3434, R² (last) = 0.7465
  Fy                  : R² (all) = 0.3790, R² (last) = 0.7615
  r                   : R² (all) = 0.9906, R² (last) = 0.9998
  inv_r               : R² (all) = 0.8204, R² (last) = 0.9671
  r_squared           : R² (all) = 0.9930, R² (last) = 0.9999
  inv_r_squared       : R² (all) = 0.4920, R² (last) = 0.8654
  inv_r_cubed         : R² (all) = 0.1872, R² (last) = 0.7229
  x                   : R² (all) = 0.9986, R² (last) = 1.0000
  y                   : R² (all) = 0.9985, R² (last) = 1.0000

block_1_mlp_output:
  F_magnitude         : R² (all) = 0.3129, R² (last) = 0.6467
  F_direction_x       : R² (all) = 0.9590, R² (last) = 0.9839
  F_direction_y       : R² (all) = 0.9534, R² (last) = 0.9840
  Fx                  : R² (all) = 0.2257, R² (last) = 0.4764
  Fy                  : R² (all) = 0.2556, R² (last) = 0.4417
  r                   : R² (all) = 0.9706, R² (last) = 0.9953
  inv_r               : R² (all) = 0.6508, R² (last) = 0.8672
  r_squared           : R² (all) = 0.9567, R² (last) = 0.9962
  inv_r_squared       : R² (all) = 0.3129, R² (last) = 0.6467
  inv_r_cubed         : R² (all) = 0.0957, R² (last) = 0.4385
  x                   : R² (all) = 0.9946, R² (last) = 0.9992
  y                   : R² (all) = 0.9944, R² (last) = 0.9992

block_1_after_mlp_merge:
  F_magnitude         : R² (all) = 0.3402, R² (last) = 0.7004
  F_direction_x       : R² (all) = 0.9707, R² (last) = 0.9910
  F_direction_y       : R² (all) = 0.9661, R² (last) = 0.9900
  Fx                  : R² (all) = 0.2629, R² (last) = 0.5170
  Fy                  : R² (all) = 0.2643, R² (last) = 0.4953
  r                   : R² (all) = 0.9420, R² (last) = 0.9927
  inv_r               : R² (all) = 0.6955, R² (last) = 0.9087
  r_squared           : R² (all) = 0.8567, R² (last) = 0.9762
  inv_r_squared       : R² (all) = 0.3402, R² (last) = 0.7004
  inv_r_cubed         : R² (all) = 0.1062, R² (last) = 0.4813
  x                   : R² (all) = 0.9960, R² (last) = 1.0000
  y                   : R² (all) = 0.9969, R² (last) = 1.0000

after_ln_f:
  F_magnitude         : R² (all) = 0.2776, R² (last) = 0.6291
  F_direction_x       : R² (all) = 0.9530, R² (last) = 0.9882
  F_direction_y       : R² (all) = 0.9426, R² (last) = 0.9864
  Fx                  : R² (all) = 0.2264, R² (last) = 0.4822
  Fy                  : R² (all) = 0.2235, R² (last) = 0.4519
  r                   : R² (all) = 0.9594, R² (last) = 0.9943
  inv_r               : R² (all) = 0.6060, R² (last) = 0.8707
  r_squared           : R² (all) = 0.9401, R² (last) = 0.9869
  inv_r_squared       : R² (all) = 0.2776, R² (last) = 0.6291
  inv_r_cubed         : R² (all) = 0.0826, R² (last) = 0.4098
  x                   : R² (all) = 0.9970, R² (last) = 0.9996
  y                   : R² (all) = 0.9967, R² (last) = 0.9996
Evaluating on 500 trajectories...
Conditioning length: 50, Generating 50 more steps per trajectory...

Error Statistics (aggregated across all 500 trajectories):
Mean position error: 0.801147 ± 0.687329
Max position error: 4.504052
R² scores:
  X coordinate: 0.024813 ± 0.993231
  Y coordinate: 0.148674 ± 0.778967
Evaluating on 500 trajectories...
Conditioning length: 50, Generating 50 more steps per trajectory...

Error Statistics (aggregated across all 500 trajectories):
Mean position error: 0.771761 ± 0.638572
Max position error: 4.417059
R² scores:
  X coordinate: 0.073546 ± 0.886540
  Y coordinate: 0.193956 ± 0.660556
Evaluation at step 301 completed.

Step 400, Total Train Loss: 0.012728, Prediction Loss: 0.011835, Test Loss: 0.002798, Attention Entropy: 0.8927, Entropy Reg Loss: 0.000893, Entropy Reg Active: True, GPU Memory: 0.000 GB

Evaluating at step 401...
Activations collected:
  input_embed: torch.Size([1000, 99, 32])
  after_pos_emb: torch.Size([1000, 99, 32])
  block_0_attn_output: torch.Size([1000, 99, 32])
  block_0_after_attn_merge: torch.Size([1000, 99, 32])
  block_0_mlp_hidden: torch.Size([1000, 99, 128])
  block_0_mlp_output: torch.Size([1000, 99, 32])
  block_0_after_mlp_merge: torch.Size([1000, 99, 32])
  block_1_attn_output: torch.Size([1000, 99, 32])
  block_1_after_attn_merge: torch.Size([1000, 99, 32])
  block_1_mlp_hidden: torch.Size([1000, 99, 128])
  block_1_mlp_output: torch.Size([1000, 99, 32])
  block_1_after_mlp_merge: torch.Size([1000, 99, 32])
  after_ln_f: torch.Size([1000, 99, 32])

Linear Probe Results (R² scores):
================================================================================

input_embed:
  F_magnitude         : R² (all) = 0.0002, R² (last) = 0.0013
  F_direction_x       : R² (all) = 0.8296, R² (last) = 0.8395
  F_direction_y       : R² (all) = 0.8297, R² (last) = 0.8328
  Fx                  : R² (all) = 0.0623, R² (last) = 0.0877
  Fy                  : R² (all) = 0.0652, R² (last) = 0.1212
  r                   : R² (all) = 0.0012, R² (last) = 0.0034
  inv_r               : R² (all) = 0.0006, R² (last) = 0.0021
  r_squared           : R² (all) = 0.0013, R² (last) = 0.0037
  inv_r_squared       : R² (all) = 0.0002, R² (last) = 0.0013
  inv_r_cubed         : R² (all) = 0.0000, R² (last) = 0.0006
  x                   : R² (all) = 1.0000, R² (last) = 1.0000
  y                   : R² (all) = 1.0000, R² (last) = 1.0000

after_pos_emb:
  F_magnitude         : R² (all) = 0.0360, R² (last) = 0.0013
  F_direction_x       : R² (all) = 0.8296, R² (last) = 0.8395
  F_direction_y       : R² (all) = 0.8297, R² (last) = 0.8328
  Fx                  : R² (all) = 0.0625, R² (last) = 0.0877
  Fy                  : R² (all) = 0.0656, R² (last) = 0.1212
  r                   : R² (all) = 0.0652, R² (last) = 0.0033
  inv_r               : R² (all) = 0.0485, R² (last) = 0.0021
  r_squared           : R² (all) = 0.0718, R² (last) = 0.0036
  inv_r_squared       : R² (all) = 0.0360, R² (last) = 0.0013
  inv_r_cubed         : R² (all) = 0.0218, R² (last) = 0.0006
  x                   : R² (all) = 1.0000, R² (last) = 1.0000
  y                   : R² (all) = 1.0000, R² (last) = 1.0000

block_0_attn_output:
  F_magnitude         : R² (all) = 0.2677, R² (last) = 0.4509
  F_direction_x       : R² (all) = 0.8629, R² (last) = 0.8708
  F_direction_y       : R² (all) = 0.8586, R² (last) = 0.9254
  Fx                  : R² (all) = 0.0736, R² (last) = 0.5055
  Fy                  : R² (all) = 0.0899, R² (last) = 0.4543
  r                   : R² (all) = 0.8322, R² (last) = 0.8588
  inv_r               : R² (all) = 0.6230, R² (last) = 0.8118
  r_squared           : R² (all) = 0.7123, R² (last) = 0.7788
  inv_r_squared       : R² (all) = 0.2677, R² (last) = 0.4507
  inv_r_cubed         : R² (all) = 0.0762, R² (last) = 0.0744
  x                   : R² (all) = 0.8863, R² (last) = 0.9049
  y                   : R² (all) = 0.8842, R² (last) = 0.8429

block_0_after_attn_merge:
  F_magnitude         : R² (all) = 0.3769, R² (last) = 0.7653
  F_direction_x       : R² (all) = 0.9610, R² (last) = 0.9865
  F_direction_y       : R² (all) = 0.9592, R² (last) = 0.9851
  Fx                  : R² (all) = 0.1270, R² (last) = 0.5961
  Fy                  : R² (all) = 0.1369, R² (last) = 0.6547
  r                   : R² (all) = 0.8717, R² (last) = 0.9546
  inv_r               : R² (all) = 0.7750, R² (last) = 0.9349
  r_squared           : R² (all) = 0.7118, R² (last) = 0.8871
  inv_r_squared       : R² (all) = 0.3769, R² (last) = 0.7653
  inv_r_cubed         : R² (all) = 0.1193, R² (last) = 0.5312
  x                   : R² (all) = 0.9462, R² (last) = 0.9715
  y                   : R² (all) = 0.9503, R² (last) = 0.9733

block_0_mlp_hidden:
  F_magnitude         : R² (all) = 0.5693, R² (last) = 0.9702
  F_direction_x       : R² (all) = 0.9917, R² (last) = 0.9996
  F_direction_y       : R² (all) = 0.9911, R² (last) = 0.9994
  Fx                  : R² (all) = 0.4088, R² (last) = 0.9203
  Fy                  : R² (all) = 0.4048, R² (last) = 0.9377
  r                   : R² (all) = 0.9772, R² (last) = 0.9995
  inv_r               : R² (all) = 0.8896, R² (last) = 0.9957
  r_squared           : R² (all) = 0.9258, R² (last) = 0.9969
  inv_r_squared       : R² (all) = 0.5693, R² (last) = 0.9702
  inv_r_cubed         : R² (all) = 0.2533, R² (last) = 0.9113
  x                   : R² (all) = 0.9934, R² (last) = 0.9997
  y                   : R² (all) = 0.9939, R² (last) = 0.9997

block_0_mlp_output:
  F_magnitude         : R² (all) = 0.4239, R² (last) = 0.8258
  F_direction_x       : R² (all) = 0.9806, R² (last) = 0.9961
  F_direction_y       : R² (all) = 0.9748, R² (last) = 0.9960
  Fx                  : R² (all) = 0.2866, R² (last) = 0.6804
  Fy                  : R² (all) = 0.2606, R² (last) = 0.7669
  r                   : R² (all) = 0.8991, R² (last) = 0.9949
  inv_r               : R² (all) = 0.8053, R² (last) = 0.9636
  r_squared           : R² (all) = 0.7689, R² (last) = 0.9782
  inv_r_squared       : R² (all) = 0.4239, R² (last) = 0.8258
  inv_r_cubed         : R² (all) = 0.1470, R² (last) = 0.6000
  x                   : R² (all) = 0.9767, R² (last) = 0.9980
  y                   : R² (all) = 0.9697, R² (last) = 0.9973

block_0_after_mlp_merge:
  F_magnitude         : R² (all) = 0.3705, R² (last) = 0.8336
  F_direction_x       : R² (all) = 0.9747, R² (last) = 0.9956
  F_direction_y       : R² (all) = 0.9737, R² (last) = 0.9955
  Fx                  : R² (all) = 0.2515, R² (last) = 0.6660
  Fy                  : R² (all) = 0.2711, R² (last) = 0.7746
  r                   : R² (all) = 0.8749, R² (last) = 0.9922
  inv_r               : R² (all) = 0.7570, R² (last) = 0.9650
  r_squared           : R² (all) = 0.7368, R² (last) = 0.9707
  inv_r_squared       : R² (all) = 0.3705, R² (last) = 0.8336
  inv_r_cubed         : R² (all) = 0.1174, R² (last) = 0.6141
  x                   : R² (all) = 0.9979, R² (last) = 1.0000
  y                   : R² (all) = 0.9992, R² (last) = 1.0000

block_1_attn_output:
  F_magnitude         : R² (all) = 0.2558, R² (last) = 0.4798
  F_direction_x       : R² (all) = 0.6214, R² (last) = 0.8293
  F_direction_y       : R² (all) = 0.6591, R² (last) = 0.8953
  Fx                  : R² (all) = 0.0580, R² (last) = 0.2888
  Fy                  : R² (all) = 0.0794, R² (last) = 0.4233
  r                   : R² (all) = 0.8009, R² (last) = 0.9000
  inv_r               : R² (all) = 0.5727, R² (last) = 0.7304
  r_squared           : R² (all) = 0.7583, R² (last) = 0.8739
  inv_r_squared       : R² (all) = 0.2558, R² (last) = 0.4798
  inv_r_cubed         : R² (all) = 0.0778, R² (last) = 0.2450
  x                   : R² (all) = 0.7636, R² (last) = 0.8817
  y                   : R² (all) = 0.7861, R² (last) = 0.9228

block_1_after_attn_merge:
  F_magnitude         : R² (all) = 0.2858, R² (last) = 0.7393
  F_direction_x       : R² (all) = 0.9569, R² (last) = 0.9914
  F_direction_y       : R² (all) = 0.9499, R² (last) = 0.9917
  Fx                  : R² (all) = 0.2262, R² (last) = 0.5455
  Fy                  : R² (all) = 0.2348, R² (last) = 0.7129
  r                   : R² (all) = 0.9633, R² (last) = 0.9929
  inv_r               : R² (all) = 0.6422, R² (last) = 0.9290
  r_squared           : R² (all) = 0.9122, R² (last) = 0.9842
  inv_r_squared       : R² (all) = 0.2858, R² (last) = 0.7393
  inv_r_cubed         : R² (all) = 0.0866, R² (last) = 0.4748
  x                   : R² (all) = 0.9895, R² (last) = 0.9984
  y                   : R² (all) = 0.9890, R² (last) = 0.9984

block_1_mlp_hidden:
  F_magnitude         : R² (all) = 0.4733, R² (last) = 0.8923
  F_direction_x       : R² (all) = 0.9833, R² (last) = 0.9987
  F_direction_y       : R² (all) = 0.9815, R² (last) = 0.9987
  Fx                  : R² (all) = 0.3468, R² (last) = 0.8045
  Fy                  : R² (all) = 0.3674, R² (last) = 0.8848
  r                   : R² (all) = 0.9903, R² (last) = 0.9999
  inv_r               : R² (all) = 0.8217, R² (last) = 0.9783
  r_squared           : R² (all) = 0.9919, R² (last) = 0.9999
  inv_r_squared       : R² (all) = 0.4733, R² (last) = 0.8923
  inv_r_cubed         : R² (all) = 0.1867, R² (last) = 0.7419
  x                   : R² (all) = 0.9985, R² (last) = 1.0000
  y                   : R² (all) = 0.9985, R² (last) = 1.0000

block_1_mlp_output:
  F_magnitude         : R² (all) = 0.3060, R² (last) = 0.6818
  F_direction_x       : R² (all) = 0.9597, R² (last) = 0.9856
  F_direction_y       : R² (all) = 0.9529, R² (last) = 0.9895
  Fx                  : R² (all) = 0.2278, R² (last) = 0.5083
  Fy                  : R² (all) = 0.2487, R² (last) = 0.6607
  r                   : R² (all) = 0.9678, R² (last) = 0.9938
  inv_r               : R² (all) = 0.6628, R² (last) = 0.8990
  r_squared           : R² (all) = 0.9472, R² (last) = 0.9936
  inv_r_squared       : R² (all) = 0.3060, R² (last) = 0.6818
  inv_r_cubed         : R² (all) = 0.0953, R² (last) = 0.3962
  x                   : R² (all) = 0.9929, R² (last) = 0.9989
  y                   : R² (all) = 0.9930, R² (last) = 0.9990

block_1_after_mlp_merge:
  F_magnitude         : R² (all) = 0.3465, R² (last) = 0.8045
  F_direction_x       : R² (all) = 0.9740, R² (last) = 0.9939
  F_direction_y       : R² (all) = 0.9679, R² (last) = 0.9946
  Fx                  : R² (all) = 0.2770, R² (last) = 0.6131
  Fy                  : R² (all) = 0.2657, R² (last) = 0.7480
  r                   : R² (all) = 0.9331, R² (last) = 0.9915
  inv_r               : R² (all) = 0.7204, R² (last) = 0.9539
  r_squared           : R² (all) = 0.8411, R² (last) = 0.9768
  inv_r_squared       : R² (all) = 0.3465, R² (last) = 0.8045
  inv_r_cubed         : R² (all) = 0.1124, R² (last) = 0.5703
  x                   : R² (all) = 0.9953, R² (last) = 1.0000
  y                   : R² (all) = 0.9968, R² (last) = 1.0000

after_ln_f:
  F_magnitude         : R² (all) = 0.2861, R² (last) = 0.7460
  F_direction_x       : R² (all) = 0.9593, R² (last) = 0.9916
  F_direction_y       : R² (all) = 0.9449, R² (last) = 0.9923
  Fx                  : R² (all) = 0.2423, R² (last) = 0.5656
  Fy                  : R² (all) = 0.2230, R² (last) = 0.7142
  r                   : R² (all) = 0.9539, R² (last) = 0.9922
  inv_r               : R² (all) = 0.6367, R² (last) = 0.9324
  r_squared           : R² (all) = 0.9196, R² (last) = 0.9801
  inv_r_squared       : R² (all) = 0.2861, R² (last) = 0.7460
  inv_r_cubed         : R² (all) = 0.0880, R² (last) = 0.4869
  x                   : R² (all) = 0.9967, R² (last) = 0.9997
  y                   : R² (all) = 0.9972, R² (last) = 0.9997
Evaluating on 500 trajectories...
Conditioning length: 50, Generating 50 more steps per trajectory...

Error Statistics (aggregated across all 500 trajectories):
Mean position error: 0.664053 ± 0.495610
Max position error: 3.527586
R² scores:
  X coordinate: 0.361749 ± 0.544686
  Y coordinate: 0.334022 ± 0.628149
Evaluating on 500 trajectories...
Conditioning length: 50, Generating 50 more steps per trajectory...

Error Statistics (aggregated across all 500 trajectories):
Mean position error: 0.661277 ± 0.510930
Max position error: 3.554939
R² scores:
  X coordinate: 0.381801 ± 0.530246
  Y coordinate: 0.359886 ± 0.564466
Evaluation at step 401 completed.

Step 500, Total Train Loss: 0.012195, Prediction Loss: 0.011303, Test Loss: 0.002984, Attention Entropy: 0.8919, Entropy Reg Loss: 0.000892, Entropy Reg Active: True, GPU Memory: 0.000 GB

Evaluating at step 501...
Activations collected:
  input_embed: torch.Size([1000, 99, 32])
  after_pos_emb: torch.Size([1000, 99, 32])
  block_0_attn_output: torch.Size([1000, 99, 32])
  block_0_after_attn_merge: torch.Size([1000, 99, 32])
  block_0_mlp_hidden: torch.Size([1000, 99, 128])
  block_0_mlp_output: torch.Size([1000, 99, 32])
  block_0_after_mlp_merge: torch.Size([1000, 99, 32])
  block_1_attn_output: torch.Size([1000, 99, 32])
  block_1_after_attn_merge: torch.Size([1000, 99, 32])
  block_1_mlp_hidden: torch.Size([1000, 99, 128])
  block_1_mlp_output: torch.Size([1000, 99, 32])
  block_1_after_mlp_merge: torch.Size([1000, 99, 32])
  after_ln_f: torch.Size([1000, 99, 32])

Linear Probe Results (R² scores):
================================================================================

input_embed:
  F_magnitude         : R² (all) = 0.0002, R² (last) = 0.0008
  F_direction_x       : R² (all) = 0.8314, R² (last) = 0.8252
  F_direction_y       : R² (all) = 0.8309, R² (last) = 0.8309
  Fx                  : R² (all) = 0.0671, R² (last) = 0.0794
  Fy                  : R² (all) = 0.0642, R² (last) = 0.0744
  r                   : R² (all) = 0.0024, R² (last) = 0.0068
  inv_r               : R² (all) = 0.0006, R² (last) = 0.0021
  r_squared           : R² (all) = 0.0033, R² (last) = 0.0094
  inv_r_squared       : R² (all) = 0.0002, R² (last) = 0.0008
  inv_r_cubed         : R² (all) = 0.0000, R² (last) = 0.0002
  x                   : R² (all) = 1.0000, R² (last) = 1.0000
  y                   : R² (all) = 1.0000, R² (last) = 1.0000

after_pos_emb:
  F_magnitude         : R² (all) = 0.0419, R² (last) = 0.0008
  F_direction_x       : R² (all) = 0.8314, R² (last) = 0.8252
  F_direction_y       : R² (all) = 0.8309, R² (last) = 0.8309
  Fx                  : R² (all) = 0.0675, R² (last) = 0.0794
  Fy                  : R² (all) = 0.0643, R² (last) = 0.0744
  r                   : R² (all) = 0.0671, R² (last) = 0.0072
  inv_r               : R² (all) = 0.0542, R² (last) = 0.0022
  r_squared           : R² (all) = 0.0722, R² (last) = 0.0098
  inv_r_squared       : R² (all) = 0.0419, R² (last) = 0.0008
  inv_r_cubed         : R² (all) = 0.0248, R² (last) = 0.0002
  x                   : R² (all) = 1.0000, R² (last) = 1.0000
  y                   : R² (all) = 0.9999, R² (last) = 1.0000

block_0_attn_output:
  F_magnitude         : R² (all) = 0.2854, R² (last) = 0.5495
  F_direction_x       : R² (all) = 0.8738, R² (last) = 0.9450
  F_direction_y       : R² (all) = 0.8639, R² (last) = 0.9203
  Fx                  : R² (all) = 0.0986, R² (last) = 0.4008
  Fy                  : R² (all) = 0.0923, R² (last) = 0.3742
  r                   : R² (all) = 0.8390, R² (last) = 0.9041
  inv_r               : R² (all) = 0.6272, R² (last) = 0.7845
  r_squared           : R² (all) = 0.7250, R² (last) = 0.8572
  inv_r_squared       : R² (all) = 0.2854, R² (last) = 0.5495
  inv_r_cubed         : R² (all) = 0.0868, R² (last) = 0.3153
  x                   : R² (all) = 0.8907, R² (last) = 0.9060
  y                   : R² (all) = 0.8878, R² (last) = 0.9072

block_0_after_attn_merge:
  F_magnitude         : R² (all) = 0.4241, R² (last) = 0.6867
  F_direction_x       : R² (all) = 0.9657, R² (last) = 0.9840
  F_direction_y       : R² (all) = 0.9659, R² (last) = 0.9849
  Fx                  : R² (all) = 0.1482, R² (last) = 0.4573
  Fy                  : R² (all) = 0.1545, R² (last) = 0.5091
  r                   : R² (all) = 0.8410, R² (last) = 0.9507
  inv_r               : R² (all) = 0.8039, R² (last) = 0.9073
  r_squared           : R² (all) = 0.6748, R² (last) = 0.8784
  inv_r_squared       : R² (all) = 0.4241, R² (last) = 0.6867
  inv_r_cubed         : R² (all) = 0.1412, R² (last) = 0.4308
  x                   : R² (all) = 0.9455, R² (last) = 0.9637
  y                   : R² (all) = 0.9481, R² (last) = 0.9710

block_0_mlp_hidden:
  F_magnitude         : R² (all) = 0.6213, R² (last) = 0.9552
  F_direction_x       : R² (all) = 0.9923, R² (last) = 0.9993
  F_direction_y       : R² (all) = 0.9924, R² (last) = 0.9996
  Fx                  : R² (all) = 0.4597, R² (last) = 0.8175
  Fy                  : R² (all) = 0.4481, R² (last) = 0.9369
  r                   : R² (all) = 0.9706, R² (last) = 0.9992
  inv_r               : R² (all) = 0.9103, R² (last) = 0.9926
  r_squared           : R² (all) = 0.9090, R² (last) = 0.9954
  inv_r_squared       : R² (all) = 0.6213, R² (last) = 0.9552
  inv_r_cubed         : R² (all) = 0.2867, R² (last) = 0.8753
  x                   : R² (all) = 0.9918, R² (last) = 0.9996
  y                   : R² (all) = 0.9932, R² (last) = 0.9997

block_0_mlp_output:
  F_magnitude         : R² (all) = 0.4681, R² (last) = 0.8254
  F_direction_x       : R² (all) = 0.9816, R² (last) = 0.9958
  F_direction_y       : R² (all) = 0.9777, R² (last) = 0.9962
  Fx                  : R² (all) = 0.3120, R² (last) = 0.6304
  Fy                  : R² (all) = 0.2762, R² (last) = 0.7199
  r                   : R² (all) = 0.8689, R² (last) = 0.9937
  inv_r               : R² (all) = 0.8257, R² (last) = 0.9631
  r_squared           : R² (all) = 0.7348, R² (last) = 0.9724
  inv_r_squared       : R² (all) = 0.4681, R² (last) = 0.8254
  inv_r_cubed         : R² (all) = 0.1691, R² (last) = 0.6178
  x                   : R² (all) = 0.9698, R² (last) = 0.9972
  y                   : R² (all) = 0.9670, R² (last) = 0.9969

block_0_after_mlp_merge:
  F_magnitude         : R² (all) = 0.4078, R² (last) = 0.8036
  F_direction_x       : R² (all) = 0.9793, R² (last) = 0.9950
  F_direction_y       : R² (all) = 0.9772, R² (last) = 0.9948
  Fx                  : R² (all) = 0.3023, R² (last) = 0.5933
  Fy                  : R² (all) = 0.3011, R² (last) = 0.6606
  r                   : R² (all) = 0.8599, R² (last) = 0.9913
  inv_r               : R² (all) = 0.7715, R² (last) = 0.9559
  r_squared           : R² (all) = 0.7297, R² (last) = 0.9680
  inv_r_squared       : R² (all) = 0.4078, R² (last) = 0.8036
  inv_r_cubed         : R² (all) = 0.1360, R² (last) = 0.5886
  x                   : R² (all) = 0.9977, R² (last) = 1.0000
  y                   : R² (all) = 0.9993, R² (last) = 1.0000

block_1_attn_output:
  F_magnitude         : R² (all) = 0.2755, R² (last) = 0.4386
  F_direction_x       : R² (all) = 0.6390, R² (last) = 0.8394
  F_direction_y       : R² (all) = 0.7084, R² (last) = 0.8901
  Fx                  : R² (all) = 0.0657, R² (last) = 0.2907
  Fy                  : R² (all) = 0.1064, R² (last) = 0.3132
  r                   : R² (all) = 0.8046, R² (last) = 0.9058
  inv_r               : R² (all) = 0.5846, R² (last) = 0.7077
  r_squared           : R² (all) = 0.7587, R² (last) = 0.8793
  inv_r_squared       : R² (all) = 0.2755, R² (last) = 0.4386
  inv_r_cubed         : R² (all) = 0.0862, R² (last) = 0.2304
  x                   : R² (all) = 0.7844, R² (last) = 0.8977
  y                   : R² (all) = 0.8191, R² (last) = 0.9325

block_1_after_attn_merge:
  F_magnitude         : R² (all) = 0.3047, R² (last) = 0.7099
  F_direction_x       : R² (all) = 0.9570, R² (last) = 0.9887
  F_direction_y       : R² (all) = 0.9512, R² (last) = 0.9913
  Fx                  : R² (all) = 0.2538, R² (last) = 0.4970
  Fy                  : R² (all) = 0.2532, R² (last) = 0.6296
  r                   : R² (all) = 0.9506, R² (last) = 0.9921
  inv_r               : R² (all) = 0.6424, R² (last) = 0.9171
  r_squared           : R² (all) = 0.9068, R² (last) = 0.9829
  inv_r_squared       : R² (all) = 0.3047, R² (last) = 0.7099
  inv_r_cubed         : R² (all) = 0.0969, R² (last) = 0.4631
  x                   : R² (all) = 0.9883, R² (last) = 0.9979
  y                   : R² (all) = 0.9875, R² (last) = 0.9983

block_1_mlp_hidden:
  F_magnitude         : R² (all) = 0.4944, R² (last) = 0.9045
  F_direction_x       : R² (all) = 0.9844, R² (last) = 0.9981
  F_direction_y       : R² (all) = 0.9819, R² (last) = 0.9987
  Fx                  : R² (all) = 0.3947, R² (last) = 0.7177
  Fy                  : R² (all) = 0.3919, R² (last) = 0.8587
  r                   : R² (all) = 0.9883, R² (last) = 0.9999
  inv_r               : R² (all) = 0.8240, R² (last) = 0.9799
  r_squared           : R² (all) = 0.9899, R² (last) = 0.9998
  inv_r_squared       : R² (all) = 0.4944, R² (last) = 0.9045
  inv_r_cubed         : R² (all) = 0.1975, R² (last) = 0.7805
  x                   : R² (all) = 0.9987, R² (last) = 1.0000
  y                   : R² (all) = 0.9986, R² (last) = 1.0000

block_1_mlp_output:
  F_magnitude         : R² (all) = 0.3082, R² (last) = 0.6876
  F_direction_x       : R² (all) = 0.9600, R² (last) = 0.9847
  F_direction_y       : R² (all) = 0.9539, R² (last) = 0.9881
  Fx                  : R² (all) = 0.2543, R² (last) = 0.4950
  Fy                  : R² (all) = 0.2695, R² (last) = 0.5783
  r                   : R² (all) = 0.9590, R² (last) = 0.9950
  inv_r               : R² (all) = 0.6502, R² (last) = 0.8964
  r_squared           : R² (all) = 0.9391, R² (last) = 0.9933
  inv_r_squared       : R² (all) = 0.3082, R² (last) = 0.6876
  inv_r_cubed         : R² (all) = 0.0961, R² (last) = 0.4545
  x                   : R² (all) = 0.9925, R² (last) = 0.9984
  y                   : R² (all) = 0.9915, R² (last) = 0.9986

block_1_after_mlp_merge:
  F_magnitude         : R² (all) = 0.3773, R² (last) = 0.7703
  F_direction_x       : R² (all) = 0.9761, R² (last) = 0.9934
  F_direction_y       : R² (all) = 0.9716, R² (last) = 0.9944
  Fx                  : R² (all) = 0.3200, R² (last) = 0.5345
  Fy                  : R² (all) = 0.2896, R² (last) = 0.6565
  r                   : R² (all) = 0.9191, R² (last) = 0.9896
  inv_r               : R² (all) = 0.7337, R² (last) = 0.9404
  r_squared           : R² (all) = 0.8276, R² (last) = 0.9742
  inv_r_squared       : R² (all) = 0.3773, R² (last) = 0.7703
  inv_r_cubed         : R² (all) = 0.1274, R² (last) = 0.5379
  x                   : R² (all) = 0.9957, R² (last) = 1.0000
  y                   : R² (all) = 0.9970, R² (last) = 1.0000

after_ln_f:
  F_magnitude         : R² (all) = 0.3104, R² (last) = 0.7189
  F_direction_x       : R² (all) = 0.9623, R² (last) = 0.9909
  F_direction_y       : R² (all) = 0.9497, R² (last) = 0.9919
  Fx                  : R² (all) = 0.2769, R² (last) = 0.4997
  Fy                  : R² (all) = 0.2395, R² (last) = 0.6069
  r                   : R² (all) = 0.9346, R² (last) = 0.9901
  inv_r               : R² (all) = 0.6464, R² (last) = 0.9199
  r_squared           : R² (all) = 0.8958, R² (last) = 0.9753
  inv_r_squared       : R² (all) = 0.3104, R² (last) = 0.7189
  inv_r_cubed         : R² (all) = 0.0998, R² (last) = 0.4771
  x                   : R² (all) = 0.9968, R² (last) = 0.9996
  y                   : R² (all) = 0.9973, R² (last) = 0.9996
Evaluating on 500 trajectories...
Conditioning length: 50, Generating 50 more steps per trajectory...

Error Statistics (aggregated across all 500 trajectories):
Mean position error: 0.874899 ± 0.746346
Max position error: 3.884289
R² scores:
  X coordinate: 0.095892 ± 0.754080
  Y coordinate: -0.066572 ± 0.933772
Evaluating on 500 trajectories...
Conditioning length: 50, Generating 50 more steps per trajectory...

Error Statistics (aggregated across all 500 trajectories):
Mean position error: 0.856148 ± 0.745477
Max position error: 3.852369
R² scores:
  X coordinate: 0.100575 ± 0.797006
  Y coordinate: -0.082475 ± 1.012867
Evaluation at step 501 completed.

Step 600, Total Train Loss: 0.012089, Prediction Loss: 0.011206, Test Loss: 0.002664, Attention Entropy: 0.8821, Entropy Reg Loss: 0.000882, Entropy Reg Active: True, GPU Memory: 0.000 GB

Evaluating at step 601...
Activations collected:
  input_embed: torch.Size([1000, 99, 32])
  after_pos_emb: torch.Size([1000, 99, 32])
  block_0_attn_output: torch.Size([1000, 99, 32])
  block_0_after_attn_merge: torch.Size([1000, 99, 32])
  block_0_mlp_hidden: torch.Size([1000, 99, 128])
  block_0_mlp_output: torch.Size([1000, 99, 32])
  block_0_after_mlp_merge: torch.Size([1000, 99, 32])
  block_1_attn_output: torch.Size([1000, 99, 32])
  block_1_after_attn_merge: torch.Size([1000, 99, 32])
  block_1_mlp_hidden: torch.Size([1000, 99, 128])
  block_1_mlp_output: torch.Size([1000, 99, 32])
  block_1_after_mlp_merge: torch.Size([1000, 99, 32])
  after_ln_f: torch.Size([1000, 99, 32])

Linear Probe Results (R² scores):
================================================================================

input_embed:
  F_magnitude         : R² (all) = 0.0001, R² (last) = -0.0000
  F_direction_x       : R² (all) = 0.8327, R² (last) = 0.8364
  F_direction_y       : R² (all) = 0.8304, R² (last) = 0.8291
  Fx                  : R² (all) = 0.0594, R² (last) = 0.1192
  Fy                  : R² (all) = 0.0601, R² (last) = 0.0752
  r                   : R² (all) = 0.0009, R² (last) = 0.0008
  inv_r               : R² (all) = 0.0003, R² (last) = -0.0000
  r_squared           : R² (all) = 0.0012, R² (last) = 0.0014
  inv_r_squared       : R² (all) = 0.0001, R² (last) = -0.0000
  inv_r_cubed         : R² (all) = 0.0000, R² (last) = 0.0000
  x                   : R² (all) = 1.0000, R² (last) = 1.0000
  y                   : R² (all) = 1.0000, R² (last) = 1.0000

after_pos_emb:
  F_magnitude         : R² (all) = 0.0415, R² (last) = 0.0001
  F_direction_x       : R² (all) = 0.8328, R² (last) = 0.8364
  F_direction_y       : R² (all) = 0.8304, R² (last) = 0.8291
  Fx                  : R² (all) = 0.0597, R² (last) = 0.1192
  Fy                  : R² (all) = 0.0603, R² (last) = 0.0752
  r                   : R² (all) = 0.0686, R² (last) = 0.0010
  inv_r               : R² (all) = 0.0532, R² (last) = 0.0002
  r_squared           : R² (all) = 0.0759, R² (last) = 0.0015
  inv_r_squared       : R² (all) = 0.0415, R² (last) = 0.0001
  inv_r_cubed         : R² (all) = 0.0264, R² (last) = 0.0000
  x                   : R² (all) = 1.0000, R² (last) = 1.0000
  y                   : R² (all) = 1.0000, R² (last) = 1.0000

block_0_attn_output:
  F_magnitude         : R² (all) = 0.2733, R² (last) = 0.6658
  F_direction_x       : R² (all) = 0.8827, R² (last) = 0.9471
  F_direction_y       : R² (all) = 0.8730, R² (last) = 0.9489
  Fx                  : R² (all) = 0.0907, R² (last) = 0.4655
  Fy                  : R² (all) = 0.0968, R² (last) = 0.4530
  r                   : R² (all) = 0.8455, R² (last) = 0.9074
  inv_r               : R² (all) = 0.6140, R² (last) = 0.8218
  r_squared           : R² (all) = 0.7363, R² (last) = 0.8583
  inv_r_squared       : R² (all) = 0.2733, R² (last) = 0.6658
  inv_r_cubed         : R² (all) = 0.0890, R² (last) = 0.5065
  x                   : R² (all) = 0.8937, R² (last) = 0.9054
  y                   : R² (all) = 0.8944, R² (last) = 0.9200

block_0_after_attn_merge:
  F_magnitude         : R² (all) = 0.4330, R² (last) = 0.8097
  F_direction_x       : R² (all) = 0.9699, R² (last) = 0.9878
  F_direction_y       : R² (all) = 0.9705, R² (last) = 0.9882
  Fx                  : R² (all) = 0.1423, R² (last) = 0.5530
  Fy                  : R² (all) = 0.1682, R² (last) = 0.5286
  r                   : R² (all) = 0.8312, R² (last) = 0.9461
  inv_r               : R² (all) = 0.8075, R² (last) = 0.9423
  r_squared           : R² (all) = 0.6655, R² (last) = 0.8675
  inv_r_squared       : R² (all) = 0.4330, R² (last) = 0.8097
  inv_r_cubed         : R² (all) = 0.1581, R² (last) = 0.6486
  x                   : R² (all) = 0.9457, R² (last) = 0.9663
  y                   : R² (all) = 0.9465, R² (last) = 0.9741

block_0_mlp_hidden:
  F_magnitude         : R² (all) = 0.6462, R² (last) = 0.9856
  F_direction_x       : R² (all) = 0.9928, R² (last) = 0.9997
  F_direction_y       : R² (all) = 0.9929, R² (last) = 0.9995
  Fx                  : R² (all) = 0.4489, R² (last) = 0.9716
  Fy                  : R² (all) = 0.4605, R² (last) = 0.9340
  r                   : R² (all) = 0.9686, R² (last) = 0.9989
  inv_r               : R² (all) = 0.9185, R² (last) = 0.9973
  r_squared           : R² (all) = 0.9043, R² (last) = 0.9943
  inv_r_squared       : R² (all) = 0.6462, R² (last) = 0.9856
  inv_r_cubed         : R² (all) = 0.3313, R² (last) = 0.9617
  x                   : R² (all) = 0.9912, R² (last) = 0.9996
  y                   : R² (all) = 0.9926, R² (last) = 0.9995

block_0_mlp_output:
  F_magnitude         : R² (all) = 0.4781, R² (last) = 0.9004
  F_direction_x       : R² (all) = 0.9823, R² (last) = 0.9969
  F_direction_y       : R² (all) = 0.9801, R² (last) = 0.9958
  Fx                  : R² (all) = 0.2866, R² (last) = 0.8027
  Fy                  : R² (all) = 0.2783, R² (last) = 0.6372
  r                   : R² (all) = 0.8668, R² (last) = 0.9939
  inv_r               : R² (all) = 0.8269, R² (last) = 0.9798
  r_squared           : R² (all) = 0.7365, R² (last) = 0.9744
  inv_r_squared       : R² (all) = 0.4781, R² (last) = 0.9004
  inv_r_cubed         : R² (all) = 0.1909, R² (last) = 0.7593
  x                   : R² (all) = 0.9665, R² (last) = 0.9969
  y                   : R² (all) = 0.9644, R² (last) = 0.9964

block_0_after_mlp_merge:
  F_magnitude         : R² (all) = 0.4142, R² (last) = 0.8799
  F_direction_x       : R² (all) = 0.9804, R² (last) = 0.9967
  F_direction_y       : R² (all) = 0.9808, R² (last) = 0.9944
  Fx                  : R² (all) = 0.2945, R² (last) = 0.7879
  Fy                  : R² (all) = 0.3150, R² (last) = 0.5995
  r                   : R² (all) = 0.8491, R² (last) = 0.9911
  inv_r               : R² (all) = 0.7674, R² (last) = 0.9730
  r_squared           : R² (all) = 0.7224, R² (last) = 0.9669
  inv_r_squared       : R² (all) = 0.4142, R² (last) = 0.8799
  inv_r_cubed         : R² (all) = 0.1522, R² (last) = 0.7313
  x                   : R² (all) = 0.9978, R² (last) = 1.0000
  y                   : R² (all) = 0.9993, R² (last) = 1.0000

block_1_attn_output:
  F_magnitude         : R² (all) = 0.2944, R² (last) = 0.4794
  F_direction_x       : R² (all) = 0.6651, R² (last) = 0.8413
  F_direction_y       : R² (all) = 0.7642, R² (last) = 0.9010
  Fx                  : R² (all) = 0.0662, R² (last) = 0.3426
  Fy                  : R² (all) = 0.1375, R² (last) = 0.3437
  r                   : R² (all) = 0.8006, R² (last) = 0.9024
  inv_r               : R² (all) = 0.6050, R² (last) = 0.7220
  r_squared           : R² (all) = 0.7391, R² (last) = 0.8808
  inv_r_squared       : R² (all) = 0.2944, R² (last) = 0.4794
  inv_r_cubed         : R² (all) = 0.1031, R² (last) = 0.2670
  x                   : R² (all) = 0.8094, R² (last) = 0.9033
  y                   : R² (all) = 0.8497, R² (last) = 0.9386

block_1_after_attn_merge:
  F_magnitude         : R² (all) = 0.2874, R² (last) = 0.7731
  F_direction_x       : R² (all) = 0.9581, R² (last) = 0.9906
  F_direction_y       : R² (all) = 0.9560, R² (last) = 0.9895
  Fx                  : R² (all) = 0.2455, R² (last) = 0.6959
  Fy                  : R² (all) = 0.2684, R² (last) = 0.5361
  r                   : R² (all) = 0.9377, R² (last) = 0.9903
  inv_r               : R² (all) = 0.6224, R² (last) = 0.9360
  r_squared           : R² (all) = 0.8888, R² (last) = 0.9811
  inv_r_squared       : R² (all) = 0.2874, R² (last) = 0.7731
  inv_r_cubed         : R² (all) = 0.0958, R² (last) = 0.5468
  x                   : R² (all) = 0.9884, R² (last) = 0.9978
  y                   : R² (all) = 0.9875, R² (last) = 0.9981

block_1_mlp_hidden:
  F_magnitude         : R² (all) = 0.5036, R² (last) = 0.9272
  F_direction_x       : R² (all) = 0.9868, R² (last) = 0.9991
  F_direction_y       : R² (all) = 0.9835, R² (last) = 0.9980
  Fx                  : R² (all) = 0.3896, R² (last) = 0.9189
  Fy                  : R² (all) = 0.4034, R² (last) = 0.7661
  r                   : R² (all) = 0.9873, R² (last) = 0.9998
  inv_r               : R² (all) = 0.8219, R² (last) = 0.9840
  r_squared           : R² (all) = 0.9888, R² (last) = 0.9997
  inv_r_squared       : R² (all) = 0.5036, R² (last) = 0.9272
  inv_r_cubed         : R² (all) = 0.2215, R² (last) = 0.8268
  x                   : R² (all) = 0.9986, R² (last) = 1.0000
  y                   : R² (all) = 0.9985, R² (last) = 1.0000

block_1_mlp_output:
  F_magnitude         : R² (all) = 0.2949, R² (last) = 0.7060
  F_direction_x       : R² (all) = 0.9622, R² (last) = 0.9887
  F_direction_y       : R² (all) = 0.9589, R² (last) = 0.9880
  Fx                  : R² (all) = 0.2491, R² (last) = 0.7125
  Fy                  : R² (all) = 0.2841, R² (last) = 0.5136
  r                   : R² (all) = 0.9517, R² (last) = 0.9929
  inv_r               : R² (all) = 0.6378, R² (last) = 0.8957
  r_squared           : R² (all) = 0.9238, R² (last) = 0.9918
  inv_r_squared       : R² (all) = 0.2949, R² (last) = 0.7060
  inv_r_cubed         : R² (all) = 0.0963, R² (last) = 0.4774
  x                   : R² (all) = 0.9919, R² (last) = 0.9980
  y                   : R² (all) = 0.9908, R² (last) = 0.9979

block_1_after_mlp_merge:
  F_magnitude         : R² (all) = 0.3768, R² (last) = 0.8299
  F_direction_x       : R² (all) = 0.9789, R² (last) = 0.9952
  F_direction_y       : R² (all) = 0.9763, R² (last) = 0.9945
  Fx                  : R² (all) = 0.3151, R² (last) = 0.7379
  Fy                  : R² (all) = 0.3078, R² (last) = 0.6012
  r                   : R² (all) = 0.9053, R² (last) = 0.9856
  inv_r               : R² (all) = 0.7280, R² (last) = 0.9558
  r_squared           : R² (all) = 0.8079, R² (last) = 0.9689
  inv_r_squared       : R² (all) = 0.3768, R² (last) = 0.8299
  inv_r_cubed         : R² (all) = 0.1386, R² (last) = 0.6355
  x                   : R² (all) = 0.9960, R² (last) = 1.0000
  y                   : R² (all) = 0.9973, R² (last) = 1.0000

after_ln_f:
  F_magnitude         : R² (all) = 0.3081, R² (last) = 0.7768
  F_direction_x       : R² (all) = 0.9668, R² (last) = 0.9934
  F_direction_y       : R² (all) = 0.9587, R² (last) = 0.9937
  Fx                  : R² (all) = 0.2708, R² (last) = 0.7030
  Fy                  : R² (all) = 0.2555, R² (last) = 0.5751
  r                   : R² (all) = 0.9130, R² (last) = 0.9891
  inv_r               : R² (all) = 0.6372, R² (last) = 0.9391
  r_squared           : R² (all) = 0.8647, R² (last) = 0.9755
  inv_r_squared       : R² (all) = 0.3081, R² (last) = 0.7768
  inv_r_cubed         : R² (all) = 0.1084, R² (last) = 0.5520
  x                   : R² (all) = 0.9974, R² (last) = 0.9997
  y                   : R² (all) = 0.9980, R² (last) = 0.9997
Evaluating on 500 trajectories...
Conditioning length: 50, Generating 50 more steps per trajectory...

Error Statistics (aggregated across all 500 trajectories):
Mean position error: 0.735861 ± 0.537386
Max position error: 2.956970
R² scores:
  X coordinate: 0.167492 ± 0.602798
  Y coordinate: 0.236869 ± 0.601602
Evaluating on 500 trajectories...
Conditioning length: 50, Generating 50 more steps per trajectory...

Error Statistics (aggregated across all 500 trajectories):
Mean position error: 0.734658 ± 0.525420
Max position error: 3.126988
R² scores:
  X coordinate: 0.127583 ± 0.683682
  Y coordinate: 0.235387 ± 0.638640
Evaluation at step 601 completed.

Step 700, Total Train Loss: 0.010623, Prediction Loss: 0.009761, Test Loss: 0.002385, Attention Entropy: 0.8617, Entropy Reg Loss: 0.000862, Entropy Reg Active: True, GPU Memory: 0.000 GB

Evaluating at step 701...
Activations collected:
  input_embed: torch.Size([1000, 99, 32])
  after_pos_emb: torch.Size([1000, 99, 32])
  block_0_attn_output: torch.Size([1000, 99, 32])
  block_0_after_attn_merge: torch.Size([1000, 99, 32])
  block_0_mlp_hidden: torch.Size([1000, 99, 128])
  block_0_mlp_output: torch.Size([1000, 99, 32])
  block_0_after_mlp_merge: torch.Size([1000, 99, 32])
  block_1_attn_output: torch.Size([1000, 99, 32])
  block_1_after_attn_merge: torch.Size([1000, 99, 32])
  block_1_mlp_hidden: torch.Size([1000, 99, 128])
  block_1_mlp_output: torch.Size([1000, 99, 32])
  block_1_after_mlp_merge: torch.Size([1000, 99, 32])
  after_ln_f: torch.Size([1000, 99, 32])

Linear Probe Results (R² scores):
================================================================================

input_embed:
  F_magnitude         : R² (all) = 0.0001, R² (last) = -0.0000
  F_direction_x       : R² (all) = 0.8247, R² (last) = 0.8259
  F_direction_y       : R² (all) = 0.8234, R² (last) = 0.8243
  Fx                  : R² (all) = 0.0582, R² (last) = 0.0643
  Fy                  : R² (all) = 0.0590, R² (last) = 0.0713
  r                   : R² (all) = 0.0001, R² (last) = 0.0026
  inv_r               : R² (all) = 0.0001, R² (last) = 0.0002
  r_squared           : R² (all) = 0.0000, R² (last) = 0.0042
  inv_r_squared       : R² (all) = 0.0001, R² (last) = -0.0000
  inv_r_cubed         : R² (all) = 0.0000, R² (last) = 0.0000
  x                   : R² (all) = 1.0000, R² (last) = 1.0000
  y                   : R² (all) = 1.0000, R² (last) = 1.0000

after_pos_emb:
  F_magnitude         : R² (all) = 0.0349, R² (last) = 0.0001
  F_direction_x       : R² (all) = 0.8247, R² (last) = 0.8259
  F_direction_y       : R² (all) = 0.8233, R² (last) = 0.8243
  Fx                  : R² (all) = 0.0583, R² (last) = 0.0643
  Fy                  : R² (all) = 0.0595, R² (last) = 0.0713
  r                   : R² (all) = 0.0617, R² (last) = 0.0032
  inv_r               : R² (all) = 0.0463, R² (last) = 0.0003
  r_squared           : R² (all) = 0.0691, R² (last) = 0.0044
  inv_r_squared       : R² (all) = 0.0349, R² (last) = 0.0001
  inv_r_cubed         : R² (all) = 0.0204, R² (last) = 0.0000
  x                   : R² (all) = 1.0000, R² (last) = 1.0000
  y                   : R² (all) = 1.0000, R² (last) = 1.0000

block_0_attn_output:
  F_magnitude         : R² (all) = 0.2586, R² (last) = 0.5445
  F_direction_x       : R² (all) = 0.8844, R² (last) = 0.9506
  F_direction_y       : R² (all) = 0.8761, R² (last) = 0.9377
  Fx                  : R² (all) = 0.0811, R² (last) = 0.3110
  Fy                  : R² (all) = 0.1025, R² (last) = 0.4049
  r                   : R² (all) = 0.8554, R² (last) = 0.9178
  inv_r               : R² (all) = 0.6245, R² (last) = 0.8050
  r_squared           : R² (all) = 0.7382, R² (last) = 0.8595
  inv_r_squared       : R² (all) = 0.2586, R² (last) = 0.5445
  inv_r_cubed         : R² (all) = 0.0671, R² (last) = 0.2997
  x                   : R² (all) = 0.8977, R² (last) = 0.9159
  y                   : R² (all) = 0.8953, R² (last) = 0.9121

block_0_after_attn_merge:
  F_magnitude         : R² (all) = 0.4215, R² (last) = 0.6848
  F_direction_x       : R² (all) = 0.9728, R² (last) = 0.9875
  F_direction_y       : R² (all) = 0.9744, R² (last) = 0.9898
  Fx                  : R² (all) = 0.1470, R² (last) = 0.3815
  Fy                  : R² (all) = 0.1904, R² (last) = 0.5317
  r                   : R² (all) = 0.8223, R² (last) = 0.9305
  inv_r               : R² (all) = 0.8156, R² (last) = 0.9114
  r_squared           : R² (all) = 0.6492, R² (last) = 0.8486
  inv_r_squared       : R² (all) = 0.4215, R² (last) = 0.6848
  inv_r_cubed         : R² (all) = 0.1395, R² (last) = 0.4255
  x                   : R² (all) = 0.9427, R² (last) = 0.9701
  y                   : R² (all) = 0.9454, R² (last) = 0.9735

block_0_mlp_hidden:
  F_magnitude         : R² (all) = 0.6414, R² (last) = 0.9590
  F_direction_x       : R² (all) = 0.9937, R² (last) = 0.9992
  F_direction_y       : R² (all) = 0.9932, R² (last) = 0.9996
  Fx                  : R² (all) = 0.4507, R² (last) = 0.8253
  Fy                  : R² (all) = 0.4494, R² (last) = 0.9327
  r                   : R² (all) = 0.9711, R² (last) = 0.9984
  inv_r               : R² (all) = 0.9272, R² (last) = 0.9932
  r_squared           : R² (all) = 0.9078, R² (last) = 0.9920
  inv_r_squared       : R² (all) = 0.6414, R² (last) = 0.9590
  inv_r_cubed         : R² (all) = 0.3083, R² (last) = 0.8928
  x                   : R² (all) = 0.9912, R² (last) = 0.9993
  y                   : R² (all) = 0.9916, R² (last) = 0.9995

block_0_mlp_output:
  F_magnitude         : R² (all) = 0.4744, R² (last) = 0.8006
  F_direction_x       : R² (all) = 0.9835, R² (last) = 0.9959
  F_direction_y       : R² (all) = 0.9816, R² (last) = 0.9966
  Fx                  : R² (all) = 0.2858, R² (last) = 0.6131
  Fy                  : R² (all) = 0.2772, R² (last) = 0.7000
  r                   : R² (all) = 0.8581, R² (last) = 0.9929
  inv_r               : R² (all) = 0.8392, R² (last) = 0.9620
  r_squared           : R² (all) = 0.7222, R² (last) = 0.9691
  inv_r_squared       : R² (all) = 0.4744, R² (last) = 0.8006
  inv_r_cubed         : R² (all) = 0.1739, R² (last) = 0.5618
  x                   : R² (all) = 0.9608, R² (last) = 0.9962
  y                   : R² (all) = 0.9610, R² (last) = 0.9943

block_0_after_mlp_merge:
  F_magnitude         : R² (all) = 0.3986, R² (last) = 0.7997
  F_direction_x       : R² (all) = 0.9814, R² (last) = 0.9953
  F_direction_y       : R² (all) = 0.9830, R² (last) = 0.9959
  Fx                  : R² (all) = 0.3134, R² (last) = 0.5700
  Fy                  : R² (all) = 0.3165, R² (last) = 0.7100
  r                   : R² (all) = 0.8427, R² (last) = 0.9886
  inv_r               : R² (all) = 0.7720, R² (last) = 0.9593
  r_squared           : R² (all) = 0.7131, R² (last) = 0.9617
  inv_r_squared       : R² (all) = 0.3986, R² (last) = 0.7997
  inv_r_cubed         : R² (all) = 0.1301, R² (last) = 0.5691
  x                   : R² (all) = 0.9978, R² (last) = 1.0000
  y                   : R² (all) = 0.9991, R² (last) = 1.0000

block_1_attn_output:
  F_magnitude         : R² (all) = 0.3109, R² (last) = 0.4545
  F_direction_x       : R² (all) = 0.6874, R² (last) = 0.8561
  F_direction_y       : R² (all) = 0.8070, R² (last) = 0.9098
  Fx                  : R² (all) = 0.0770, R² (last) = 0.1927
  Fy                  : R² (all) = 0.1551, R² (last) = 0.3751
  r                   : R² (all) = 0.8138, R² (last) = 0.9160
  inv_r               : R² (all) = 0.6417, R² (last) = 0.7389
  r_squared           : R² (all) = 0.7386, R² (last) = 0.8911
  inv_r_squared       : R² (all) = 0.3109, R² (last) = 0.4545
  inv_r_cubed         : R² (all) = 0.1028, R² (last) = 0.2261
  x                   : R² (all) = 0.8351, R² (last) = 0.9303
  y                   : R² (all) = 0.8782, R² (last) = 0.9396

block_1_after_attn_merge:
  F_magnitude         : R² (all) = 0.2369, R² (last) = 0.7202
  F_direction_x       : R² (all) = 0.9554, R² (last) = 0.9877
  F_direction_y       : R² (all) = 0.9532, R² (last) = 0.9894
  Fx                  : R² (all) = 0.2553, R² (last) = 0.4990
  Fy                  : R² (all) = 0.2598, R² (last) = 0.5799
  r                   : R² (all) = 0.9251, R² (last) = 0.9896
  inv_r               : R² (all) = 0.5881, R² (last) = 0.9244
  r_squared           : R² (all) = 0.8727, R² (last) = 0.9806
  inv_r_squared       : R² (all) = 0.2369, R² (last) = 0.7202
  inv_r_cubed         : R² (all) = 0.0616, R² (last) = 0.4766
  x                   : R² (all) = 0.9874, R² (last) = 0.9976
  y                   : R² (all) = 0.9857, R² (last) = 0.9977

block_1_mlp_hidden:
  F_magnitude         : R² (all) = 0.4575, R² (last) = 0.9187
  F_direction_x       : R² (all) = 0.9882, R² (last) = 0.9989
  F_direction_y       : R² (all) = 0.9830, R² (last) = 0.9987
  Fx                  : R² (all) = 0.3977, R² (last) = 0.8048
  Fy                  : R² (all) = 0.3724, R² (last) = 0.8452
  r                   : R² (all) = 0.9864, R² (last) = 0.9997
  inv_r               : R² (all) = 0.8062, R² (last) = 0.9833
  r_squared           : R² (all) = 0.9867, R² (last) = 0.9996
  inv_r_squared       : R² (all) = 0.4575, R² (last) = 0.9187
  inv_r_cubed         : R² (all) = 0.1725, R² (last) = 0.8186
  x                   : R² (all) = 0.9984, R² (last) = 1.0000
  y                   : R² (all) = 0.9981, R² (last) = 1.0000

block_1_mlp_output:
  F_magnitude         : R² (all) = 0.2534, R² (last) = 0.6154
  F_direction_x       : R² (all) = 0.9619, R² (last) = 0.9882
  F_direction_y       : R² (all) = 0.9573, R² (last) = 0.9896
  Fx                  : R² (all) = 0.2586, R² (last) = 0.5225
  Fy                  : R² (all) = 0.2705, R² (last) = 0.5898
  r                   : R² (all) = 0.9466, R² (last) = 0.9887
  inv_r               : R² (all) = 0.6130, R² (last) = 0.8568
  r_squared           : R² (all) = 0.9160, R² (last) = 0.9869
  inv_r_squared       : R² (all) = 0.2534, R² (last) = 0.6154
  inv_r_cubed         : R² (all) = 0.0666, R² (last) = 0.3792
  x                   : R² (all) = 0.9908, R² (last) = 0.9980
  y                   : R² (all) = 0.9893, R² (last) = 0.9974

block_1_after_mlp_merge:
  F_magnitude         : R² (all) = 0.3531, R² (last) = 0.7282
  F_direction_x       : R² (all) = 0.9818, R² (last) = 0.9941
  F_direction_y       : R² (all) = 0.9769, R² (last) = 0.9963
  Fx                  : R² (all) = 0.3458, R² (last) = 0.5097
  Fy                  : R² (all) = 0.3081, R² (last) = 0.6924
  r                   : R² (all) = 0.8954, R² (last) = 0.9836
  inv_r               : R² (all) = 0.7239, R² (last) = 0.9345
  r_squared           : R² (all) = 0.7895, R² (last) = 0.9656
  inv_r_squared       : R² (all) = 0.3531, R² (last) = 0.7282
  inv_r_cubed         : R² (all) = 0.1129, R² (last) = 0.4583
  x                   : R² (all) = 0.9957, R² (last) = 0.9999
  y                   : R² (all) = 0.9970, R² (last) = 0.9999

after_ln_f:
  F_magnitude         : R² (all) = 0.2746, R² (last) = 0.6736
  F_direction_x       : R² (all) = 0.9674, R² (last) = 0.9918
  F_direction_y       : R² (all) = 0.9579, R² (last) = 0.9951
  Fx                  : R² (all) = 0.2932, R² (last) = 0.4732
  Fy                  : R² (all) = 0.2496, R² (last) = 0.6295
  r                   : R² (all) = 0.8939, R² (last) = 0.9892
  inv_r               : R² (all) = 0.6144, R² (last) = 0.9123
  r_squared           : R² (all) = 0.8416, R² (last) = 0.9756
  inv_r_squared       : R² (all) = 0.2746, R² (last) = 0.6736
  inv_r_cubed         : R² (all) = 0.0821, R² (last) = 0.3996
  x                   : R² (all) = 0.9976, R² (last) = 0.9996
  y                   : R² (all) = 0.9978, R² (last) = 0.9997
Evaluating on 500 trajectories...
Conditioning length: 50, Generating 50 more steps per trajectory...

Error Statistics (aggregated across all 500 trajectories):
Mean position error: 0.680871 ± 0.699882
Max position error: 3.655967
R² scores:
  X coordinate: 0.324638 ± 0.763724
  Y coordinate: 0.351045 ± 0.756231
Evaluating on 500 trajectories...
Conditioning length: 50, Generating 50 more steps per trajectory...

Error Statistics (aggregated across all 500 trajectories):
Mean position error: 0.630010 ± 0.630700
Max position error: 3.780844
R² scores:
  X coordinate: 0.413811 ± 0.632315
  Y coordinate: 0.458689 ± 0.610543
Evaluation at step 701 completed.

Step 800, Total Train Loss: 0.010778, Prediction Loss: 0.009925, Test Loss: 0.002138, Attention Entropy: 0.8522, Entropy Reg Loss: 0.000852, Entropy Reg Active: True, GPU Memory: 0.000 GB

Evaluating at step 801...
Activations collected:
  input_embed: torch.Size([1000, 99, 32])
  after_pos_emb: torch.Size([1000, 99, 32])
  block_0_attn_output: torch.Size([1000, 99, 32])
  block_0_after_attn_merge: torch.Size([1000, 99, 32])
  block_0_mlp_hidden: torch.Size([1000, 99, 128])
  block_0_mlp_output: torch.Size([1000, 99, 32])
  block_0_after_mlp_merge: torch.Size([1000, 99, 32])
  block_1_attn_output: torch.Size([1000, 99, 32])
  block_1_after_attn_merge: torch.Size([1000, 99, 32])
  block_1_mlp_hidden: torch.Size([1000, 99, 128])
  block_1_mlp_output: torch.Size([1000, 99, 32])
  block_1_after_mlp_merge: torch.Size([1000, 99, 32])
  after_ln_f: torch.Size([1000, 99, 32])

Linear Probe Results (R² scores):
================================================================================

input_embed:
  F_magnitude         : R² (all) = 0.0003, R² (last) = 0.0011
  F_direction_x       : R² (all) = 0.8333, R² (last) = 0.8220
  F_direction_y       : R² (all) = 0.8336, R² (last) = 0.8304
  Fx                  : R² (all) = 0.0655, R² (last) = 0.0421
  Fy                  : R² (all) = 0.0643, R² (last) = 0.0659
  r                   : R² (all) = 0.0031, R² (last) = 0.0062
  inv_r               : R² (all) = 0.0010, R² (last) = 0.0029
  r_squared           : R² (all) = 0.0038, R² (last) = 0.0071
  inv_r_squared       : R² (all) = 0.0003, R² (last) = 0.0011
  inv_r_cubed         : R² (all) = 0.0001, R² (last) = 0.0004
  x                   : R² (all) = 1.0000, R² (last) = 1.0000
  y                   : R² (all) = 1.0000, R² (last) = 1.0000

after_pos_emb:
  F_magnitude         : R² (all) = 0.0441, R² (last) = 0.0012
  F_direction_x       : R² (all) = 0.8333, R² (last) = 0.8220
  F_direction_y       : R² (all) = 0.8336, R² (last) = 0.8304
  Fx                  : R² (all) = 0.0658, R² (last) = 0.0421
  Fy                  : R² (all) = 0.0645, R² (last) = 0.0659
  r                   : R² (all) = 0.0667, R² (last) = 0.0063
  inv_r               : R² (all) = 0.0544, R² (last) = 0.0029
  r_squared           : R² (all) = 0.0725, R² (last) = 0.0070
  inv_r_squared       : R² (all) = 0.0441, R² (last) = 0.0012
  inv_r_cubed         : R² (all) = 0.0295, R² (last) = 0.0004
  x                   : R² (all) = 1.0000, R² (last) = 1.0000
  y                   : R² (all) = 1.0000, R² (last) = 1.0000

block_0_attn_output:
  F_magnitude         : R² (all) = 0.2906, R² (last) = 0.4891
  F_direction_x       : R² (all) = 0.8939, R² (last) = 0.9388
  F_direction_y       : R² (all) = 0.8905, R² (last) = 0.9381
  Fx                  : R² (all) = 0.0963, R² (last) = 0.2203
  Fy                  : R² (all) = 0.1246, R² (last) = 0.3467
  r                   : R² (all) = 0.8536, R² (last) = 0.9044
  inv_r               : R² (all) = 0.6255, R² (last) = 0.7430
  r_squared           : R² (all) = 0.7464, R² (last) = 0.8561
  inv_r_squared       : R² (all) = 0.2906, R² (last) = 0.4891
  inv_r_cubed         : R² (all) = 0.1013, R² (last) = 0.2977
  x                   : R² (all) = 0.9059, R² (last) = 0.9124
  y                   : R² (all) = 0.9027, R² (last) = 0.9131

block_0_after_attn_merge:
  F_magnitude         : R² (all) = 0.4668, R² (last) = 0.6520
  F_direction_x       : R² (all) = 0.9741, R² (last) = 0.9825
  F_direction_y       : R² (all) = 0.9765, R² (last) = 0.9885
  Fx                  : R² (all) = 0.1547, R² (last) = 0.3361
  Fy                  : R² (all) = 0.2232, R² (last) = 0.4420
  r                   : R² (all) = 0.8191, R² (last) = 0.9210
  inv_r               : R² (all) = 0.8194, R² (last) = 0.8804
  r_squared           : R² (all) = 0.6478, R² (last) = 0.8300
  inv_r_squared       : R² (all) = 0.4668, R² (last) = 0.6521
  inv_r_cubed         : R² (all) = 0.1905, R² (last) = 0.4476
  x                   : R² (all) = 0.9472, R² (last) = 0.9697
  y                   : R² (all) = 0.9499, R² (last) = 0.9728

block_0_mlp_hidden:
  F_magnitude         : R² (all) = 0.7196, R² (last) = 0.9638
  F_direction_x       : R² (all) = 0.9939, R² (last) = 0.9991
  F_direction_y       : R² (all) = 0.9932, R² (last) = 0.9993
  Fx                  : R² (all) = 0.4943, R² (last) = 0.9080
  Fy                  : R² (all) = 0.4973, R² (last) = 0.9009
  r                   : R² (all) = 0.9755, R² (last) = 0.9980
  inv_r               : R² (all) = 0.9433, R² (last) = 0.9925
  r_squared           : R² (all) = 0.9200, R² (last) = 0.9898
  inv_r_squared       : R² (all) = 0.7196, R² (last) = 0.9638
  inv_r_cubed         : R² (all) = 0.4216, R² (last) = 0.9195
  x                   : R² (all) = 0.9922, R² (last) = 0.9992
  y                   : R² (all) = 0.9925, R² (last) = 0.9994

block_0_mlp_output:
  F_magnitude         : R² (all) = 0.5539, R² (last) = 0.8152
  F_direction_x       : R² (all) = 0.9828, R² (last) = 0.9940
  F_direction_y       : R² (all) = 0.9824, R² (last) = 0.9952
  Fx                  : R² (all) = 0.2844, R² (last) = 0.5955
  Fy                  : R² (all) = 0.3067, R² (last) = 0.6488
  r                   : R² (all) = 0.8551, R² (last) = 0.9926
  inv_r               : R² (all) = 0.8630, R² (last) = 0.9584
  r_squared           : R² (all) = 0.7240, R² (last) = 0.9673
  inv_r_squared       : R² (all) = 0.5539, R² (last) = 0.8152
  inv_r_cubed         : R² (all) = 0.2582, R² (last) = 0.6323
  x                   : R² (all) = 0.9616, R² (last) = 0.9953
  y                   : R² (all) = 0.9622, R² (last) = 0.9951

block_0_after_mlp_merge:
  F_magnitude         : R² (all) = 0.4452, R² (last) = 0.7990
  F_direction_x       : R² (all) = 0.9832, R² (last) = 0.9927
  F_direction_y       : R² (all) = 0.9845, R² (last) = 0.9944
  Fx                  : R² (all) = 0.3420, R² (last) = 0.5821
  Fy                  : R² (all) = 0.3554, R² (last) = 0.6309
  r                   : R² (all) = 0.8443, R² (last) = 0.9822
  inv_r               : R² (all) = 0.7785, R² (last) = 0.9518
  r_squared           : R² (all) = 0.7163, R² (last) = 0.9507
  inv_r_squared       : R² (all) = 0.4452, R² (last) = 0.7990
  inv_r_cubed         : R² (all) = 0.1808, R² (last) = 0.6138
  x                   : R² (all) = 0.9979, R² (last) = 1.0000
  y                   : R² (all) = 0.9989, R² (last) = 1.0000

block_1_attn_output:
  F_magnitude         : R² (all) = 0.3822, R² (last) = 0.4142
  F_direction_x       : R² (all) = 0.7526, R² (last) = 0.8539
  F_direction_y       : R² (all) = 0.8443, R² (last) = 0.9212
  Fx                  : R² (all) = 0.1237, R² (last) = 0.2238
  Fy                  : R² (all) = 0.1858, R² (last) = 0.3090
  r                   : R² (all) = 0.8180, R² (last) = 0.8855
  inv_r               : R² (all) = 0.6766, R² (last) = 0.6965
  r_squared           : R² (all) = 0.7414, R² (last) = 0.8534
  inv_r_squared       : R² (all) = 0.3822, R² (last) = 0.4142
  inv_r_cubed         : R² (all) = 0.1638, R² (last) = 0.2207
  x                   : R² (all) = 0.8719, R² (last) = 0.9254
  y                   : R² (all) = 0.9081, R² (last) = 0.9496

block_1_after_attn_merge:
  F_magnitude         : R² (all) = 0.2624, R² (last) = 0.6865
  F_direction_x       : R² (all) = 0.9611, R² (last) = 0.9846
  F_direction_y       : R² (all) = 0.9568, R² (last) = 0.9860
  Fx                  : R² (all) = 0.2909, R² (last) = 0.4808
  Fy                  : R² (all) = 0.2943, R² (last) = 0.5266
  r                   : R² (all) = 0.9114, R² (last) = 0.9751
  inv_r               : R² (all) = 0.5872, R² (last) = 0.8921
  r_squared           : R² (all) = 0.8588, R² (last) = 0.9586
  inv_r_squared       : R² (all) = 0.2624, R² (last) = 0.6865
  inv_r_cubed         : R² (all) = 0.0855, R² (last) = 0.4836
  x                   : R² (all) = 0.9892, R² (last) = 0.9972
  y                   : R² (all) = 0.9869, R² (last) = 0.9974

block_1_mlp_hidden:
  F_magnitude         : R² (all) = 0.5317, R² (last) = 0.9085
  F_direction_x       : R² (all) = 0.9879, R² (last) = 0.9978
  F_direction_y       : R² (all) = 0.9819, R² (last) = 0.9982
  Fx                  : R² (all) = 0.4455, R² (last) = 0.7771
  Fy                  : R² (all) = 0.4117, R² (last) = 0.8298
  r                   : R² (all) = 0.9859, R² (last) = 0.9996
  inv_r               : R² (all) = 0.8269, R² (last) = 0.9773
  r_squared           : R² (all) = 0.9859, R² (last) = 0.9995
  inv_r_squared       : R² (all) = 0.5317, R² (last) = 0.9085
  inv_r_cubed         : R² (all) = 0.2574, R² (last) = 0.8133
  x                   : R² (all) = 0.9982, R² (last) = 0.9999
  y                   : R² (all) = 0.9980, R² (last) = 0.9999

block_1_mlp_output:
  F_magnitude         : R² (all) = 0.2960, R² (last) = 0.5920
  F_direction_x       : R² (all) = 0.9652, R² (last) = 0.9842
  F_direction_y       : R² (all) = 0.9598, R² (last) = 0.9876
  Fx                  : R² (all) = 0.2939, R² (last) = 0.4724
  Fy                  : R² (all) = 0.3065, R² (last) = 0.5868
  r                   : R² (all) = 0.9428, R² (last) = 0.9836
  inv_r               : R² (all) = 0.6303, R² (last) = 0.8186
  r_squared           : R² (all) = 0.9126, R² (last) = 0.9820
  inv_r_squared       : R² (all) = 0.2960, R² (last) = 0.5920
  inv_r_cubed         : R² (all) = 0.0995, R² (last) = 0.4092
  x                   : R² (all) = 0.9918, R² (last) = 0.9978
  y                   : R² (all) = 0.9906, R² (last) = 0.9976

block_1_after_mlp_merge:
  F_magnitude         : R² (all) = 0.3919, R² (last) = 0.6616
  F_direction_x       : R² (all) = 0.9844, R² (last) = 0.9926
  F_direction_y       : R² (all) = 0.9774, R² (last) = 0.9942
  Fx                  : R² (all) = 0.3893, R² (last) = 0.5299
  Fy                  : R² (all) = 0.3408, R² (last) = 0.6054
  r                   : R² (all) = 0.8893, R² (last) = 0.9713
  inv_r               : R² (all) = 0.7303, R² (last) = 0.8839
  r_squared           : R² (all) = 0.7835, R² (last) = 0.9501
  inv_r_squared       : R² (all) = 0.3919, R² (last) = 0.6616
  inv_r_cubed         : R² (all) = 0.1537, R² (last) = 0.4438
  x                   : R² (all) = 0.9954, R² (last) = 0.9999
  y                   : R² (all) = 0.9970, R² (last) = 0.9999

after_ln_f:
  F_magnitude         : R² (all) = 0.2955, R² (last) = 0.6179
  F_direction_x       : R² (all) = 0.9722, R² (last) = 0.9886
  F_direction_y       : R² (all) = 0.9588, R² (last) = 0.9925
  Fx                  : R² (all) = 0.3294, R² (last) = 0.4635
  Fy                  : R² (all) = 0.2715, R² (last) = 0.5568
  r                   : R² (all) = 0.8772, R² (last) = 0.9848
  inv_r               : R² (all) = 0.6035, R² (last) = 0.8669
  r_squared           : R² (all) = 0.8280, R² (last) = 0.9700
  inv_r_squared       : R² (all) = 0.2955, R² (last) = 0.6179
  inv_r_cubed         : R² (all) = 0.1084, R² (last) = 0.3965
  x                   : R² (all) = 0.9979, R² (last) = 0.9997
  y                   : R² (all) = 0.9978, R² (last) = 0.9996
Evaluating on 500 trajectories...
Conditioning length: 50, Generating 50 more steps per trajectory...

Error Statistics (aggregated across all 500 trajectories):
Mean position error: 0.618270 ± 0.595377
Max position error: 3.600065
R² scores:
  X coordinate: 0.346517 ± 0.759628
  Y coordinate: 0.387085 ± 0.737223
Evaluating on 500 trajectories...
Conditioning length: 50, Generating 50 more steps per trajectory...

Error Statistics (aggregated across all 500 trajectories):
Mean position error: 0.674730 ± 0.631512
Max position error: 3.662051
R² scores:
  X coordinate: 0.253795 ± 0.831920
  Y coordinate: 0.313491 ± 0.852473
Evaluation at step 801 completed.

Step 900, Total Train Loss: 0.010405, Prediction Loss: 0.009568, Test Loss: 0.002164, Attention Entropy: 0.8366, Entropy Reg Loss: 0.000837, Entropy Reg Active: True, GPU Memory: 0.000 GB

Evaluating at step 901...
Activations collected:
  input_embed: torch.Size([1000, 99, 32])
  after_pos_emb: torch.Size([1000, 99, 32])
  block_0_attn_output: torch.Size([1000, 99, 32])
  block_0_after_attn_merge: torch.Size([1000, 99, 32])
  block_0_mlp_hidden: torch.Size([1000, 99, 128])
  block_0_mlp_output: torch.Size([1000, 99, 32])
  block_0_after_mlp_merge: torch.Size([1000, 99, 32])
  block_1_attn_output: torch.Size([1000, 99, 32])
  block_1_after_attn_merge: torch.Size([1000, 99, 32])
  block_1_mlp_hidden: torch.Size([1000, 99, 128])
  block_1_mlp_output: torch.Size([1000, 99, 32])
  block_1_after_mlp_merge: torch.Size([1000, 99, 32])
  after_ln_f: torch.Size([1000, 99, 32])

Linear Probe Results (R² scores):
================================================================================

input_embed:
  F_magnitude         : R² (all) = 0.0003, R² (last) = 0.0006
  F_direction_x       : R² (all) = 0.8240, R² (last) = 0.8286
  F_direction_y       : R² (all) = 0.8277, R² (last) = 0.8276
  Fx                  : R² (all) = 0.0677, R² (last) = 0.0892
  Fy                  : R² (all) = 0.0665, R² (last) = 0.0570
  r                   : R² (all) = 0.0040, R² (last) = 0.0013
  inv_r               : R² (all) = 0.0011, R² (last) = 0.0009
  r_squared           : R² (all) = 0.0054, R² (last) = 0.0010
  inv_r_squared       : R² (all) = 0.0003, R² (last) = 0.0006
  inv_r_cubed         : R² (all) = 0.0001, R² (last) = 0.0004
  x                   : R² (all) = 1.0000, R² (last) = 1.0000
  y                   : R² (all) = 1.0000, R² (last) = 1.0000

after_pos_emb:
  F_magnitude         : R² (all) = 0.0424, R² (last) = 0.0006
  F_direction_x       : R² (all) = 0.8240, R² (last) = 0.8286
  F_direction_y       : R² (all) = 0.8277, R² (last) = 0.8276
  Fx                  : R² (all) = 0.0679, R² (last) = 0.0892
  Fy                  : R² (all) = 0.0670, R² (last) = 0.0570
  r                   : R² (all) = 0.0716, R² (last) = 0.0011
  inv_r               : R² (all) = 0.0527, R² (last) = 0.0009
  r_squared           : R² (all) = 0.0815, R² (last) = 0.0008
  inv_r_squared       : R² (all) = 0.0424, R² (last) = 0.0006
  inv_r_cubed         : R² (all) = 0.0278, R² (last) = 0.0004
  x                   : R² (all) = 1.0000, R² (last) = 1.0000
  y                   : R² (all) = 1.0000, R² (last) = 1.0000

block_0_attn_output:
  F_magnitude         : R² (all) = 0.3163, R² (last) = 0.5392
  F_direction_x       : R² (all) = 0.8933, R² (last) = 0.9527
  F_direction_y       : R² (all) = 0.8928, R² (last) = 0.9516
  Fx                  : R² (all) = 0.0983, R² (last) = 0.4161
  Fy                  : R² (all) = 0.1338, R² (last) = 0.4224
  r                   : R² (all) = 0.8632, R² (last) = 0.9070
  inv_r               : R² (all) = 0.6558, R² (last) = 0.7866
  r_squared           : R² (all) = 0.7556, R² (last) = 0.8472
  inv_r_squared       : R² (all) = 0.3163, R² (last) = 0.5393
  inv_r_cubed         : R² (all) = 0.1045, R² (last) = 0.2949
  x                   : R² (all) = 0.9062, R² (last) = 0.9203
  y                   : R² (all) = 0.9024, R² (last) = 0.9127

block_0_after_attn_merge:
  F_magnitude         : R² (all) = 0.4919, R² (last) = 0.7162
  F_direction_x       : R² (all) = 0.9745, R² (last) = 0.9874
  F_direction_y       : R² (all) = 0.9767, R² (last) = 0.9921
  Fx                  : R² (all) = 0.1749, R² (last) = 0.4976
  Fy                  : R² (all) = 0.2381, R² (last) = 0.5853
  r                   : R² (all) = 0.8234, R² (last) = 0.9252
  inv_r               : R² (all) = 0.8418, R² (last) = 0.9196
  r_squared           : R² (all) = 0.6528, R² (last) = 0.8393
  inv_r_squared       : R² (all) = 0.4919, R² (last) = 0.7162
  inv_r_cubed         : R² (all) = 0.1928, R² (last) = 0.4641
  x                   : R² (all) = 0.9455, R² (last) = 0.9701
  y                   : R² (all) = 0.9494, R² (last) = 0.9795

block_0_mlp_hidden:
  F_magnitude         : R² (all) = 0.7378, R² (last) = 0.9528
  F_direction_x       : R² (all) = 0.9946, R² (last) = 0.9995
  F_direction_y       : R² (all) = 0.9938, R² (last) = 0.9994
  Fx                  : R² (all) = 0.5340, R² (last) = 0.9342
  Fy                  : R² (all) = 0.5237, R² (last) = 0.9171
  r                   : R² (all) = 0.9783, R² (last) = 0.9985
  inv_r               : R² (all) = 0.9522, R² (last) = 0.9925
  r_squared           : R² (all) = 0.9272, R² (last) = 0.9921
  inv_r_squared       : R² (all) = 0.7378, R² (last) = 0.9528
  inv_r_cubed         : R² (all) = 0.4197, R² (last) = 0.8738
  x                   : R² (all) = 0.9922, R² (last) = 0.9992
  y                   : R² (all) = 0.9928, R² (last) = 0.9995

block_0_mlp_output:
  F_magnitude         : R² (all) = 0.5908, R² (last) = 0.8593
  F_direction_x       : R² (all) = 0.9825, R² (last) = 0.9961
  F_direction_y       : R² (all) = 0.9830, R² (last) = 0.9960
  Fx                  : R² (all) = 0.3090, R² (last) = 0.7407
  Fy                  : R² (all) = 0.3239, R² (last) = 0.7522
  r                   : R² (all) = 0.8616, R² (last) = 0.9935
  inv_r               : R² (all) = 0.8853, R² (last) = 0.9739
  r_squared           : R² (all) = 0.7333, R² (last) = 0.9708
  inv_r_squared       : R² (all) = 0.5908, R² (last) = 0.8593
  inv_r_cubed         : R² (all) = 0.2694, R² (last) = 0.6639
  x                   : R² (all) = 0.9589, R² (last) = 0.9954
  y                   : R² (all) = 0.9611, R² (last) = 0.9958

block_0_after_mlp_merge:
  F_magnitude         : R² (all) = 0.4652, R² (last) = 0.8551
  F_direction_x       : R² (all) = 0.9830, R² (last) = 0.9951
  F_direction_y       : R² (all) = 0.9864, R² (last) = 0.9954
  Fx                  : R² (all) = 0.3703, R² (last) = 0.7072
  Fy                  : R² (all) = 0.3769, R² (last) = 0.7433
  r                   : R² (all) = 0.8530, R² (last) = 0.9814
  inv_r               : R² (all) = 0.8003, R² (last) = 0.9705
  r_squared           : R² (all) = 0.7267, R² (last) = 0.9534
  inv_r_squared       : R² (all) = 0.4652, R² (last) = 0.8551
  inv_r_cubed         : R² (all) = 0.1790, R² (last) = 0.6586
  x                   : R² (all) = 0.9982, R² (last) = 1.0000
  y                   : R² (all) = 0.9990, R² (last) = 1.0000

block_1_attn_output:
  F_magnitude         : R² (all) = 0.4241, R² (last) = 0.5681
  F_direction_x       : R² (all) = 0.7728, R² (last) = 0.8986
  F_direction_y       : R² (all) = 0.8561, R² (last) = 0.9306
  Fx                  : R² (all) = 0.1536, R² (last) = 0.4254
  Fy                  : R² (all) = 0.2008, R² (last) = 0.3665
  r                   : R² (all) = 0.8341, R² (last) = 0.9137
  inv_r               : R² (all) = 0.7178, R² (last) = 0.8163
  r_squared           : R² (all) = 0.7525, R² (last) = 0.8722
  inv_r_squared       : R² (all) = 0.4241, R² (last) = 0.5681
  inv_r_cubed         : R² (all) = 0.1777, R² (last) = 0.3148
  x                   : R² (all) = 0.8842, R² (last) = 0.9444
  y                   : R² (all) = 0.9207, R² (last) = 0.9524

block_1_after_attn_merge:
  F_magnitude         : R² (all) = 0.2617, R² (last) = 0.7237
  F_direction_x       : R² (all) = 0.9575, R² (last) = 0.9891
  F_direction_y       : R² (all) = 0.9545, R² (last) = 0.9865
  Fx                  : R² (all) = 0.3139, R² (last) = 0.6756
  Fy                  : R² (all) = 0.3011, R² (last) = 0.5584
  r                   : R² (all) = 0.9166, R² (last) = 0.9842
  inv_r               : R² (all) = 0.5902, R² (last) = 0.9151
  r_squared           : R² (all) = 0.8649, R² (last) = 0.9741
  inv_r_squared       : R² (all) = 0.2617, R² (last) = 0.7237
  inv_r_cubed         : R² (all) = 0.0775, R² (last) = 0.4834
  x                   : R² (all) = 0.9886, R² (last) = 0.9974
  y                   : R² (all) = 0.9864, R² (last) = 0.9975

block_1_mlp_hidden:
  F_magnitude         : R² (all) = 0.5405, R² (last) = 0.9336
  F_direction_x       : R² (all) = 0.9872, R² (last) = 0.9987
  F_direction_y       : R² (all) = 0.9820, R² (last) = 0.9987
  Fx                  : R² (all) = 0.4734, R² (last) = 0.8769
  Fy                  : R² (all) = 0.4157, R² (last) = 0.8746
  r                   : R² (all) = 0.9873, R² (last) = 0.9996
  inv_r               : R² (all) = 0.8369, R² (last) = 0.9858
  r_squared           : R² (all) = 0.9867, R² (last) = 0.9995
  inv_r_squared       : R² (all) = 0.5405, R² (last) = 0.9336
  inv_r_cubed         : R² (all) = 0.2462, R² (last) = 0.8385
  x                   : R² (all) = 0.9983, R² (last) = 0.9999
  y                   : R² (all) = 0.9980, R² (last) = 0.9999

block_1_mlp_output:
  F_magnitude         : R² (all) = 0.3071, R² (last) = 0.6111
  F_direction_x       : R² (all) = 0.9621, R² (last) = 0.9866
  F_direction_y       : R² (all) = 0.9590, R² (last) = 0.9846
  Fx                  : R² (all) = 0.3164, R² (last) = 0.6115
  Fy                  : R² (all) = 0.3099, R² (last) = 0.5227
  r                   : R² (all) = 0.9460, R² (last) = 0.9851
  inv_r               : R² (all) = 0.6406, R² (last) = 0.8426
  r_squared           : R² (all) = 0.9172, R² (last) = 0.9844
  inv_r_squared       : R² (all) = 0.3071, R² (last) = 0.6111
  inv_r_cubed         : R² (all) = 0.0985, R² (last) = 0.3852
  x                   : R² (all) = 0.9915, R² (last) = 0.9980
  y                   : R² (all) = 0.9903, R² (last) = 0.9974

block_1_after_mlp_merge:
  F_magnitude         : R² (all) = 0.4033, R² (last) = 0.7514
  F_direction_x       : R² (all) = 0.9848, R² (last) = 0.9952
  F_direction_y       : R² (all) = 0.9783, R² (last) = 0.9958
  Fx                  : R² (all) = 0.4435, R² (last) = 0.7097
  Fy                  : R² (all) = 0.3654, R² (last) = 0.6619
  r                   : R² (all) = 0.9023, R² (last) = 0.9747
  inv_r               : R² (all) = 0.7463, R² (last) = 0.9263
  r_squared           : R² (all) = 0.8008, R² (last) = 0.9560
  inv_r_squared       : R² (all) = 0.4033, R² (last) = 0.7514
  inv_r_cubed         : R² (all) = 0.1470, R² (last) = 0.5102
  x                   : R² (all) = 0.9953, R² (last) = 0.9999
  y                   : R² (all) = 0.9968, R² (last) = 0.9999

after_ln_f:
  F_magnitude         : R² (all) = 0.2994, R² (last) = 0.7040
  F_direction_x       : R² (all) = 0.9725, R² (last) = 0.9912
  F_direction_y       : R² (all) = 0.9605, R² (last) = 0.9939
  Fx                  : R² (all) = 0.3778, R² (last) = 0.6309
  Fy                  : R² (all) = 0.2890, R² (last) = 0.5753
  r                   : R² (all) = 0.8880, R² (last) = 0.9863
  inv_r               : R² (all) = 0.6127, R² (last) = 0.9114
  r_squared           : R² (all) = 0.8422, R² (last) = 0.9763
  inv_r_squared       : R² (all) = 0.2994, R² (last) = 0.7040
  inv_r_cubed         : R² (all) = 0.1007, R² (last) = 0.4537
  x                   : R² (all) = 0.9980, R² (last) = 0.9997
  y                   : R² (all) = 0.9981, R² (last) = 0.9997
Evaluating on 500 trajectories...
Conditioning length: 50, Generating 50 more steps per trajectory...

Error Statistics (aggregated across all 500 trajectories):
Mean position error: 0.485865 ± 0.433972
Max position error: 3.067009
R² scores:
  X coordinate: 0.548617 ± 0.528298
  Y coordinate: 0.529004 ± 0.561273
Evaluating on 500 trajectories...
Conditioning length: 50, Generating 50 more steps per trajectory...

Error Statistics (aggregated across all 500 trajectories):
Mean position error: 0.497962 ± 0.408389
Max position error: 2.666567
R² scores:
  X coordinate: 0.497183 ± 0.540212
  Y coordinate: 0.481207 ± 0.582711
Evaluation at step 901 completed.

Step 1000, Total Train Loss: 0.009900, Prediction Loss: 0.009089, Test Loss: 0.002441, Attention Entropy: 0.8114, Entropy Reg Loss: 0.000811, Entropy Reg Active: True, GPU Memory: 0.000 GB

Evaluating at step 1001...
Activations collected:
  input_embed: torch.Size([1000, 99, 32])
  after_pos_emb: torch.Size([1000, 99, 32])
  block_0_attn_output: torch.Size([1000, 99, 32])
  block_0_after_attn_merge: torch.Size([1000, 99, 32])
  block_0_mlp_hidden: torch.Size([1000, 99, 128])
  block_0_mlp_output: torch.Size([1000, 99, 32])
  block_0_after_mlp_merge: torch.Size([1000, 99, 32])
  block_1_attn_output: torch.Size([1000, 99, 32])
  block_1_after_attn_merge: torch.Size([1000, 99, 32])
  block_1_mlp_hidden: torch.Size([1000, 99, 128])
  block_1_mlp_output: torch.Size([1000, 99, 32])
  block_1_after_mlp_merge: torch.Size([1000, 99, 32])
  after_ln_f: torch.Size([1000, 99, 32])

Linear Probe Results (R² scores):
================================================================================

input_embed:
  F_magnitude         : R² (all) = -0.0000, R² (last) = 0.0003
  F_direction_x       : R² (all) = 0.8344, R² (last) = 0.8309
  F_direction_y       : R² (all) = 0.8301, R² (last) = 0.8333
  Fx                  : R² (all) = 0.0725, R² (last) = 0.0738
  Fy                  : R² (all) = 0.0716, R² (last) = 0.0737
  r                   : R² (all) = 0.0000, R² (last) = 0.0015
  inv_r               : R² (all) = 0.0000, R² (last) = 0.0009
  r_squared           : R² (all) = 0.0000, R² (last) = 0.0013
  inv_r_squared       : R² (all) = -0.0000, R² (last) = 0.0004
  inv_r_cubed         : R² (all) = 0.0000, R² (last) = 0.0001
  x                   : R² (all) = 1.0000, R² (last) = 1.0000
  y                   : R² (all) = 1.0000, R² (last) = 1.0000

after_pos_emb:
  F_magnitude         : R² (all) = 0.0353, R² (last) = 0.0003
  F_direction_x       : R² (all) = 0.8344, R² (last) = 0.8309
  F_direction_y       : R² (all) = 0.8301, R² (last) = 0.8333
  Fx                  : R² (all) = 0.0730, R² (last) = 0.0738
  Fy                  : R² (all) = 0.0718, R² (last) = 0.0737
  r                   : R² (all) = 0.0652, R² (last) = 0.0019
  inv_r               : R² (all) = 0.0466, R² (last) = 0.0010
  r_squared           : R² (all) = 0.0723, R² (last) = 0.0016
  inv_r_squared       : R² (all) = 0.0353, R² (last) = 0.0003
  inv_r_cubed         : R² (all) = 0.0232, R² (last) = 0.0001
  x                   : R² (all) = 1.0000, R² (last) = 1.0000
  y                   : R² (all) = 1.0000, R² (last) = 1.0000

block_0_attn_output:
  F_magnitude         : R² (all) = 0.3128, R² (last) = 0.4902
  F_direction_x       : R² (all) = 0.9049, R² (last) = 0.9498
  F_direction_y       : R² (all) = 0.9063, R² (last) = 0.9590
  Fx                  : R² (all) = 0.1093, R² (last) = 0.2715
  Fy                  : R² (all) = 0.1627, R² (last) = 0.4042
  r                   : R² (all) = 0.8707, R² (last) = 0.8993
  inv_r               : R² (all) = 0.6572, R² (last) = 0.7489
  r_squared           : R² (all) = 0.7577, R² (last) = 0.8472
  inv_r_squared       : R² (all) = 0.3128, R² (last) = 0.4902
  inv_r_cubed         : R² (all) = 0.1066, R² (last) = 0.2879
  x                   : R² (all) = 0.9127, R² (last) = 0.9176
  y                   : R² (all) = 0.9098, R² (last) = 0.9259

block_0_after_attn_merge:
  F_magnitude         : R² (all) = 0.4940, R² (last) = 0.7400
  F_direction_x       : R² (all) = 0.9759, R² (last) = 0.9865
  F_direction_y       : R² (all) = 0.9771, R² (last) = 0.9927
  Fx                  : R² (all) = 0.1714, R² (last) = 0.3921
  Fy                  : R² (all) = 0.2475, R² (last) = 0.5586
  r                   : R² (all) = 0.8149, R² (last) = 0.9236
  inv_r               : R² (all) = 0.8410, R² (last) = 0.9275
  r_squared           : R² (all) = 0.6404, R² (last) = 0.8346
  inv_r_squared       : R² (all) = 0.4940, R² (last) = 0.7400
  inv_r_cubed         : R² (all) = 0.2046, R² (last) = 0.5455
  x                   : R² (all) = 0.9516, R² (last) = 0.9740
  y                   : R² (all) = 0.9517, R² (last) = 0.9816

block_0_mlp_hidden:
  F_magnitude         : R² (all) = 0.7531, R² (last) = 0.9895
  F_direction_x       : R² (all) = 0.9949, R² (last) = 0.9995
  F_direction_y       : R² (all) = 0.9940, R² (last) = 0.9996
  Fx                  : R² (all) = 0.5355, R² (last) = 0.9621
  Fy                  : R² (all) = 0.5488, R² (last) = 0.9680
  r                   : R² (all) = 0.9812, R² (last) = 0.9992
  inv_r               : R² (all) = 0.9540, R² (last) = 0.9976
  r_squared           : R² (all) = 0.9355, R² (last) = 0.9958
  inv_r_squared       : R² (all) = 0.7531, R² (last) = 0.9895
  inv_r_cubed         : R² (all) = 0.4594, R² (last) = 0.9785
  x                   : R² (all) = 0.9935, R² (last) = 0.9992
  y                   : R² (all) = 0.9931, R² (last) = 0.9997

block_0_mlp_output:
  F_magnitude         : R² (all) = 0.6087, R² (last) = 0.9227
  F_direction_x       : R² (all) = 0.9836, R² (last) = 0.9960
  F_direction_y       : R² (all) = 0.9836, R² (last) = 0.9963
  Fx                  : R² (all) = 0.3013, R² (last) = 0.7110
  Fy                  : R² (all) = 0.3364, R² (last) = 0.7952
  r                   : R² (all) = 0.8637, R² (last) = 0.9941
  inv_r               : R² (all) = 0.8847, R² (last) = 0.9869
  r_squared           : R² (all) = 0.7424, R² (last) = 0.9746
  inv_r_squared       : R² (all) = 0.6087, R² (last) = 0.9227
  inv_r_cubed         : R² (all) = 0.3091, R² (last) = 0.8343
  x                   : R² (all) = 0.9646, R² (last) = 0.9960
  y                   : R² (all) = 0.9627, R² (last) = 0.9968

block_0_after_mlp_merge:
  F_magnitude         : R² (all) = 0.4810, R² (last) = 0.9295
  F_direction_x       : R² (all) = 0.9839, R² (last) = 0.9954
  F_direction_y       : R² (all) = 0.9872, R² (last) = 0.9957
  Fx                  : R² (all) = 0.3651, R² (last) = 0.6583
  Fy                  : R² (all) = 0.3917, R² (last) = 0.7480
  r                   : R² (all) = 0.8467, R² (last) = 0.9844
  inv_r               : R² (all) = 0.8062, R² (last) = 0.9854
  r_squared           : R² (all) = 0.7184, R² (last) = 0.9610
  inv_r_squared       : R² (all) = 0.4810, R² (last) = 0.9295
  inv_r_cubed         : R² (all) = 0.2040, R² (last) = 0.8559
  x                   : R² (all) = 0.9983, R² (last) = 1.0000
  y                   : R² (all) = 0.9990, R² (last) = 1.0000

block_1_attn_output:
  F_magnitude         : R² (all) = 0.4431, R² (last) = 0.6147
  F_direction_x       : R² (all) = 0.8073, R² (last) = 0.9103
  F_direction_y       : R² (all) = 0.8840, R² (last) = 0.9415
  Fx                  : R² (all) = 0.1724, R² (last) = 0.3589
  Fy                  : R² (all) = 0.2241, R² (last) = 0.3729
  r                   : R² (all) = 0.8390, R² (last) = 0.9229
  inv_r               : R² (all) = 0.7376, R² (last) = 0.8416
  r_squared           : R² (all) = 0.7480, R² (last) = 0.8847
  inv_r_squared       : R² (all) = 0.4431, R² (last) = 0.6147
  inv_r_cubed         : R² (all) = 0.1957, R² (last) = 0.3919
  x                   : R² (all) = 0.8985, R² (last) = 0.9595
  y                   : R² (all) = 0.9352, R² (last) = 0.9649

block_1_after_attn_merge:
  F_magnitude         : R² (all) = 0.2700, R² (last) = 0.7370
  F_direction_x       : R² (all) = 0.9637, R² (last) = 0.9902
  F_direction_y       : R² (all) = 0.9594, R² (last) = 0.9879
  Fx                  : R² (all) = 0.3180, R² (last) = 0.6250
  Fy                  : R² (all) = 0.3143, R² (last) = 0.5092
  r                   : R² (all) = 0.9100, R² (last) = 0.9805
  inv_r               : R² (all) = 0.5940, R² (last) = 0.9167
  r_squared           : R² (all) = 0.8537, R² (last) = 0.9677
  inv_r_squared       : R² (all) = 0.2700, R² (last) = 0.7370
  inv_r_cubed         : R² (all) = 0.0893, R² (last) = 0.5410
  x                   : R² (all) = 0.9899, R² (last) = 0.9970
  y                   : R² (all) = 0.9880, R² (last) = 0.9973

block_1_mlp_hidden:
  F_magnitude         : R² (all) = 0.5501, R² (last) = 0.9470
  F_direction_x       : R² (all) = 0.9873, R² (last) = 0.9991
  F_direction_y       : R² (all) = 0.9836, R² (last) = 0.9985
  Fx                  : R² (all) = 0.4675, R² (last) = 0.8845
  Fy                  : R² (all) = 0.4432, R² (last) = 0.8761
  r                   : R² (all) = 0.9878, R² (last) = 0.9997
  inv_r               : R² (all) = 0.8387, R² (last) = 0.9899
  r_squared           : R² (all) = 0.9864, R² (last) = 0.9994
  inv_r_squared       : R² (all) = 0.5501, R² (last) = 0.9470
  inv_r_cubed         : R² (all) = 0.2709, R² (last) = 0.8760
  x                   : R² (all) = 0.9982, R² (last) = 0.9999
  y                   : R² (all) = 0.9979, R² (last) = 0.9999

block_1_mlp_output:
  F_magnitude         : R² (all) = 0.3067, R² (last) = 0.6208
  F_direction_x       : R² (all) = 0.9642, R² (last) = 0.9883
  F_direction_y       : R² (all) = 0.9628, R² (last) = 0.9865
  Fx                  : R² (all) = 0.3162, R² (last) = 0.5666
  Fy                  : R² (all) = 0.3295, R² (last) = 0.5004
  r                   : R² (all) = 0.9428, R² (last) = 0.9816
  inv_r               : R² (all) = 0.6386, R² (last) = 0.8419
  r_squared           : R² (all) = 0.9075, R² (last) = 0.9820
  inv_r_squared       : R² (all) = 0.3067, R² (last) = 0.6208
  inv_r_cubed         : R² (all) = 0.1056, R² (last) = 0.4402
  x                   : R² (all) = 0.9919, R² (last) = 0.9980
  y                   : R² (all) = 0.9904, R² (last) = 0.9976

block_1_after_mlp_merge:
  F_magnitude         : R² (all) = 0.4027, R² (last) = 0.8015
  F_direction_x       : R² (all) = 0.9852, R² (last) = 0.9962
  F_direction_y       : R² (all) = 0.9806, R² (last) = 0.9954
  Fx                  : R² (all) = 0.4332, R² (last) = 0.7149
  Fy                  : R² (all) = 0.3824, R² (last) = 0.6685
  r                   : R² (all) = 0.8983, R² (last) = 0.9729
  inv_r               : R² (all) = 0.7442, R² (last) = 0.9404
  r_squared           : R² (all) = 0.7900, R² (last) = 0.9511
  inv_r_squared       : R² (all) = 0.4027, R² (last) = 0.8015
  inv_r_cubed         : R² (all) = 0.1578, R² (last) = 0.6327
  x                   : R² (all) = 0.9948, R² (last) = 1.0000
  y                   : R² (all) = 0.9966, R² (last) = 0.9999

after_ln_f:
  F_magnitude         : R² (all) = 0.2911, R² (last) = 0.7110
  F_direction_x       : R² (all) = 0.9744, R² (last) = 0.9931
  F_direction_y       : R² (all) = 0.9639, R² (last) = 0.9937
  Fx                  : R² (all) = 0.3662, R² (last) = 0.6273
  Fy                  : R² (all) = 0.3010, R² (last) = 0.5736
  r                   : R² (all) = 0.8832, R² (last) = 0.9873
  inv_r               : R² (all) = 0.6025, R² (last) = 0.9142
  r_squared           : R² (all) = 0.8334, R² (last) = 0.9771
  inv_r_squared       : R² (all) = 0.2911, R² (last) = 0.7110
  inv_r_cubed         : R² (all) = 0.1044, R² (last) = 0.4975
  x                   : R² (all) = 0.9980, R² (last) = 0.9996
  y                   : R² (all) = 0.9980, R² (last) = 0.9996
Evaluating on 500 trajectories...
Conditioning length: 50, Generating 50 more steps per trajectory...

Error Statistics (aggregated across all 500 trajectories):
Mean position error: 0.538552 ± 0.489355
Max position error: 3.664485
R² scores:
  X coordinate: 0.466986 ± 0.599603
  Y coordinate: 0.436572 ± 0.702456
Evaluating on 500 trajectories...
Conditioning length: 50, Generating 50 more steps per trajectory...

Error Statistics (aggregated across all 500 trajectories):
Mean position error: 0.541378 ± 0.497167
Max position error: 3.539622
R² scores:
  X coordinate: 0.449768 ± 0.585058
  Y coordinate: 0.401966 ± 0.757792
Evaluation at step 1001 completed.

Step 1100, Total Train Loss: 0.009046, Prediction Loss: 0.008236, Test Loss: 0.001515, Attention Entropy: 0.8098, Entropy Reg Loss: 0.000810, Entropy Reg Active: True, GPU Memory: 0.000 GB

Evaluating at step 1101...
Activations collected:
  input_embed: torch.Size([1000, 99, 32])
  after_pos_emb: torch.Size([1000, 99, 32])
  block_0_attn_output: torch.Size([1000, 99, 32])
  block_0_after_attn_merge: torch.Size([1000, 99, 32])
  block_0_mlp_hidden: torch.Size([1000, 99, 128])
  block_0_mlp_output: torch.Size([1000, 99, 32])
  block_0_after_mlp_merge: torch.Size([1000, 99, 32])
  block_1_attn_output: torch.Size([1000, 99, 32])
  block_1_after_attn_merge: torch.Size([1000, 99, 32])
  block_1_mlp_hidden: torch.Size([1000, 99, 128])
  block_1_mlp_output: torch.Size([1000, 99, 32])
  block_1_after_mlp_merge: torch.Size([1000, 99, 32])
  after_ln_f: torch.Size([1000, 99, 32])

Linear Probe Results (R² scores):
================================================================================

input_embed:
  F_magnitude         : R² (all) = 0.0003, R² (last) = 0.0006
  F_direction_x       : R² (all) = 0.8261, R² (last) = 0.8319
  F_direction_y       : R² (all) = 0.8278, R² (last) = 0.8303
  Fx                  : R² (all) = 0.0578, R² (last) = 0.0580
  Fy                  : R² (all) = 0.0595, R² (last) = 0.0847
  r                   : R² (all) = 0.0027, R² (last) = 0.0040
  inv_r               : R² (all) = 0.0009, R² (last) = 0.0016
  r_squared           : R² (all) = 0.0032, R² (last) = 0.0049
  inv_r_squared       : R² (all) = 0.0003, R² (last) = 0.0006
  inv_r_cubed         : R² (all) = 0.0000, R² (last) = 0.0001
  x                   : R² (all) = 1.0000, R² (last) = 1.0000
  y                   : R² (all) = 1.0000, R² (last) = 1.0000

after_pos_emb:
  F_magnitude         : R² (all) = 0.0355, R² (last) = 0.0006
  F_direction_x       : R² (all) = 0.8261, R² (last) = 0.8319
  F_direction_y       : R² (all) = 0.8278, R² (last) = 0.8303
  Fx                  : R² (all) = 0.0579, R² (last) = 0.0580
  Fy                  : R² (all) = 0.0599, R² (last) = 0.0847
  r                   : R² (all) = 0.0661, R² (last) = 0.0040
  inv_r               : R² (all) = 0.0476, R² (last) = 0.0016
  r_squared           : R² (all) = 0.0746, R² (last) = 0.0048
  inv_r_squared       : R² (all) = 0.0355, R² (last) = 0.0006
  inv_r_cubed         : R² (all) = 0.0215, R² (last) = 0.0001
  x                   : R² (all) = 1.0000, R² (last) = 1.0000
  y                   : R² (all) = 1.0000, R² (last) = 1.0000

block_0_attn_output:
  F_magnitude         : R² (all) = 0.2817, R² (last) = 0.5547
  F_direction_x       : R² (all) = 0.9002, R² (last) = 0.9479
  F_direction_y       : R² (all) = 0.9038, R² (last) = 0.9565
  Fx                  : R² (all) = 0.0912, R² (last) = 0.2627
  Fy                  : R² (all) = 0.1378, R² (last) = 0.4721
  r                   : R² (all) = 0.8738, R² (last) = 0.9224
  inv_r               : R² (all) = 0.6392, R² (last) = 0.7937
  r_squared           : R² (all) = 0.7587, R² (last) = 0.8640
  inv_r_squared       : R² (all) = 0.2817, R² (last) = 0.5547
  inv_r_cubed         : R² (all) = 0.0866, R² (last) = 0.3362
  x                   : R² (all) = 0.9082, R² (last) = 0.9247
  y                   : R² (all) = 0.9062, R² (last) = 0.9206

block_0_after_attn_merge:
  F_magnitude         : R² (all) = 0.4518, R² (last) = 0.6825
  F_direction_x       : R² (all) = 0.9750, R² (last) = 0.9863
  F_direction_y       : R² (all) = 0.9765, R² (last) = 0.9916
  Fx                  : R² (all) = 0.1474, R² (last) = 0.4095
  Fy                  : R² (all) = 0.2132, R² (last) = 0.6148
  r                   : R² (all) = 0.8142, R² (last) = 0.9273
  inv_r               : R² (all) = 0.8289, R² (last) = 0.9008
  r_squared           : R² (all) = 0.6351, R² (last) = 0.8423
  inv_r_squared       : R² (all) = 0.4518, R² (last) = 0.6825
  inv_r_cubed         : R² (all) = 0.1646, R² (last) = 0.4456
  x                   : R² (all) = 0.9481, R² (last) = 0.9705
  y                   : R² (all) = 0.9507, R² (last) = 0.9792

block_0_mlp_hidden:
  F_magnitude         : R² (all) = 0.7047, R² (last) = 0.9769
  F_direction_x       : R² (all) = 0.9948, R² (last) = 0.9994
  F_direction_y       : R² (all) = 0.9938, R² (last) = 0.9993
  Fx                  : R² (all) = 0.4940, R² (last) = 0.9410
  Fy                  : R² (all) = 0.4924, R² (last) = 0.9331
  r                   : R² (all) = 0.9803, R² (last) = 0.9988
  inv_r               : R² (all) = 0.9456, R² (last) = 0.9955
  r_squared           : R² (all) = 0.9311, R² (last) = 0.9942
  inv_r_squared       : R² (all) = 0.7047, R² (last) = 0.9769
  inv_r_cubed         : R² (all) = 0.3836, R² (last) = 0.9411
  x                   : R² (all) = 0.9926, R² (last) = 0.9994
  y                   : R² (all) = 0.9928, R² (last) = 0.9996

block_0_mlp_output:
  F_magnitude         : R² (all) = 0.5622, R² (last) = 0.8751
  F_direction_x       : R² (all) = 0.9824, R² (last) = 0.9960
  F_direction_y       : R² (all) = 0.9830, R² (last) = 0.9956
  Fx                  : R² (all) = 0.2612, R² (last) = 0.6635
  Fy                  : R² (all) = 0.3010, R² (last) = 0.7052
  r                   : R² (all) = 0.8615, R² (last) = 0.9939
  inv_r               : R² (all) = 0.8742, R² (last) = 0.9770
  r_squared           : R² (all) = 0.7343, R² (last) = 0.9753
  inv_r_squared       : R² (all) = 0.5622, R² (last) = 0.8751
  inv_r_cubed         : R² (all) = 0.2518, R² (last) = 0.7088
  x                   : R² (all) = 0.9607, R² (last) = 0.9959
  y                   : R² (all) = 0.9607, R² (last) = 0.9966

block_0_after_mlp_merge:
  F_magnitude         : R² (all) = 0.4472, R² (last) = 0.8645
  F_direction_x       : R² (all) = 0.9826, R² (last) = 0.9958
  F_direction_y       : R² (all) = 0.9869, R² (last) = 0.9944
  Fx                  : R² (all) = 0.3229, R² (last) = 0.6407
  Fy                  : R² (all) = 0.3452, R² (last) = 0.6395
  r                   : R² (all) = 0.8480, R² (last) = 0.9839
  inv_r               : R² (all) = 0.7992, R² (last) = 0.9708
  r_squared           : R² (all) = 0.7162, R² (last) = 0.9587
  inv_r_squared       : R² (all) = 0.4472, R² (last) = 0.8645
  inv_r_cubed         : R² (all) = 0.1692, R² (last) = 0.6999
  x                   : R² (all) = 0.9984, R² (last) = 1.0000
  y                   : R² (all) = 0.9990, R² (last) = 1.0000

block_1_attn_output:
  F_magnitude         : R² (all) = 0.4128, R² (last) = 0.5943
  F_direction_x       : R² (all) = 0.8154, R² (last) = 0.9070
  F_direction_y       : R² (all) = 0.8846, R² (last) = 0.9464
  Fx                  : R² (all) = 0.1638, R² (last) = 0.3251
  Fy                  : R² (all) = 0.1949, R² (last) = 0.4073
  r                   : R² (all) = 0.8354, R² (last) = 0.9191
  inv_r               : R² (all) = 0.7286, R² (last) = 0.8269
  r_squared           : R² (all) = 0.7395, R² (last) = 0.8748
  inv_r_squared       : R² (all) = 0.4128, R² (last) = 0.5943
  inv_r_cubed         : R² (all) = 0.1633, R² (last) = 0.3510
  x                   : R² (all) = 0.9033, R² (last) = 0.9548
  y                   : R² (all) = 0.9371, R² (last) = 0.9648

block_1_after_attn_merge:
  F_magnitude         : R² (all) = 0.2478, R² (last) = 0.7184
  F_direction_x       : R² (all) = 0.9604, R² (last) = 0.9896
  F_direction_y       : R² (all) = 0.9576, R² (last) = 0.9884
  Fx                  : R² (all) = 0.2835, R² (last) = 0.5594
  Fy                  : R² (all) = 0.2784, R² (last) = 0.6164
  r                   : R² (all) = 0.9113, R² (last) = 0.9803
  inv_r               : R² (all) = 0.5811, R² (last) = 0.9060
  r_squared           : R² (all) = 0.8514, R² (last) = 0.9660
  inv_r_squared       : R² (all) = 0.2478, R² (last) = 0.7184
  inv_r_cubed         : R² (all) = 0.0755, R² (last) = 0.4949
  x                   : R² (all) = 0.9888, R² (last) = 0.9970
  y                   : R² (all) = 0.9871, R² (last) = 0.9971

block_1_mlp_hidden:
  F_magnitude         : R² (all) = 0.5211, R² (last) = 0.9341
  F_direction_x       : R² (all) = 0.9863, R² (last) = 0.9990
  F_direction_y       : R² (all) = 0.9829, R² (last) = 0.9981
  Fx                  : R² (all) = 0.4258, R² (last) = 0.8665
  Fy                  : R² (all) = 0.3973, R² (last) = 0.8502
  r                   : R² (all) = 0.9874, R² (last) = 0.9996
  inv_r               : R² (all) = 0.8316, R² (last) = 0.9855
  r_squared           : R² (all) = 0.9849, R² (last) = 0.9994
  inv_r_squared       : R² (all) = 0.5211, R² (last) = 0.9341
  inv_r_cubed         : R² (all) = 0.2348, R² (last) = 0.8466
  x                   : R² (all) = 0.9980, R² (last) = 0.9999
  y                   : R² (all) = 0.9977, R² (last) = 0.9999

block_1_mlp_output:
  F_magnitude         : R² (all) = 0.2840, R² (last) = 0.6630
  F_direction_x       : R² (all) = 0.9612, R² (last) = 0.9873
  F_direction_y       : R² (all) = 0.9616, R² (last) = 0.9885
  Fx                  : R² (all) = 0.2853, R² (last) = 0.5118
  Fy                  : R² (all) = 0.2946, R² (last) = 0.6222
  r                   : R² (all) = 0.9413, R² (last) = 0.9803
  inv_r               : R² (all) = 0.6254, R² (last) = 0.8519
  r_squared           : R² (all) = 0.9025, R² (last) = 0.9792
  inv_r_squared       : R² (all) = 0.2840, R² (last) = 0.6630
  inv_r_cubed         : R² (all) = 0.0916, R² (last) = 0.4754
  x                   : R² (all) = 0.9909, R² (last) = 0.9980
  y                   : R² (all) = 0.9898, R² (last) = 0.9977

block_1_after_mlp_merge:
  F_magnitude         : R² (all) = 0.3729, R² (last) = 0.7551
  F_direction_x       : R² (all) = 0.9842, R² (last) = 0.9960
  F_direction_y       : R² (all) = 0.9799, R² (last) = 0.9952
  Fx                  : R² (all) = 0.3888, R² (last) = 0.6882
  Fy                  : R² (all) = 0.3371, R² (last) = 0.7145
  r                   : R² (all) = 0.8979, R² (last) = 0.9723
  inv_r               : R² (all) = 0.7336, R² (last) = 0.9209
  r_squared           : R² (all) = 0.7869, R² (last) = 0.9486
  inv_r_squared       : R² (all) = 0.3729, R² (last) = 0.7551
  inv_r_cubed         : R² (all) = 0.1308, R² (last) = 0.5450
  x                   : R² (all) = 0.9950, R² (last) = 0.9999
  y                   : R² (all) = 0.9964, R² (last) = 0.9999

after_ln_f:
  F_magnitude         : R² (all) = 0.2661, R² (last) = 0.7184
  F_direction_x       : R² (all) = 0.9720, R² (last) = 0.9925
  F_direction_y       : R² (all) = 0.9634, R² (last) = 0.9935
  Fx                  : R² (all) = 0.3233, R² (last) = 0.5860
  Fy                  : R² (all) = 0.2608, R² (last) = 0.6441
  r                   : R² (all) = 0.8795, R² (last) = 0.9867
  inv_r               : R² (all) = 0.5867, R² (last) = 0.9088
  r_squared           : R² (all) = 0.8282, R² (last) = 0.9750
  inv_r_squared       : R² (all) = 0.2661, R² (last) = 0.7184
  inv_r_cubed         : R² (all) = 0.0860, R² (last) = 0.4976
  x                   : R² (all) = 0.9980, R² (last) = 0.9997
  y                   : R² (all) = 0.9979, R² (last) = 0.9996
Evaluating on 500 trajectories...
Conditioning length: 50, Generating 50 more steps per trajectory...

Error Statistics (aggregated across all 500 trajectories):
Mean position error: 0.414093 ± 0.421450
Max position error: 3.118989
R² scores:
  X coordinate: 0.549849 ± 0.622411
  Y coordinate: 0.554320 ± 0.596184
Evaluating on 500 trajectories...
Conditioning length: 50, Generating 50 more steps per trajectory...

Error Statistics (aggregated across all 500 trajectories):
Mean position error: 0.379750 ± 0.389325
Max position error: 2.919382
R² scores:
  X coordinate: 0.573892 ± 0.613241
  Y coordinate: 0.577246 ± 0.598871
Evaluation at step 1101 completed.

Step 1200, Total Train Loss: 0.008792, Prediction Loss: 0.007982, Test Loss: 0.001502, Attention Entropy: 0.8108, Entropy Reg Loss: 0.000811, Entropy Reg Active: True, GPU Memory: 0.000 GB

Evaluating at step 1201...
Activations collected:
  input_embed: torch.Size([1000, 99, 32])
  after_pos_emb: torch.Size([1000, 99, 32])
  block_0_attn_output: torch.Size([1000, 99, 32])
  block_0_after_attn_merge: torch.Size([1000, 99, 32])
  block_0_mlp_hidden: torch.Size([1000, 99, 128])
  block_0_mlp_output: torch.Size([1000, 99, 32])
  block_0_after_mlp_merge: torch.Size([1000, 99, 32])
  block_1_attn_output: torch.Size([1000, 99, 32])
  block_1_after_attn_merge: torch.Size([1000, 99, 32])
  block_1_mlp_hidden: torch.Size([1000, 99, 128])
  block_1_mlp_output: torch.Size([1000, 99, 32])
  block_1_after_mlp_merge: torch.Size([1000, 99, 32])
  after_ln_f: torch.Size([1000, 99, 32])

Linear Probe Results (R² scores):
================================================================================

input_embed:
  F_magnitude         : R² (all) = 0.0003, R² (last) = 0.0001
  F_direction_x       : R² (all) = 0.8302, R² (last) = 0.8288
  F_direction_y       : R² (all) = 0.8302, R² (last) = 0.8384
  Fx                  : R² (all) = 0.0608, R² (last) = 0.0620
  Fy                  : R² (all) = 0.0615, R² (last) = 0.0824
  r                   : R² (all) = 0.0017, R² (last) = 0.0045
  inv_r               : R² (all) = 0.0008, R² (last) = 0.0007
  r_squared           : R² (all) = 0.0019, R² (last) = 0.0078
  inv_r_squared       : R² (all) = 0.0003, R² (last) = 0.0001
  inv_r_cubed         : R² (all) = 0.0001, R² (last) = 0.0000
  x                   : R² (all) = 1.0000, R² (last) = 1.0000
  y                   : R² (all) = 1.0000, R² (last) = 1.0000

after_pos_emb:
  F_magnitude         : R² (all) = 0.0409, R² (last) = 0.0002
  F_direction_x       : R² (all) = 0.8303, R² (last) = 0.8288
  F_direction_y       : R² (all) = 0.8302, R² (last) = 0.8384
  Fx                  : R² (all) = 0.0612, R² (last) = 0.0620
  Fy                  : R² (all) = 0.0617, R² (last) = 0.0824
  r                   : R² (all) = 0.0712, R² (last) = 0.0045
  inv_r               : R² (all) = 0.0537, R² (last) = 0.0008
  r_squared           : R² (all) = 0.0785, R² (last) = 0.0079
  inv_r_squared       : R² (all) = 0.0409, R² (last) = 0.0001
  inv_r_cubed         : R² (all) = 0.0262, R² (last) = 0.0000
  x                   : R² (all) = 1.0000, R² (last) = 1.0000
  y                   : R² (all) = 1.0000, R² (last) = 1.0000

block_0_attn_output:
  F_magnitude         : R² (all) = 0.2822, R² (last) = 0.6139
  F_direction_x       : R² (all) = 0.9017, R² (last) = 0.9495
  F_direction_y       : R² (all) = 0.9074, R² (last) = 0.9614
  Fx                  : R² (all) = 0.0909, R² (last) = 0.4117
  Fy                  : R² (all) = 0.1382, R² (last) = 0.4701
  r                   : R² (all) = 0.8549, R² (last) = 0.9176
  inv_r               : R² (all) = 0.6329, R² (last) = 0.8075
  r_squared           : R² (all) = 0.7367, R² (last) = 0.8520
  inv_r_squared       : R² (all) = 0.2822, R² (last) = 0.6139
  inv_r_cubed         : R² (all) = 0.0913, R² (last) = 0.4536
  x                   : R² (all) = 0.9070, R² (last) = 0.9200
  y                   : R² (all) = 0.9054, R² (last) = 0.9216

block_0_after_attn_merge:
  F_magnitude         : R² (all) = 0.4580, R² (last) = 0.8070
  F_direction_x       : R² (all) = 0.9760, R² (last) = 0.9851
  F_direction_y       : R² (all) = 0.9777, R² (last) = 0.9926
  Fx                  : R² (all) = 0.1487, R² (last) = 0.5019
  Fy                  : R² (all) = 0.2222, R² (last) = 0.6148
  r                   : R² (all) = 0.8057, R² (last) = 0.9178
  inv_r               : R² (all) = 0.8298, R² (last) = 0.9369
  r_squared           : R² (all) = 0.6244, R² (last) = 0.8251
  inv_r_squared       : R² (all) = 0.4580, R² (last) = 0.8070
  inv_r_cubed         : R² (all) = 0.1756, R² (last) = 0.6717
  x                   : R² (all) = 0.9498, R² (last) = 0.9708
  y                   : R² (all) = 0.9517, R² (last) = 0.9797

block_0_mlp_hidden:
  F_magnitude         : R² (all) = 0.7187, R² (last) = 0.9883
  F_direction_x       : R² (all) = 0.9950, R² (last) = 0.9996
  F_direction_y       : R² (all) = 0.9942, R² (last) = 0.9994
  Fx                  : R² (all) = 0.4984, R² (last) = 0.9814
  Fy                  : R² (all) = 0.5048, R² (last) = 0.9592
  r                   : R² (all) = 0.9806, R² (last) = 0.9988
  inv_r               : R² (all) = 0.9479, R² (last) = 0.9976
  r_squared           : R² (all) = 0.9333, R² (last) = 0.9939
  inv_r_squared       : R² (all) = 0.7187, R² (last) = 0.9883
  inv_r_cubed         : R² (all) = 0.4167, R² (last) = 0.9731
  x                   : R² (all) = 0.9927, R² (last) = 0.9994
  y                   : R² (all) = 0.9929, R² (last) = 0.9997

block_0_mlp_output:
  F_magnitude         : R² (all) = 0.5678, R² (last) = 0.9344
  F_direction_x       : R² (all) = 0.9827, R² (last) = 0.9961
  F_direction_y       : R² (all) = 0.9836, R² (last) = 0.9962
  Fx                  : R² (all) = 0.2524, R² (last) = 0.7852
  Fy                  : R² (all) = 0.2951, R² (last) = 0.7339
  r                   : R² (all) = 0.8619, R² (last) = 0.9935
  inv_r               : R² (all) = 0.8732, R² (last) = 0.9872
  r_squared           : R² (all) = 0.7410, R² (last) = 0.9731
  inv_r_squared       : R² (all) = 0.5678, R² (last) = 0.9344
  inv_r_cubed         : R² (all) = 0.2670, R² (last) = 0.8473
  x                   : R² (all) = 0.9615, R² (last) = 0.9959
  y                   : R² (all) = 0.9622, R² (last) = 0.9965

block_0_after_mlp_merge:
  F_magnitude         : R² (all) = 0.4421, R² (last) = 0.9268
  F_direction_x       : R² (all) = 0.9831, R² (last) = 0.9949
  F_direction_y       : R² (all) = 0.9876, R² (last) = 0.9949
  Fx                  : R² (all) = 0.3230, R² (last) = 0.7471
  Fy                  : R² (all) = 0.3522, R² (last) = 0.6586
  r                   : R² (all) = 0.8435, R² (last) = 0.9819
  inv_r               : R² (all) = 0.7948, R² (last) = 0.9818
  r_squared           : R² (all) = 0.7124, R² (last) = 0.9560
  inv_r_squared       : R² (all) = 0.4421, R² (last) = 0.9268
  inv_r_cubed         : R² (all) = 0.1696, R² (last) = 0.8424
  x                   : R² (all) = 0.9983, R² (last) = 1.0000
  y                   : R² (all) = 0.9990, R² (last) = 1.0000

block_1_attn_output:
  F_magnitude         : R² (all) = 0.4246, R² (last) = 0.6743
  F_direction_x       : R² (all) = 0.8274, R² (last) = 0.9001
  F_direction_y       : R² (all) = 0.8900, R² (last) = 0.9436
  Fx                  : R² (all) = 0.1770, R² (last) = 0.4182
  Fy                  : R² (all) = 0.2040, R² (last) = 0.3982
  r                   : R² (all) = 0.8277, R² (last) = 0.9124
  inv_r               : R² (all) = 0.7288, R² (last) = 0.8483
  r_squared           : R² (all) = 0.7319, R² (last) = 0.8723
  inv_r_squared       : R² (all) = 0.4246, R² (last) = 0.6743
  inv_r_cubed         : R² (all) = 0.1828, R² (last) = 0.4875
  x                   : R² (all) = 0.9083, R² (last) = 0.9521
  y                   : R² (all) = 0.9368, R² (last) = 0.9657

block_1_after_attn_merge:
  F_magnitude         : R² (all) = 0.2406, R² (last) = 0.7817
  F_direction_x       : R² (all) = 0.9612, R² (last) = 0.9885
  F_direction_y       : R² (all) = 0.9586, R² (last) = 0.9885
  Fx                  : R² (all) = 0.2858, R² (last) = 0.6399
  Fy                  : R² (all) = 0.2780, R² (last) = 0.5938
  r                   : R² (all) = 0.9084, R² (last) = 0.9793
  inv_r               : R² (all) = 0.5750, R² (last) = 0.9233
  r_squared           : R² (all) = 0.8489, R² (last) = 0.9664
  inv_r_squared       : R² (all) = 0.2406, R² (last) = 0.7817
  inv_r_cubed         : R² (all) = 0.0713, R² (last) = 0.6183
  x                   : R² (all) = 0.9886, R² (last) = 0.9972
  y                   : R² (all) = 0.9874, R² (last) = 0.9969

block_1_mlp_hidden:
  F_magnitude         : R² (all) = 0.5240, R² (last) = 0.9512
  F_direction_x       : R² (all) = 0.9867, R² (last) = 0.9987
  F_direction_y       : R² (all) = 0.9837, R² (last) = 0.9984
  Fx                  : R² (all) = 0.4297, R² (last) = 0.8878
  Fy                  : R² (all) = 0.3965, R² (last) = 0.8376
  r                   : R² (all) = 0.9874, R² (last) = 0.9996
  inv_r               : R² (all) = 0.8319, R² (last) = 0.9882
  r_squared           : R² (all) = 0.9853, R² (last) = 0.9993
  inv_r_squared       : R² (all) = 0.5240, R² (last) = 0.9512
  inv_r_cubed         : R² (all) = 0.2470, R² (last) = 0.8952
  x                   : R² (all) = 0.9980, R² (last) = 0.9999
  y                   : R² (all) = 0.9978, R² (last) = 0.9999

block_1_mlp_output:
  F_magnitude         : R² (all) = 0.2810, R² (last) = 0.6523
  F_direction_x       : R² (all) = 0.9618, R² (last) = 0.9877
  F_direction_y       : R² (all) = 0.9626, R² (last) = 0.9877
  Fx                  : R² (all) = 0.2857, R² (last) = 0.6174
  Fy                  : R² (all) = 0.2886, R² (last) = 0.5332
  r                   : R² (all) = 0.9400, R² (last) = 0.9800
  inv_r               : R² (all) = 0.6235, R² (last) = 0.8438
  r_squared           : R² (all) = 0.9003, R² (last) = 0.9791
  inv_r_squared       : R² (all) = 0.2810, R² (last) = 0.6523
  inv_r_cubed         : R² (all) = 0.0913, R² (last) = 0.4850
  x                   : R² (all) = 0.9909, R² (last) = 0.9981
  y                   : R² (all) = 0.9897, R² (last) = 0.9977

block_1_after_mlp_merge:
  F_magnitude         : R² (all) = 0.3640, R² (last) = 0.8438
  F_direction_x       : R² (all) = 0.9848, R² (last) = 0.9959
  F_direction_y       : R² (all) = 0.9810, R² (last) = 0.9956
  Fx                  : R² (all) = 0.3955, R² (last) = 0.7882
  Fy                  : R² (all) = 0.3443, R² (last) = 0.6766
  r                   : R² (all) = 0.8919, R² (last) = 0.9722
  inv_r               : R² (all) = 0.7274, R² (last) = 0.9452
  r_squared           : R² (all) = 0.7782, R² (last) = 0.9512
  inv_r_squared       : R² (all) = 0.3640, R² (last) = 0.8438
  inv_r_cubed         : R² (all) = 0.1267, R² (last) = 0.7075
  x                   : R² (all) = 0.9949, R² (last) = 0.9999
  y                   : R² (all) = 0.9965, R² (last) = 0.9999

after_ln_f:
  F_magnitude         : R² (all) = 0.2562, R² (last) = 0.7989
  F_direction_x       : R² (all) = 0.9733, R² (last) = 0.9927
  F_direction_y       : R² (all) = 0.9658, R² (last) = 0.9933
  Fx                  : R² (all) = 0.3285, R² (last) = 0.6935
  Fy                  : R² (all) = 0.2651, R² (last) = 0.6050
  r                   : R² (all) = 0.8770, R² (last) = 0.9848
  inv_r               : R² (all) = 0.5784, R² (last) = 0.9330
  r_squared           : R² (all) = 0.8244, R² (last) = 0.9751
  inv_r_squared       : R² (all) = 0.2562, R² (last) = 0.7989
  inv_r_cubed         : R² (all) = 0.0815, R² (last) = 0.6388
  x                   : R² (all) = 0.9980, R² (last) = 0.9996
  y                   : R² (all) = 0.9980, R² (last) = 0.9996
Evaluating on 500 trajectories...
Conditioning length: 50, Generating 50 more steps per trajectory...

Error Statistics (aggregated across all 500 trajectories):
Mean position error: 0.416570 ± 0.399355
Max position error: 2.936567
R² scores:
  X coordinate: 0.534664 ± 0.640524
  Y coordinate: 0.529867 ± 0.636514
Evaluating on 500 trajectories...
Conditioning length: 50, Generating 50 more steps per trajectory...

Error Statistics (aggregated across all 500 trajectories):
Mean position error: 0.418480 ± 0.401652
Max position error: 3.166433
R² scores:
  X coordinate: 0.550704 ± 0.623945
  Y coordinate: 0.535973 ± 0.643244
Evaluation at step 1201 completed.

Step 1300, Total Train Loss: 0.008858, Prediction Loss: 0.008055, Test Loss: 0.001524, Attention Entropy: 0.8034, Entropy Reg Loss: 0.000803, Entropy Reg Active: True, GPU Memory: 0.000 GB

Evaluating at step 1301...
Activations collected:
  input_embed: torch.Size([1000, 99, 32])
  after_pos_emb: torch.Size([1000, 99, 32])
  block_0_attn_output: torch.Size([1000, 99, 32])
  block_0_after_attn_merge: torch.Size([1000, 99, 32])
  block_0_mlp_hidden: torch.Size([1000, 99, 128])
  block_0_mlp_output: torch.Size([1000, 99, 32])
  block_0_after_mlp_merge: torch.Size([1000, 99, 32])
  block_1_attn_output: torch.Size([1000, 99, 32])
  block_1_after_attn_merge: torch.Size([1000, 99, 32])
  block_1_mlp_hidden: torch.Size([1000, 99, 128])
  block_1_mlp_output: torch.Size([1000, 99, 32])
  block_1_after_mlp_merge: torch.Size([1000, 99, 32])
  after_ln_f: torch.Size([1000, 99, 32])

Linear Probe Results (R² scores):
================================================================================

input_embed:
  F_magnitude         : R² (all) = 0.0000, R² (last) = 0.0000
  F_direction_x       : R² (all) = 0.8293, R² (last) = 0.8269
  F_direction_y       : R² (all) = 0.8308, R² (last) = 0.8353
  Fx                  : R² (all) = 0.0665, R² (last) = 0.0896
  Fy                  : R² (all) = 0.0714, R² (last) = 0.1006
  r                   : R² (all) = 0.0003, R² (last) = 0.0012
  inv_r               : R² (all) = 0.0000, R² (last) = 0.0002
  r_squared           : R² (all) = 0.0008, R² (last) = 0.0020
  inv_r_squared       : R² (all) = 0.0000, R² (last) = 0.0001
  inv_r_cubed         : R² (all) = 0.0000, R² (last) = 0.0001
  x                   : R² (all) = 1.0000, R² (last) = 1.0000
  y                   : R² (all) = 1.0000, R² (last) = 1.0000

after_pos_emb:
  F_magnitude         : R² (all) = 0.0419, R² (last) = 0.0002
  F_direction_x       : R² (all) = 0.8294, R² (last) = 0.8269
  F_direction_y       : R² (all) = 0.8308, R² (last) = 0.8353
  Fx                  : R² (all) = 0.0668, R² (last) = 0.0896
  Fy                  : R² (all) = 0.0721, R² (last) = 0.1006
  r                   : R² (all) = 0.0626, R² (last) = 0.0016
  inv_r               : R² (all) = 0.0519, R² (last) = 0.0004
  r_squared           : R² (all) = 0.0670, R² (last) = 0.0024
  inv_r_squared       : R² (all) = 0.0419, R² (last) = 0.0002
  inv_r_cubed         : R² (all) = 0.0280, R² (last) = 0.0001
  x                   : R² (all) = 1.0000, R² (last) = 1.0000
  y                   : R² (all) = 1.0000, R² (last) = 1.0000

block_0_attn_output:
  F_magnitude         : R² (all) = 0.3136, R² (last) = 0.6024
  F_direction_x       : R² (all) = 0.9034, R² (last) = 0.9488
  F_direction_y       : R² (all) = 0.9059, R² (last) = 0.9551
  Fx                  : R² (all) = 0.1003, R² (last) = 0.3599
  Fy                  : R² (all) = 0.1580, R² (last) = 0.5233
  r                   : R² (all) = 0.8652, R² (last) = 0.9091
  inv_r               : R² (all) = 0.6543, R² (last) = 0.7917
  r_squared           : R² (all) = 0.7449, R² (last) = 0.8506
  inv_r_squared       : R² (all) = 0.3136, R² (last) = 0.6024
  inv_r_cubed         : R² (all) = 0.1076, R² (last) = 0.4166
  x                   : R² (all) = 0.9069, R² (last) = 0.9231
  y                   : R² (all) = 0.9082, R² (last) = 0.9174

block_0_after_attn_merge:
  F_magnitude         : R² (all) = 0.4958, R² (last) = 0.8036
  F_direction_x       : R² (all) = 0.9761, R² (last) = 0.9854
  F_direction_y       : R² (all) = 0.9773, R² (last) = 0.9914
  Fx                  : R² (all) = 0.1658, R² (last) = 0.4592
  Fy                  : R² (all) = 0.2447, R² (last) = 0.6405
  r                   : R² (all) = 0.8075, R² (last) = 0.9228
  inv_r               : R² (all) = 0.8436, R² (last) = 0.9357
  r_squared           : R² (all) = 0.6251, R² (last) = 0.8272
  inv_r_squared       : R² (all) = 0.4958, R² (last) = 0.8036
  inv_r_cubed         : R² (all) = 0.2007, R² (last) = 0.6412
  x                   : R² (all) = 0.9496, R² (last) = 0.9713
  y                   : R² (all) = 0.9523, R² (last) = 0.9784

block_0_mlp_hidden:
  F_magnitude         : R² (all) = 0.7492, R² (last) = 0.9889
  F_direction_x       : R² (all) = 0.9952, R² (last) = 0.9996
  F_direction_y       : R² (all) = 0.9943, R² (last) = 0.9996
  Fx                  : R² (all) = 0.5308, R² (last) = 0.9640
  Fy                  : R² (all) = 0.5518, R² (last) = 0.9686
  r                   : R² (all) = 0.9811, R² (last) = 0.9982
  inv_r               : R² (all) = 0.9542, R² (last) = 0.9976
  r_squared           : R² (all) = 0.9337, R² (last) = 0.9909
  inv_r_squared       : R² (all) = 0.7492, R² (last) = 0.9889
  inv_r_cubed         : R² (all) = 0.4446, R² (last) = 0.9724
  x                   : R² (all) = 0.9928, R² (last) = 0.9993
  y                   : R² (all) = 0.9929, R² (last) = 0.9994

block_0_mlp_output:
  F_magnitude         : R² (all) = 0.6121, R² (last) = 0.9358
  F_direction_x       : R² (all) = 0.9834, R² (last) = 0.9960
  F_direction_y       : R² (all) = 0.9836, R² (last) = 0.9963
  Fx                  : R² (all) = 0.2893, R² (last) = 0.7777
  Fy                  : R² (all) = 0.3398, R² (last) = 0.7419
  r                   : R² (all) = 0.8597, R² (last) = 0.9941
  inv_r               : R² (all) = 0.8858, R² (last) = 0.9897
  r_squared           : R² (all) = 0.7345, R² (last) = 0.9754
  inv_r_squared       : R² (all) = 0.6121, R² (last) = 0.9358
  inv_r_cubed         : R² (all) = 0.3062, R² (last) = 0.8149
  x                   : R² (all) = 0.9620, R² (last) = 0.9956
  y                   : R² (all) = 0.9618, R² (last) = 0.9964

block_0_after_mlp_merge:
  F_magnitude         : R² (all) = 0.4905, R² (last) = 0.9282
  F_direction_x       : R² (all) = 0.9830, R² (last) = 0.9956
  F_direction_y       : R² (all) = 0.9877, R² (last) = 0.9955
  Fx                  : R² (all) = 0.3480, R² (last) = 0.7648
  Fy                  : R² (all) = 0.3906, R² (last) = 0.7006
  r                   : R² (all) = 0.8414, R² (last) = 0.9837
  inv_r               : R² (all) = 0.8132, R² (last) = 0.9855
  r_squared           : R² (all) = 0.7075, R² (last) = 0.9565
  inv_r_squared       : R² (all) = 0.4905, R² (last) = 0.9282
  inv_r_cubed         : R² (all) = 0.2069, R² (last) = 0.8063
  x                   : R² (all) = 0.9983, R² (last) = 1.0000
  y                   : R² (all) = 0.9990, R² (last) = 1.0000

block_1_attn_output:
  F_magnitude         : R² (all) = 0.4492, R² (last) = 0.7136
  F_direction_x       : R² (all) = 0.8294, R² (last) = 0.9175
  F_direction_y       : R² (all) = 0.8910, R² (last) = 0.9436
  Fx                  : R² (all) = 0.1900, R² (last) = 0.4813
  Fy                  : R² (all) = 0.2310, R² (last) = 0.4821
  r                   : R² (all) = 0.8280, R² (last) = 0.9116
  inv_r               : R² (all) = 0.7360, R² (last) = 0.8609
  r_squared           : R² (all) = 0.7300, R² (last) = 0.8703
  inv_r_squared       : R² (all) = 0.4492, R² (last) = 0.7136
  inv_r_cubed         : R² (all) = 0.1988, R² (last) = 0.5182
  x                   : R² (all) = 0.9085, R² (last) = 0.9556
  y                   : R² (all) = 0.9395, R² (last) = 0.9637

block_1_after_attn_merge:
  F_magnitude         : R² (all) = 0.2790, R² (last) = 0.8176
  F_direction_x       : R² (all) = 0.9611, R² (last) = 0.9896
  F_direction_y       : R² (all) = 0.9591, R² (last) = 0.9889
  Fx                  : R² (all) = 0.3075, R² (last) = 0.7095
  Fy                  : R² (all) = 0.3124, R² (last) = 0.6439
  r                   : R² (all) = 0.9083, R² (last) = 0.9788
  inv_r               : R² (all) = 0.5982, R² (last) = 0.9360
  r_squared           : R² (all) = 0.8457, R² (last) = 0.9640
  inv_r_squared       : R² (all) = 0.2790, R² (last) = 0.8176
  inv_r_cubed         : R² (all) = 0.0958, R² (last) = 0.6421
  x                   : R² (all) = 0.9885, R² (last) = 0.9971
  y                   : R² (all) = 0.9873, R² (last) = 0.9971

block_1_mlp_hidden:
  F_magnitude         : R² (all) = 0.5645, R² (last) = 0.9671
  F_direction_x       : R² (all) = 0.9867, R² (last) = 0.9990
  F_direction_y       : R² (all) = 0.9836, R² (last) = 0.9986
  Fx                  : R² (all) = 0.4624, R² (last) = 0.9121
  Fy                  : R² (all) = 0.4472, R² (last) = 0.8986
  r                   : R² (all) = 0.9873, R² (last) = 0.9996
  inv_r               : R² (all) = 0.8446, R² (last) = 0.9924
  r_squared           : R² (all) = 0.9843, R² (last) = 0.9993
  inv_r_squared       : R² (all) = 0.5645, R² (last) = 0.9671
  inv_r_cubed         : R² (all) = 0.2816, R² (last) = 0.9173
  x                   : R² (all) = 0.9979, R² (last) = 0.9999
  y                   : R² (all) = 0.9976, R² (last) = 0.9999

block_1_mlp_output:
  F_magnitude         : R² (all) = 0.3191, R² (last) = 0.7549
  F_direction_x       : R² (all) = 0.9616, R² (last) = 0.9882
  F_direction_y       : R² (all) = 0.9624, R² (last) = 0.9877
  Fx                  : R² (all) = 0.3088, R² (last) = 0.6974
  Fy                  : R² (all) = 0.3280, R² (last) = 0.6437
  r                   : R² (all) = 0.9382, R² (last) = 0.9818
  inv_r               : R² (all) = 0.6422, R² (last) = 0.8868
  r_squared           : R² (all) = 0.8951, R² (last) = 0.9794
  inv_r_squared       : R² (all) = 0.3191, R² (last) = 0.7549
  inv_r_cubed         : R² (all) = 0.1172, R² (last) = 0.6088
  x                   : R² (all) = 0.9908, R² (last) = 0.9979
  y                   : R² (all) = 0.9895, R² (last) = 0.9977

block_1_after_mlp_merge:
  F_magnitude         : R² (all) = 0.4109, R² (last) = 0.8487
  F_direction_x       : R² (all) = 0.9846, R² (last) = 0.9953
  F_direction_y       : R² (all) = 0.9809, R² (last) = 0.9960
  Fx                  : R² (all) = 0.4208, R² (last) = 0.7606
  Fy                  : R² (all) = 0.3786, R² (last) = 0.7551
  r                   : R² (all) = 0.8904, R² (last) = 0.9668
  inv_r               : R² (all) = 0.7481, R² (last) = 0.9466
  r_squared           : R² (all) = 0.7760, R² (last) = 0.9422
  inv_r_squared       : R² (all) = 0.4109, R² (last) = 0.8487
  inv_r_cubed         : R² (all) = 0.1610, R² (last) = 0.6872
  x                   : R² (all) = 0.9948, R² (last) = 0.9999
  y                   : R² (all) = 0.9963, R² (last) = 0.9999

after_ln_f:
  F_magnitude         : R² (all) = 0.2913, R² (last) = 0.8143
  F_direction_x       : R² (all) = 0.9724, R² (last) = 0.9919
  F_direction_y       : R² (all) = 0.9650, R² (last) = 0.9933
  Fx                  : R² (all) = 0.3504, R² (last) = 0.6893
  Fy                  : R² (all) = 0.2943, R² (last) = 0.6822
  r                   : R² (all) = 0.8731, R² (last) = 0.9837
  inv_r               : R² (all) = 0.5967, R² (last) = 0.9382
  r_squared           : R² (all) = 0.8185, R² (last) = 0.9711
  inv_r_squared       : R² (all) = 0.2913, R² (last) = 0.8143
  inv_r_cubed         : R² (all) = 0.1045, R² (last) = 0.6356
  x                   : R² (all) = 0.9980, R² (last) = 0.9996
  y                   : R² (all) = 0.9978, R² (last) = 0.9996
Evaluating on 500 trajectories...
Conditioning length: 50, Generating 50 more steps per trajectory...

Error Statistics (aggregated across all 500 trajectories):
Mean position error: 0.411450 ± 0.397294
Max position error: 3.015144
R² scores:
  X coordinate: 0.566361 ± 0.621997
  Y coordinate: 0.548907 ± 0.626064
Evaluating on 500 trajectories...
Conditioning length: 50, Generating 50 more steps per trajectory...

Error Statistics (aggregated across all 500 trajectories):
Mean position error: 0.390406 ± 0.379866
Max position error: 3.189389
R² scores:
  X coordinate: 0.574336 ± 0.588767
  Y coordinate: 0.564645 ± 0.597744
Evaluation at step 1301 completed.

Step 1400, Total Train Loss: 0.009150, Prediction Loss: 0.008343, Test Loss: 0.001278, Attention Entropy: 0.8065, Entropy Reg Loss: 0.000807, Entropy Reg Active: True, GPU Memory: 0.000 GB

Evaluating at step 1401...
Activations collected:
  input_embed: torch.Size([1000, 99, 32])
  after_pos_emb: torch.Size([1000, 99, 32])
  block_0_attn_output: torch.Size([1000, 99, 32])
  block_0_after_attn_merge: torch.Size([1000, 99, 32])
  block_0_mlp_hidden: torch.Size([1000, 99, 128])
  block_0_mlp_output: torch.Size([1000, 99, 32])
  block_0_after_mlp_merge: torch.Size([1000, 99, 32])
  block_1_attn_output: torch.Size([1000, 99, 32])
  block_1_after_attn_merge: torch.Size([1000, 99, 32])
  block_1_mlp_hidden: torch.Size([1000, 99, 128])
  block_1_mlp_output: torch.Size([1000, 99, 32])
  block_1_after_mlp_merge: torch.Size([1000, 99, 32])
  after_ln_f: torch.Size([1000, 99, 32])

Linear Probe Results (R² scores):
================================================================================

input_embed:
  F_magnitude         : R² (all) = 0.0002, R² (last) = 0.0008
  F_direction_x       : R² (all) = 0.8370, R² (last) = 0.8386
  F_direction_y       : R² (all) = 0.8337, R² (last) = 0.8378
  Fx                  : R² (all) = 0.0599, R² (last) = 0.0831
  Fy                  : R² (all) = 0.0596, R² (last) = 0.1027
  r                   : R² (all) = 0.0011, R² (last) = 0.0055
  inv_r               : R² (all) = 0.0005, R² (last) = 0.0021
  r_squared           : R² (all) = 0.0012, R² (last) = 0.0071
  inv_r_squared       : R² (all) = 0.0002, R² (last) = 0.0008
  inv_r_cubed         : R² (all) = 0.0000, R² (last) = 0.0002
  x                   : R² (all) = 1.0000, R² (last) = 1.0000
  y                   : R² (all) = 1.0000, R² (last) = 1.0000

after_pos_emb:
  F_magnitude         : R² (all) = 0.0328, R² (last) = 0.0008
  F_direction_x       : R² (all) = 0.8370, R² (last) = 0.8386
  F_direction_y       : R² (all) = 0.8337, R² (last) = 0.8378
  Fx                  : R² (all) = 0.0601, R² (last) = 0.0831
  Fy                  : R² (all) = 0.0600, R² (last) = 0.1027
  r                   : R² (all) = 0.0655, R² (last) = 0.0054
  inv_r               : R² (all) = 0.0454, R² (last) = 0.0021
  r_squared           : R² (all) = 0.0739, R² (last) = 0.0070
  inv_r_squared       : R² (all) = 0.0328, R² (last) = 0.0008
  inv_r_cubed         : R² (all) = 0.0197, R² (last) = 0.0002
  x                   : R² (all) = 1.0000, R² (last) = 1.0000
  y                   : R² (all) = 1.0000, R² (last) = 1.0000

block_0_attn_output:
  F_magnitude         : R² (all) = 0.2756, R² (last) = 0.5930
  F_direction_x       : R² (all) = 0.9092, R² (last) = 0.9568
  F_direction_y       : R² (all) = 0.9112, R² (last) = 0.9648
  Fx                  : R² (all) = 0.0918, R² (last) = 0.3407
  Fy                  : R² (all) = 0.1358, R² (last) = 0.5353
  r                   : R² (all) = 0.8765, R² (last) = 0.9163
  inv_r               : R² (all) = 0.6429, R² (last) = 0.8170
  r_squared           : R² (all) = 0.7602, R² (last) = 0.8595
  inv_r_squared       : R² (all) = 0.2756, R² (last) = 0.5930
  inv_r_cubed         : R² (all) = 0.0815, R² (last) = 0.3693
  x                   : R² (all) = 0.9137, R² (last) = 0.9235
  y                   : R² (all) = 0.9133, R² (last) = 0.9247

block_0_after_attn_merge:
  F_magnitude         : R² (all) = 0.4490, R² (last) = 0.7538
  F_direction_x       : R² (all) = 0.9769, R² (last) = 0.9879
  F_direction_y       : R² (all) = 0.9779, R² (last) = 0.9930
  Fx                  : R² (all) = 0.1428, R² (last) = 0.4278
  Fy                  : R² (all) = 0.2152, R² (last) = 0.6953
  r                   : R² (all) = 0.8116, R² (last) = 0.9197
  inv_r               : R² (all) = 0.8318, R² (last) = 0.9375
  r_squared           : R² (all) = 0.6327, R² (last) = 0.8288
  inv_r_squared       : R² (all) = 0.4490, R² (last) = 0.7538
  inv_r_cubed         : R² (all) = 0.1637, R² (last) = 0.5307
  x                   : R² (all) = 0.9538, R² (last) = 0.9720
  y                   : R² (all) = 0.9554, R² (last) = 0.9808

block_0_mlp_hidden:
  F_magnitude         : R² (all) = 0.7051, R² (last) = 0.9869
  F_direction_x       : R² (all) = 0.9953, R² (last) = 0.9996
  F_direction_y       : R² (all) = 0.9943, R² (last) = 0.9996
  Fx                  : R² (all) = 0.4881, R² (last) = 0.9743
  Fy                  : R² (all) = 0.4985, R² (last) = 0.9741
  r                   : R² (all) = 0.9822, R² (last) = 0.9990
  inv_r               : R² (all) = 0.9464, R² (last) = 0.9978
  r_squared           : R² (all) = 0.9378, R² (last) = 0.9947
  inv_r_squared       : R² (all) = 0.7051, R² (last) = 0.9869
  inv_r_cubed         : R² (all) = 0.3903, R² (last) = 0.9666
  x                   : R² (all) = 0.9935, R² (last) = 0.9995
  y                   : R² (all) = 0.9934, R² (last) = 0.9996

block_0_mlp_output:
  F_magnitude         : R² (all) = 0.5619, R² (last) = 0.9209
  F_direction_x       : R² (all) = 0.9834, R² (last) = 0.9967
  F_direction_y       : R² (all) = 0.9837, R² (last) = 0.9965
  Fx                  : R² (all) = 0.2479, R² (last) = 0.6959
  Fy                  : R² (all) = 0.2884, R² (last) = 0.8171
  r                   : R² (all) = 0.8660, R² (last) = 0.9937
  inv_r               : R² (all) = 0.8742, R² (last) = 0.9893
  r_squared           : R² (all) = 0.7459, R² (last) = 0.9752
  inv_r_squared       : R² (all) = 0.5619, R² (last) = 0.9209
  inv_r_cubed         : R² (all) = 0.2560, R² (last) = 0.7827
  x                   : R² (all) = 0.9642, R² (last) = 0.9962
  y                   : R² (all) = 0.9635, R² (last) = 0.9967

block_0_after_mlp_merge:
  F_magnitude         : R² (all) = 0.4301, R² (last) = 0.8956
  F_direction_x       : R² (all) = 0.9836, R² (last) = 0.9960
  F_direction_y       : R² (all) = 0.9880, R² (last) = 0.9959
  Fx                  : R² (all) = 0.3166, R² (last) = 0.6523
  Fy                  : R² (all) = 0.3426, R² (last) = 0.7932
  r                   : R² (all) = 0.8441, R² (last) = 0.9856
  inv_r               : R² (all) = 0.7927, R² (last) = 0.9819
  r_squared           : R² (all) = 0.7130, R² (last) = 0.9644
  inv_r_squared       : R² (all) = 0.4301, R² (last) = 0.8956
  inv_r_cubed         : R² (all) = 0.1575, R² (last) = 0.7354
  x                   : R² (all) = 0.9984, R² (last) = 1.0000
  y                   : R² (all) = 0.9990, R² (last) = 1.0000

block_1_attn_output:
  F_magnitude         : R² (all) = 0.4170, R² (last) = 0.6680
  F_direction_x       : R² (all) = 0.8395, R² (last) = 0.9169
  F_direction_y       : R² (all) = 0.8996, R² (last) = 0.9443
  Fx                  : R² (all) = 0.1732, R² (last) = 0.4001
  Fy                  : R² (all) = 0.1998, R² (last) = 0.4824
  r                   : R² (all) = 0.8428, R² (last) = 0.9237
  inv_r               : R² (all) = 0.7396, R² (last) = 0.8767
  r_squared           : R² (all) = 0.7467, R² (last) = 0.8787
  inv_r_squared       : R² (all) = 0.4170, R² (last) = 0.6680
  inv_r_cubed         : R² (all) = 0.1658, R² (last) = 0.3988
  x                   : R² (all) = 0.9144, R² (last) = 0.9601
  y                   : R² (all) = 0.9457, R² (last) = 0.9661

block_1_after_attn_merge:
  F_magnitude         : R² (all) = 0.2296, R² (last) = 0.7241
  F_direction_x       : R² (all) = 0.9626, R² (last) = 0.9899
  F_direction_y       : R² (all) = 0.9594, R² (last) = 0.9890
  Fx                  : R² (all) = 0.2765, R² (last) = 0.5587
  Fy                  : R² (all) = 0.2698, R² (last) = 0.7222
  r                   : R² (all) = 0.9120, R² (last) = 0.9817
  inv_r               : R² (all) = 0.5727, R² (last) = 0.9242
  r_squared           : R² (all) = 0.8541, R² (last) = 0.9685
  inv_r_squared       : R² (all) = 0.2296, R² (last) = 0.7241
  inv_r_cubed         : R² (all) = 0.0635, R² (last) = 0.4444
  x                   : R² (all) = 0.9892, R² (last) = 0.9972
  y                   : R² (all) = 0.9880, R² (last) = 0.9969

block_1_mlp_hidden:
  F_magnitude         : R² (all) = 0.5010, R² (last) = 0.9419
  F_direction_x       : R² (all) = 0.9867, R² (last) = 0.9990
  F_direction_y       : R² (all) = 0.9837, R² (last) = 0.9989
  Fx                  : R² (all) = 0.4079, R² (last) = 0.8367
  Fy                  : R² (all) = 0.3833, R² (last) = 0.9415
  r                   : R² (all) = 0.9882, R² (last) = 0.9997
  inv_r               : R² (all) = 0.8264, R² (last) = 0.9899
  r_squared           : R² (all) = 0.9861, R² (last) = 0.9994
  inv_r_squared       : R² (all) = 0.5010, R² (last) = 0.9419
  inv_r_cubed         : R² (all) = 0.2179, R² (last) = 0.8459
  x                   : R² (all) = 0.9980, R² (last) = 0.9999
  y                   : R² (all) = 0.9978, R² (last) = 0.9999

block_1_mlp_output:
  F_magnitude         : R² (all) = 0.2653, R² (last) = 0.6624
  F_direction_x       : R² (all) = 0.9627, R² (last) = 0.9904
  F_direction_y       : R² (all) = 0.9634, R² (last) = 0.9873
  Fx                  : R² (all) = 0.2760, R² (last) = 0.5880
  Fy                  : R² (all) = 0.2786, R² (last) = 0.6648
  r                   : R² (all) = 0.9412, R² (last) = 0.9826
  inv_r               : R² (all) = 0.6186, R² (last) = 0.8635
  r_squared           : R² (all) = 0.9011, R² (last) = 0.9808
  inv_r_squared       : R² (all) = 0.2653, R² (last) = 0.6624
  inv_r_cubed         : R² (all) = 0.0775, R² (last) = 0.4535
  x                   : R² (all) = 0.9914, R² (last) = 0.9982
  y                   : R² (all) = 0.9902, R² (last) = 0.9975

block_1_after_mlp_merge:
  F_magnitude         : R² (all) = 0.3560, R² (last) = 0.7918
  F_direction_x       : R² (all) = 0.9854, R² (last) = 0.9960
  F_direction_y       : R² (all) = 0.9814, R² (last) = 0.9964
  Fx                  : R² (all) = 0.3923, R² (last) = 0.6546
  Fy                  : R² (all) = 0.3376, R² (last) = 0.8068
  r                   : R² (all) = 0.8973, R² (last) = 0.9707
  inv_r               : R² (all) = 0.7287, R² (last) = 0.9452
  r_squared           : R² (all) = 0.7863, R² (last) = 0.9503
  inv_r_squared       : R² (all) = 0.3560, R² (last) = 0.7918
  inv_r_cubed         : R² (all) = 0.1194, R² (last) = 0.5544
  x                   : R² (all) = 0.9948, R² (last) = 0.9999
  y                   : R² (all) = 0.9965, R² (last) = 0.9999

after_ln_f:
  F_magnitude         : R² (all) = 0.2473, R² (last) = 0.7264
  F_direction_x       : R² (all) = 0.9740, R² (last) = 0.9929
  F_direction_y       : R² (all) = 0.9661, R² (last) = 0.9934
  Fx                  : R² (all) = 0.3218, R² (last) = 0.5734
  Fy                  : R² (all) = 0.2606, R² (last) = 0.7214
  r                   : R² (all) = 0.8808, R² (last) = 0.9860
  inv_r               : R² (all) = 0.5778, R² (last) = 0.9273
  r_squared           : R² (all) = 0.8290, R² (last) = 0.9775
  inv_r_squared       : R² (all) = 0.2473, R² (last) = 0.7264
  inv_r_cubed         : R² (all) = 0.0746, R² (last) = 0.4567
  x                   : R² (all) = 0.9981, R² (last) = 0.9996
  y                   : R² (all) = 0.9980, R² (last) = 0.9996
Evaluating on 500 trajectories...
Conditioning length: 50, Generating 50 more steps per trajectory...

Error Statistics (aggregated across all 500 trajectories):
Mean position error: 0.410930 ± 0.407123
Max position error: 2.975201
R² scores:
  X coordinate: 0.517190 ± 0.637210
  Y coordinate: 0.519681 ± 0.621700
Evaluating on 500 trajectories...
Conditioning length: 50, Generating 50 more steps per trajectory...

Error Statistics (aggregated across all 500 trajectories):
Mean position error: 0.410199 ± 0.410004
Max position error: 3.140702
R² scores:
  X coordinate: 0.529817 ± 0.666685
  Y coordinate: 0.534606 ± 0.646809
Evaluation at step 1401 completed.

Step 1500, Total Train Loss: 0.008923, Prediction Loss: 0.008118, Test Loss: 0.001700, Attention Entropy: 0.8043, Entropy Reg Loss: 0.000804, Entropy Reg Active: True, GPU Memory: 0.000 GB

Evaluating at step 1501...
Activations collected:
  input_embed: torch.Size([1000, 99, 32])
  after_pos_emb: torch.Size([1000, 99, 32])
  block_0_attn_output: torch.Size([1000, 99, 32])
  block_0_after_attn_merge: torch.Size([1000, 99, 32])
  block_0_mlp_hidden: torch.Size([1000, 99, 128])
  block_0_mlp_output: torch.Size([1000, 99, 32])
  block_0_after_mlp_merge: torch.Size([1000, 99, 32])
  block_1_attn_output: torch.Size([1000, 99, 32])
  block_1_after_attn_merge: torch.Size([1000, 99, 32])
  block_1_mlp_hidden: torch.Size([1000, 99, 128])
  block_1_mlp_output: torch.Size([1000, 99, 32])
  block_1_after_mlp_merge: torch.Size([1000, 99, 32])
  after_ln_f: torch.Size([1000, 99, 32])

Linear Probe Results (R² scores):
================================================================================

input_embed:
  F_magnitude         : R² (all) = 0.0003, R² (last) = 0.0005
  F_direction_x       : R² (all) = 0.8353, R² (last) = 0.8360
  F_direction_y       : R² (all) = 0.8333, R² (last) = 0.8451
  Fx                  : R² (all) = 0.0546, R² (last) = 0.0264
  Fy                  : R² (all) = 0.0572, R² (last) = 0.0723
  r                   : R² (all) = 0.0039, R² (last) = 0.0053
  inv_r               : R² (all) = 0.0013, R² (last) = 0.0020
  r_squared           : R² (all) = 0.0045, R² (last) = 0.0063
  inv_r_squared       : R² (all) = 0.0003, R² (last) = 0.0005
  inv_r_cubed         : R² (all) = 0.0001, R² (last) = 0.0001
  x                   : R² (all) = 1.0000, R² (last) = 1.0000
  y                   : R² (all) = 1.0000, R² (last) = 1.0000

after_pos_emb:
  F_magnitude         : R² (all) = 0.0363, R² (last) = 0.0005
  F_direction_x       : R² (all) = 0.8354, R² (last) = 0.8360
  F_direction_y       : R² (all) = 0.8335, R² (last) = 0.8451
  Fx                  : R² (all) = 0.0549, R² (last) = 0.0264
  Fy                  : R² (all) = 0.0574, R² (last) = 0.0723
  r                   : R² (all) = 0.0698, R² (last) = 0.0054
  inv_r               : R² (all) = 0.0512, R² (last) = 0.0020
  r_squared           : R² (all) = 0.0766, R² (last) = 0.0063
  inv_r_squared       : R² (all) = 0.0363, R² (last) = 0.0005
  inv_r_cubed         : R² (all) = 0.0208, R² (last) = 0.0001
  x                   : R² (all) = 1.0000, R² (last) = 1.0000
  y                   : R² (all) = 1.0000, R² (last) = 1.0000

block_0_attn_output:
  F_magnitude         : R² (all) = 0.2653, R² (last) = 0.2974
  F_direction_x       : R² (all) = 0.9051, R² (last) = 0.9402
  F_direction_y       : R² (all) = 0.9078, R² (last) = 0.9426
  Fx                  : R² (all) = 0.0817, R² (last) = 0.1504
  Fy                  : R² (all) = 0.1281, R² (last) = 0.2325
  r                   : R² (all) = 0.8714, R² (last) = 0.8838
  inv_r               : R² (all) = 0.6246, R² (last) = 0.6928
  r_squared           : R² (all) = 0.7579, R² (last) = 0.8080
  inv_r_squared       : R² (all) = 0.2653, R² (last) = 0.2974
  inv_r_cubed         : R² (all) = 0.0810, R² (last) = 0.1051
  x                   : R² (all) = 0.9118, R² (last) = 0.9152
  y                   : R² (all) = 0.9081, R² (last) = 0.9158

block_0_after_attn_merge:
  F_magnitude         : R² (all) = 0.4410, R² (last) = 0.4950
  F_direction_x       : R² (all) = 0.9756, R² (last) = 0.9845
  F_direction_y       : R² (all) = 0.9775, R² (last) = 0.9915
  Fx                  : R² (all) = 0.1288, R² (last) = 0.2564
  Fy                  : R² (all) = 0.2077, R² (last) = 0.5644
  r                   : R² (all) = 0.8110, R² (last) = 0.9254
  inv_r               : R² (all) = 0.8245, R² (last) = 0.8615
  r_squared           : R² (all) = 0.6309, R² (last) = 0.8349
  inv_r_squared       : R² (all) = 0.4410, R² (last) = 0.4950
  inv_r_cubed         : R² (all) = 0.1625, R² (last) = 0.2417
  x                   : R² (all) = 0.9526, R² (last) = 0.9696
  y                   : R² (all) = 0.9536, R² (last) = 0.9830

block_0_mlp_hidden:
  F_magnitude         : R² (all) = 0.7033, R² (last) = 0.9180
  F_direction_x       : R² (all) = 0.9952, R² (last) = 0.9995
  F_direction_y       : R² (all) = 0.9943, R² (last) = 0.9995
  Fx                  : R² (all) = 0.4761, R² (last) = 0.8835
  Fy                  : R² (all) = 0.4955, R² (last) = 0.9600
  r                   : R² (all) = 0.9824, R² (last) = 0.9985
  inv_r               : R² (all) = 0.9452, R² (last) = 0.9872
  r_squared           : R² (all) = 0.9369, R² (last) = 0.9926
  inv_r_squared       : R² (all) = 0.7033, R² (last) = 0.9180
  inv_r_cubed         : R² (all) = 0.3914, R² (last) = 0.8406
  x                   : R² (all) = 0.9935, R² (last) = 0.9993
  y                   : R² (all) = 0.9931, R² (last) = 0.9996

block_0_mlp_output:
  F_magnitude         : R² (all) = 0.5586, R² (last) = 0.7228
  F_direction_x       : R² (all) = 0.9824, R² (last) = 0.9964
  F_direction_y       : R² (all) = 0.9834, R² (last) = 0.9962
  Fx                  : R² (all) = 0.2328, R² (last) = 0.5896
  Fy                  : R² (all) = 0.2817, R² (last) = 0.8182
  r                   : R² (all) = 0.8662, R² (last) = 0.9940
  inv_r               : R² (all) = 0.8693, R² (last) = 0.9513
  r_squared           : R² (all) = 0.7478, R² (last) = 0.9746
  inv_r_squared       : R² (all) = 0.5586, R² (last) = 0.7228
  inv_r_cubed         : R² (all) = 0.2587, R² (last) = 0.4999
  x                   : R² (all) = 0.9635, R² (last) = 0.9957
  y                   : R² (all) = 0.9621, R² (last) = 0.9968

block_0_after_mlp_merge:
  F_magnitude         : R² (all) = 0.4263, R² (last) = 0.6839
  F_direction_x       : R² (all) = 0.9833, R² (last) = 0.9955
  F_direction_y       : R² (all) = 0.9879, R² (last) = 0.9956
  Fx                  : R² (all) = 0.3011, R² (last) = 0.5167
  Fy                  : R² (all) = 0.3362, R² (last) = 0.7813
  r                   : R² (all) = 0.8424, R² (last) = 0.9839
  inv_r               : R² (all) = 0.7889, R² (last) = 0.9435
  r_squared           : R² (all) = 0.7071, R² (last) = 0.9593
  inv_r_squared       : R² (all) = 0.4263, R² (last) = 0.6839
  inv_r_cubed         : R² (all) = 0.1586, R² (last) = 0.4308
  x                   : R² (all) = 0.9984, R² (last) = 1.0000
  y                   : R² (all) = 0.9991, R² (last) = 1.0000

block_1_attn_output:
  F_magnitude         : R² (all) = 0.4071, R² (last) = 0.4373
  F_direction_x       : R² (all) = 0.8365, R² (last) = 0.9057
  F_direction_y       : R² (all) = 0.9007, R² (last) = 0.9518
  Fx                  : R² (all) = 0.1613, R² (last) = 0.2997
  Fy                  : R² (all) = 0.1946, R² (last) = 0.4941
  r                   : R² (all) = 0.8371, R² (last) = 0.9184
  inv_r               : R² (all) = 0.7240, R² (last) = 0.7814
  r_squared           : R² (all) = 0.7399, R² (last) = 0.8759
  inv_r_squared       : R² (all) = 0.4071, R² (last) = 0.4373
  inv_r_cubed         : R² (all) = 0.1666, R² (last) = 0.2228
  x                   : R² (all) = 0.9123, R² (last) = 0.9573
  y                   : R² (all) = 0.9460, R² (last) = 0.9642

block_1_after_attn_merge:
  F_magnitude         : R² (all) = 0.2230, R² (last) = 0.5304
  F_direction_x       : R² (all) = 0.9629, R² (last) = 0.9902
  F_direction_y       : R² (all) = 0.9591, R² (last) = 0.9896
  Fx                  : R² (all) = 0.2641, R² (last) = 0.4209
  Fy                  : R² (all) = 0.2622, R² (last) = 0.6782
  r                   : R² (all) = 0.9098, R² (last) = 0.9783
  inv_r               : R² (all) = 0.5606, R² (last) = 0.8607
  r_squared           : R² (all) = 0.8505, R² (last) = 0.9616
  inv_r_squared       : R² (all) = 0.2230, R² (last) = 0.5304
  inv_r_cubed         : R² (all) = 0.0630, R² (last) = 0.2914
  x                   : R² (all) = 0.9894, R² (last) = 0.9973
  y                   : R² (all) = 0.9874, R² (last) = 0.9971

block_1_mlp_hidden:
  F_magnitude         : R² (all) = 0.5046, R² (last) = 0.8484
  F_direction_x       : R² (all) = 0.9864, R² (last) = 0.9987
  F_direction_y       : R² (all) = 0.9837, R² (last) = 0.9988
  Fx                  : R² (all) = 0.3983, R² (last) = 0.7719
  Fy                  : R² (all) = 0.3804, R² (last) = 0.9328
  r                   : R² (all) = 0.9878, R² (last) = 0.9995
  inv_r               : R² (all) = 0.8237, R² (last) = 0.9684
  r_squared           : R² (all) = 0.9854, R² (last) = 0.9992
  inv_r_squared       : R² (all) = 0.5046, R² (last) = 0.8484
  inv_r_cubed         : R² (all) = 0.2289, R² (last) = 0.7322
  x                   : R² (all) = 0.9981, R² (last) = 0.9999
  y                   : R² (all) = 0.9976, R² (last) = 0.9999

block_1_mlp_output:
  F_magnitude         : R² (all) = 0.2680, R² (last) = 0.5119
  F_direction_x       : R² (all) = 0.9624, R² (last) = 0.9888
  F_direction_y       : R² (all) = 0.9629, R² (last) = 0.9890
  Fx                  : R² (all) = 0.2644, R² (last) = 0.4000
  Fy                  : R² (all) = 0.2730, R² (last) = 0.6693
  r                   : R² (all) = 0.9387, R² (last) = 0.9809
  inv_r               : R² (all) = 0.6142, R² (last) = 0.8163
  r_squared           : R² (all) = 0.8956, R² (last) = 0.9790
  inv_r_squared       : R² (all) = 0.2680, R² (last) = 0.5119
  inv_r_cubed         : R² (all) = 0.0841, R² (last) = 0.3019
  x                   : R² (all) = 0.9916, R² (last) = 0.9980
  y                   : R² (all) = 0.9891, R² (last) = 0.9976

block_1_after_mlp_merge:
  F_magnitude         : R² (all) = 0.3435, R² (last) = 0.5797
  F_direction_x       : R² (all) = 0.9852, R² (last) = 0.9959
  F_direction_y       : R² (all) = 0.9814, R² (last) = 0.9960
  Fx                  : R² (all) = 0.3692, R² (last) = 0.4832
  Fy                  : R² (all) = 0.3315, R² (last) = 0.7607
  r                   : R² (all) = 0.8948, R² (last) = 0.9664
  inv_r               : R² (all) = 0.7146, R² (last) = 0.8855
  r_squared           : R² (all) = 0.7813, R² (last) = 0.9408
  inv_r_squared       : R² (all) = 0.3435, R² (last) = 0.5797
  inv_r_cubed         : R² (all) = 0.1152, R² (last) = 0.3329
  x                   : R² (all) = 0.9947, R² (last) = 0.9999
  y                   : R² (all) = 0.9965, R² (last) = 0.9999

after_ln_f:
  F_magnitude         : R² (all) = 0.2353, R² (last) = 0.5070
  F_direction_x       : R² (all) = 0.9742, R² (last) = 0.9919
  F_direction_y       : R² (all) = 0.9664, R² (last) = 0.9935
  Fx                  : R² (all) = 0.3016, R² (last) = 0.3907
  Fy                  : R² (all) = 0.2524, R² (last) = 0.6554
  r                   : R² (all) = 0.8776, R² (last) = 0.9826
  inv_r               : R² (all) = 0.5601, R² (last) = 0.8553
  r_squared           : R² (all) = 0.8255, R² (last) = 0.9708
  inv_r_squared       : R² (all) = 0.2353, R² (last) = 0.5070
  inv_r_cubed         : R² (all) = 0.0714, R² (last) = 0.2621
  x                   : R² (all) = 0.9981, R² (last) = 0.9995
  y                   : R² (all) = 0.9979, R² (last) = 0.9996
Evaluating on 500 trajectories...
Conditioning length: 50, Generating 50 more steps per trajectory...

Error Statistics (aggregated across all 500 trajectories):
Mean position error: 0.400761 ± 0.394883
Max position error: 3.382904
R² scores:
  X coordinate: 0.592698 ± 0.571087
  Y coordinate: 0.593748 ± 0.554952
Evaluating on 500 trajectories...
Conditioning length: 50, Generating 50 more steps per trajectory...

Error Statistics (aggregated across all 500 trajectories):
Mean position error: 0.415214 ± 0.399973
Max position error: 3.214329
R² scores:
  X coordinate: 0.538969 ± 0.635858
  Y coordinate: 0.548569 ± 0.611298
Evaluation at step 1501 completed.

Step 1600, Total Train Loss: 0.008876, Prediction Loss: 0.008076, Test Loss: 0.001369, Attention Entropy: 0.8009, Entropy Reg Loss: 0.000801, Entropy Reg Active: True, GPU Memory: 0.000 GB

Evaluating at step 1601...
Activations collected:
  input_embed: torch.Size([1000, 99, 32])
  after_pos_emb: torch.Size([1000, 99, 32])
  block_0_attn_output: torch.Size([1000, 99, 32])
  block_0_after_attn_merge: torch.Size([1000, 99, 32])
  block_0_mlp_hidden: torch.Size([1000, 99, 128])
  block_0_mlp_output: torch.Size([1000, 99, 32])
  block_0_after_mlp_merge: torch.Size([1000, 99, 32])
  block_1_attn_output: torch.Size([1000, 99, 32])
  block_1_after_attn_merge: torch.Size([1000, 99, 32])
  block_1_mlp_hidden: torch.Size([1000, 99, 128])
  block_1_mlp_output: torch.Size([1000, 99, 32])
  block_1_after_mlp_merge: torch.Size([1000, 99, 32])
  after_ln_f: torch.Size([1000, 99, 32])

Linear Probe Results (R² scores):
================================================================================

input_embed:
  F_magnitude         : R² (all) = 0.0001, R² (last) = 0.0001
  F_direction_x       : R² (all) = 0.8330, R² (last) = 0.8285
  F_direction_y       : R² (all) = 0.8305, R² (last) = 0.8354
  Fx                  : R² (all) = 0.0609, R² (last) = 0.0484
  Fy                  : R² (all) = 0.0668, R² (last) = 0.0653
  r                   : R² (all) = 0.0009, R² (last) = 0.0018
  inv_r               : R² (all) = 0.0004, R² (last) = 0.0007
  r_squared           : R² (all) = 0.0009, R² (last) = 0.0021
  inv_r_squared       : R² (all) = 0.0001, R² (last) = 0.0001
  inv_r_cubed         : R² (all) = 0.0000, R² (last) = 0.0000
  x                   : R² (all) = 1.0000, R² (last) = 1.0000
  y                   : R² (all) = 1.0000, R² (last) = 1.0000

after_pos_emb:
  F_magnitude         : R² (all) = 0.0368, R² (last) = 0.0001
  F_direction_x       : R² (all) = 0.8331, R² (last) = 0.8285
  F_direction_y       : R² (all) = 0.8305, R² (last) = 0.8354
  Fx                  : R² (all) = 0.0612, R² (last) = 0.0484
  Fy                  : R² (all) = 0.0671, R² (last) = 0.0653
  r                   : R² (all) = 0.0585, R² (last) = 0.0018
  inv_r               : R² (all) = 0.0478, R² (last) = 0.0007
  r_squared           : R² (all) = 0.0639, R² (last) = 0.0021
  inv_r_squared       : R² (all) = 0.0368, R² (last) = 0.0001
  inv_r_cubed         : R² (all) = 0.0219, R² (last) = 0.0000
  x                   : R² (all) = 1.0000, R² (last) = 1.0000
  y                   : R² (all) = 1.0000, R² (last) = 1.0000

block_0_attn_output:
  F_magnitude         : R² (all) = 0.2801, R² (last) = 0.4532
  F_direction_x       : R² (all) = 0.9054, R² (last) = 0.9466
  F_direction_y       : R² (all) = 0.9076, R² (last) = 0.9442
  Fx                  : R² (all) = 0.0914, R² (last) = 0.2444
  Fy                  : R² (all) = 0.1490, R² (last) = 0.3922
  r                   : R² (all) = 0.8735, R² (last) = 0.8885
  inv_r               : R² (all) = 0.6412, R² (last) = 0.7608
  r_squared           : R² (all) = 0.7585, R² (last) = 0.7977
  inv_r_squared       : R² (all) = 0.2801, R² (last) = 0.4533
  inv_r_cubed         : R² (all) = 0.0822, R² (last) = 0.2309
  x                   : R² (all) = 0.9104, R² (last) = 0.9230
  y                   : R² (all) = 0.9101, R² (last) = 0.9129

block_0_after_attn_merge:
  F_magnitude         : R² (all) = 0.4584, R² (last) = 0.6628
  F_direction_x       : R² (all) = 0.9761, R² (last) = 0.9844
  F_direction_y       : R² (all) = 0.9775, R² (last) = 0.9904
  Fx                  : R² (all) = 0.1410, R² (last) = 0.3384
  Fy                  : R² (all) = 0.2309, R² (last) = 0.5772
  r                   : R² (all) = 0.8090, R² (last) = 0.9246
  inv_r               : R² (all) = 0.8368, R² (last) = 0.8990
  r_squared           : R² (all) = 0.6268, R² (last) = 0.8310
  inv_r_squared       : R² (all) = 0.4584, R² (last) = 0.6628
  inv_r_cubed         : R² (all) = 0.1642, R² (last) = 0.4369
  x                   : R² (all) = 0.9518, R² (last) = 0.9696
  y                   : R² (all) = 0.9530, R² (last) = 0.9781

block_0_mlp_hidden:
  F_magnitude         : R² (all) = 0.7086, R² (last) = 0.9710
  F_direction_x       : R² (all) = 0.9954, R² (last) = 0.9995
  F_direction_y       : R² (all) = 0.9945, R² (last) = 0.9996
  Fx                  : R² (all) = 0.4965, R² (last) = 0.9535
  Fy                  : R² (all) = 0.5198, R² (last) = 0.9592
  r                   : R² (all) = 0.9831, R² (last) = 0.9986
  inv_r               : R² (all) = 0.9491, R² (last) = 0.9938
  r_squared           : R² (all) = 0.9394, R² (last) = 0.9930
  inv_r_squared       : R² (all) = 0.7086, R² (last) = 0.9710
  inv_r_cubed         : R² (all) = 0.3838, R² (last) = 0.9426
  x                   : R² (all) = 0.9935, R² (last) = 0.9994
  y                   : R² (all) = 0.9930, R² (last) = 0.9995

block_0_mlp_output:
  F_magnitude         : R² (all) = 0.5598, R² (last) = 0.8307
  F_direction_x       : R² (all) = 0.9831, R² (last) = 0.9960
  F_direction_y       : R² (all) = 0.9834, R² (last) = 0.9967
  Fx                  : R² (all) = 0.2463, R² (last) = 0.6551
  Fy                  : R² (all) = 0.3030, R² (last) = 0.7632
  r                   : R² (all) = 0.8667, R² (last) = 0.9930
  inv_r               : R² (all) = 0.8740, R² (last) = 0.9665
  r_squared           : R² (all) = 0.7474, R² (last) = 0.9706
  inv_r_squared       : R² (all) = 0.5598, R² (last) = 0.8307
  inv_r_cubed         : R² (all) = 0.2442, R² (last) = 0.6685
  x                   : R² (all) = 0.9643, R² (last) = 0.9956
  y                   : R² (all) = 0.9622, R² (last) = 0.9959

block_0_after_mlp_merge:
  F_magnitude         : R² (all) = 0.4461, R² (last) = 0.8112
  F_direction_x       : R² (all) = 0.9837, R² (last) = 0.9954
  F_direction_y       : R² (all) = 0.9880, R² (last) = 0.9952
  Fx                  : R² (all) = 0.3220, R² (last) = 0.6077
  Fy                  : R² (all) = 0.3648, R² (last) = 0.6985
  r                   : R² (all) = 0.8392, R² (last) = 0.9834
  inv_r               : R² (all) = 0.8045, R² (last) = 0.9575
  r_squared           : R² (all) = 0.7053, R² (last) = 0.9574
  inv_r_squared       : R² (all) = 0.4461, R² (last) = 0.8112
  inv_r_cubed         : R² (all) = 0.1594, R² (last) = 0.6345
  x                   : R² (all) = 0.9984, R² (last) = 1.0000
  y                   : R² (all) = 0.9990, R² (last) = 1.0000

block_1_attn_output:
  F_magnitude         : R² (all) = 0.4272, R² (last) = 0.5497
  F_direction_x       : R² (all) = 0.8432, R² (last) = 0.9082
  F_direction_y       : R² (all) = 0.9004, R² (last) = 0.9501
  Fx                  : R² (all) = 0.1856, R² (last) = 0.2961
  Fy                  : R² (all) = 0.2251, R² (last) = 0.4527
  r                   : R² (all) = 0.8370, R² (last) = 0.9124
  inv_r               : R² (all) = 0.7380, R² (last) = 0.8067
  r_squared           : R² (all) = 0.7415, R² (last) = 0.8644
  inv_r_squared       : R² (all) = 0.4272, R² (last) = 0.5497
  inv_r_cubed         : R² (all) = 0.1732, R² (last) = 0.3339
  x                   : R² (all) = 0.9164, R² (last) = 0.9533
  y                   : R² (all) = 0.9453, R² (last) = 0.9667

block_1_after_attn_merge:
  F_magnitude         : R² (all) = 0.2360, R² (last) = 0.6325
  F_direction_x       : R² (all) = 0.9627, R² (last) = 0.9883
  F_direction_y       : R² (all) = 0.9592, R² (last) = 0.9885
  Fx                  : R² (all) = 0.2838, R² (last) = 0.4596
  Fy                  : R² (all) = 0.2867, R² (last) = 0.6079
  r                   : R² (all) = 0.9088, R² (last) = 0.9766
  inv_r               : R² (all) = 0.5756, R² (last) = 0.8824
  r_squared           : R² (all) = 0.8500, R² (last) = 0.9590
  inv_r_squared       : R² (all) = 0.2360, R² (last) = 0.6325
  inv_r_cubed         : R² (all) = 0.0630, R² (last) = 0.4042
  x                   : R² (all) = 0.9893, R² (last) = 0.9972
  y                   : R² (all) = 0.9877, R² (last) = 0.9970

block_1_mlp_hidden:
  F_magnitude         : R² (all) = 0.5132, R² (last) = 0.8840
  F_direction_x       : R² (all) = 0.9865, R² (last) = 0.9985
  F_direction_y       : R² (all) = 0.9836, R² (last) = 0.9984
  Fx                  : R² (all) = 0.4184, R² (last) = 0.8200
  Fy                  : R² (all) = 0.4138, R² (last) = 0.8705
  r                   : R² (all) = 0.9879, R² (last) = 0.9995
  inv_r               : R² (all) = 0.8327, R² (last) = 0.9737
  r_squared           : R² (all) = 0.9854, R² (last) = 0.9993
  inv_r_squared       : R² (all) = 0.5132, R² (last) = 0.8840
  inv_r_cubed         : R² (all) = 0.2202, R² (last) = 0.7760
  x                   : R² (all) = 0.9980, R² (last) = 0.9999
  y                   : R² (all) = 0.9976, R² (last) = 0.9999

block_1_mlp_output:
  F_magnitude         : R² (all) = 0.2716, R² (last) = 0.5673
  F_direction_x       : R² (all) = 0.9620, R² (last) = 0.9870
  F_direction_y       : R² (all) = 0.9624, R² (last) = 0.9867
  Fx                  : R² (all) = 0.2826, R² (last) = 0.4397
  Fy                  : R² (all) = 0.2958, R² (last) = 0.5251
  r                   : R² (all) = 0.9376, R² (last) = 0.9814
  inv_r               : R² (all) = 0.6209, R² (last) = 0.8189
  r_squared           : R² (all) = 0.8948, R² (last) = 0.9791
  inv_r_squared       : R² (all) = 0.2716, R² (last) = 0.5673
  inv_r_cubed         : R² (all) = 0.0783, R² (last) = 0.3753
  x                   : R² (all) = 0.9914, R² (last) = 0.9980
  y                   : R² (all) = 0.9894, R² (last) = 0.9974

block_1_after_mlp_merge:
  F_magnitude         : R² (all) = 0.3623, R² (last) = 0.6807
  F_direction_x       : R² (all) = 0.9855, R² (last) = 0.9958
  F_direction_y       : R² (all) = 0.9816, R² (last) = 0.9959
  Fx                  : R² (all) = 0.3930, R² (last) = 0.6635
  Fy                  : R² (all) = 0.3589, R² (last) = 0.7135
  r                   : R² (all) = 0.8921, R² (last) = 0.9682
  inv_r               : R² (all) = 0.7321, R² (last) = 0.9025
  r_squared           : R² (all) = 0.7783, R² (last) = 0.9421
  inv_r_squared       : R² (all) = 0.3623, R² (last) = 0.6807
  inv_r_cubed         : R² (all) = 0.1165, R² (last) = 0.4638
  x                   : R² (all) = 0.9946, R² (last) = 0.9999
  y                   : R² (all) = 0.9962, R² (last) = 0.9999

after_ln_f:
  F_magnitude         : R² (all) = 0.2477, R² (last) = 0.6325
  F_direction_x       : R² (all) = 0.9744, R² (last) = 0.9915
  F_direction_y       : R² (all) = 0.9664, R² (last) = 0.9931
  Fx                  : R² (all) = 0.3245, R² (last) = 0.5452
  Fy                  : R² (all) = 0.2797, R² (last) = 0.6362
  r                   : R² (all) = 0.8744, R² (last) = 0.9826
  inv_r               : R² (all) = 0.5741, R² (last) = 0.8864
  r_squared           : R² (all) = 0.8224, R² (last) = 0.9693
  inv_r_squared       : R² (all) = 0.2477, R² (last) = 0.6325
  inv_r_cubed         : R² (all) = 0.0708, R² (last) = 0.4020
  x                   : R² (all) = 0.9980, R² (last) = 0.9995
  y                   : R² (all) = 0.9977, R² (last) = 0.9995
Evaluating on 500 trajectories...
Conditioning length: 50, Generating 50 more steps per trajectory...

Error Statistics (aggregated across all 500 trajectories):
Mean position error: 0.433076 ± 0.433287
Max position error: 3.232187
R² scores:
  X coordinate: 0.495888 ± 0.693296
  Y coordinate: 0.486155 ± 0.688701
Evaluating on 500 trajectories...
Conditioning length: 50, Generating 50 more steps per trajectory...

Error Statistics (aggregated across all 500 trajectories):
Mean position error: 0.421804 ± 0.421131
Max position error: 3.200099
R² scores:
  X coordinate: 0.498406 ± 0.693941
  Y coordinate: 0.499258 ± 0.683540
Evaluation at step 1601 completed.

Step 1700, Total Train Loss: 0.008728, Prediction Loss: 0.007934, Test Loss: 0.001655, Attention Entropy: 0.7943, Entropy Reg Loss: 0.000794, Entropy Reg Active: True, GPU Memory: 0.000 GB

Evaluating at step 1701...
Activations collected:
  input_embed: torch.Size([1000, 99, 32])
  after_pos_emb: torch.Size([1000, 99, 32])
  block_0_attn_output: torch.Size([1000, 99, 32])
  block_0_after_attn_merge: torch.Size([1000, 99, 32])
  block_0_mlp_hidden: torch.Size([1000, 99, 128])
  block_0_mlp_output: torch.Size([1000, 99, 32])
  block_0_after_mlp_merge: torch.Size([1000, 99, 32])
  block_1_attn_output: torch.Size([1000, 99, 32])
  block_1_after_attn_merge: torch.Size([1000, 99, 32])
  block_1_mlp_hidden: torch.Size([1000, 99, 128])
  block_1_mlp_output: torch.Size([1000, 99, 32])
  block_1_after_mlp_merge: torch.Size([1000, 99, 32])
  after_ln_f: torch.Size([1000, 99, 32])

Linear Probe Results (R² scores):
================================================================================

input_embed:
  F_magnitude         : R² (all) = 0.0001, R² (last) = 0.0000
  F_direction_x       : R² (all) = 0.8342, R² (last) = 0.8335
  F_direction_y       : R² (all) = 0.8336, R² (last) = 0.8379
  Fx                  : R² (all) = 0.0568, R² (last) = 0.0576
  Fy                  : R² (all) = 0.0640, R² (last) = 0.0701
  r                   : R² (all) = 0.0013, R² (last) = 0.0000
  inv_r               : R² (all) = 0.0004, R² (last) = 0.0002
  r_squared           : R² (all) = 0.0017, R² (last) = -0.0001
  inv_r_squared       : R² (all) = 0.0001, R² (last) = 0.0001
  inv_r_cubed         : R² (all) = 0.0000, R² (last) = 0.0000
  x                   : R² (all) = 1.0000, R² (last) = 1.0000
  y                   : R² (all) = 1.0000, R² (last) = 1.0000

after_pos_emb:
  F_magnitude         : R² (all) = 0.0357, R² (last) = 0.0001
  F_direction_x       : R² (all) = 0.8343, R² (last) = 0.8335
  F_direction_y       : R² (all) = 0.8336, R² (last) = 0.8380
  Fx                  : R² (all) = 0.0570, R² (last) = 0.0576
  Fy                  : R² (all) = 0.0643, R² (last) = 0.0702
  r                   : R² (all) = 0.0665, R² (last) = 0.0002
  inv_r               : R² (all) = 0.0501, R² (last) = 0.0002
  r_squared           : R² (all) = 0.0738, R² (last) = 0.0001
  inv_r_squared       : R² (all) = 0.0357, R² (last) = 0.0001
  inv_r_cubed         : R² (all) = 0.0183, R² (last) = 0.0000
  x                   : R² (all) = 1.0000, R² (last) = 1.0000
  y                   : R² (all) = 1.0000, R² (last) = 1.0000

block_0_attn_output:
  F_magnitude         : R² (all) = 0.2837, R² (last) = 0.4652
  F_direction_x       : R² (all) = 0.9038, R² (last) = 0.9519
  F_direction_y       : R² (all) = 0.9101, R² (last) = 0.9486
  Fx                  : R² (all) = 0.0737, R² (last) = 0.2960
  Fy                  : R² (all) = 0.1358, R² (last) = 0.3846
  r                   : R² (all) = 0.8725, R² (last) = 0.9106
  inv_r               : R² (all) = 0.6554, R² (last) = 0.7518
  r_squared           : R² (all) = 0.7579, R² (last) = 0.8565
  inv_r_squared       : R² (all) = 0.2837, R² (last) = 0.4652
  inv_r_cubed         : R² (all) = 0.0750, R² (last) = 0.2616
  x                   : R² (all) = 0.9121, R² (last) = 0.9171
  y                   : R² (all) = 0.9114, R² (last) = 0.9188

block_0_after_attn_merge:
  F_magnitude         : R² (all) = 0.4563, R² (last) = 0.6762
  F_direction_x       : R² (all) = 0.9760, R² (last) = 0.9859
  F_direction_y       : R² (all) = 0.9786, R² (last) = 0.9904
  Fx                  : R² (all) = 0.1371, R² (last) = 0.3823
  Fy                  : R² (all) = 0.2303, R² (last) = 0.5445
  r                   : R² (all) = 0.8125, R² (last) = 0.9348
  inv_r               : R² (all) = 0.8451, R² (last) = 0.9075
  r_squared           : R² (all) = 0.6338, R² (last) = 0.8479
  inv_r_squared       : R² (all) = 0.4563, R² (last) = 0.6762
  inv_r_cubed         : R² (all) = 0.1499, R² (last) = 0.4635
  x                   : R² (all) = 0.9531, R² (last) = 0.9748
  y                   : R² (all) = 0.9562, R² (last) = 0.9809

block_0_mlp_hidden:
  F_magnitude         : R² (all) = 0.6926, R² (last) = 0.9770
  F_direction_x       : R² (all) = 0.9956, R² (last) = 0.9995
  F_direction_y       : R² (all) = 0.9950, R² (last) = 0.9995
  Fx                  : R² (all) = 0.4861, R² (last) = 0.9539
  Fy                  : R² (all) = 0.5242, R² (last) = 0.9438
  r                   : R² (all) = 0.9838, R² (last) = 0.9990
  inv_r               : R² (all) = 0.9491, R² (last) = 0.9958
  r_squared           : R² (all) = 0.9415, R² (last) = 0.9946
  inv_r_squared       : R² (all) = 0.6926, R² (last) = 0.9770
  inv_r_cubed         : R² (all) = 0.3474, R² (last) = 0.9489
  x                   : R² (all) = 0.9937, R² (last) = 0.9993
  y                   : R² (all) = 0.9935, R² (last) = 0.9996

block_0_mlp_output:
  F_magnitude         : R² (all) = 0.5581, R² (last) = 0.8646
  F_direction_x       : R² (all) = 0.9831, R² (last) = 0.9964
  F_direction_y       : R² (all) = 0.9843, R² (last) = 0.9958
  Fx                  : R² (all) = 0.2513, R² (last) = 0.6986
  Fy                  : R² (all) = 0.3001, R² (last) = 0.6764
  r                   : R² (all) = 0.8686, R² (last) = 0.9934
  inv_r               : R² (all) = 0.8791, R² (last) = 0.9756
  r_squared           : R² (all) = 0.7512, R² (last) = 0.9735
  inv_r_squared       : R² (all) = 0.5581, R² (last) = 0.8646
  inv_r_cubed         : R² (all) = 0.2305, R² (last) = 0.7178
  x                   : R² (all) = 0.9643, R² (last) = 0.9959
  y                   : R² (all) = 0.9638, R² (last) = 0.9966

block_0_after_mlp_merge:
  F_magnitude         : R² (all) = 0.4376, R² (last) = 0.8510
  F_direction_x       : R² (all) = 0.9837, R² (last) = 0.9956
  F_direction_y       : R² (all) = 0.9888, R² (last) = 0.9948
  Fx                  : R² (all) = 0.3181, R² (last) = 0.6429
  Fy                  : R² (all) = 0.3610, R² (last) = 0.6540
  r                   : R² (all) = 0.8423, R² (last) = 0.9859
  inv_r               : R² (all) = 0.8079, R² (last) = 0.9674
  r_squared           : R² (all) = 0.7089, R² (last) = 0.9636
  inv_r_squared       : R² (all) = 0.4376, R² (last) = 0.8510
  inv_r_cubed         : R² (all) = 0.1443, R² (last) = 0.7091
  x                   : R² (all) = 0.9985, R² (last) = 1.0000
  y                   : R² (all) = 0.9990, R² (last) = 1.0000

block_1_attn_output:
  F_magnitude         : R² (all) = 0.4232, R² (last) = 0.5549
  F_direction_x       : R² (all) = 0.8480, R² (last) = 0.9094
  F_direction_y       : R² (all) = 0.9022, R² (last) = 0.9385
  Fx                  : R² (all) = 0.1848, R² (last) = 0.2690
  Fy                  : R² (all) = 0.2223, R² (last) = 0.3589
  r                   : R² (all) = 0.8395, R² (last) = 0.9077
  inv_r               : R² (all) = 0.7511, R² (last) = 0.8135
  r_squared           : R² (all) = 0.7448, R² (last) = 0.8637
  inv_r_squared       : R² (all) = 0.4232, R² (last) = 0.5549
  inv_r_cubed         : R² (all) = 0.1500, R² (last) = 0.3344
  x                   : R² (all) = 0.9194, R² (last) = 0.9571
  y                   : R² (all) = 0.9471, R² (last) = 0.9619

block_1_after_attn_merge:
  F_magnitude         : R² (all) = 0.2370, R² (last) = 0.6635
  F_direction_x       : R² (all) = 0.9628, R² (last) = 0.9887
  F_direction_y       : R² (all) = 0.9598, R² (last) = 0.9876
  Fx                  : R² (all) = 0.2816, R² (last) = 0.5050
  Fy                  : R² (all) = 0.2785, R² (last) = 0.5152
  r                   : R² (all) = 0.9119, R² (last) = 0.9798
  inv_r               : R² (all) = 0.5855, R² (last) = 0.8951
  r_squared           : R² (all) = 0.8546, R² (last) = 0.9653
  inv_r_squared       : R² (all) = 0.2370, R² (last) = 0.6635
  inv_r_cubed         : R² (all) = 0.0597, R² (last) = 0.4300
  x                   : R² (all) = 0.9898, R² (last) = 0.9973
  y                   : R² (all) = 0.9879, R² (last) = 0.9971

block_1_mlp_hidden:
  F_magnitude         : R² (all) = 0.5004, R² (last) = 0.9329
  F_direction_x       : R² (all) = 0.9868, R² (last) = 0.9989
  F_direction_y       : R² (all) = 0.9842, R² (last) = 0.9981
  Fx                  : R² (all) = 0.4131, R² (last) = 0.8710
  Fy                  : R² (all) = 0.3989, R² (last) = 0.8178
  r                   : R² (all) = 0.9886, R² (last) = 0.9996
  inv_r               : R² (all) = 0.8349, R² (last) = 0.9852
  r_squared           : R² (all) = 0.9864, R² (last) = 0.9993
  inv_r_squared       : R² (all) = 0.5004, R² (last) = 0.9329
  inv_r_cubed         : R² (all) = 0.1959, R² (last) = 0.8588
  x                   : R² (all) = 0.9981, R² (last) = 1.0000
  y                   : R² (all) = 0.9976, R² (last) = 0.9999

block_1_mlp_output:
  F_magnitude         : R² (all) = 0.2775, R² (last) = 0.6032
  F_direction_x       : R² (all) = 0.9631, R² (last) = 0.9885
  F_direction_y       : R² (all) = 0.9630, R² (last) = 0.9873
  Fx                  : R² (all) = 0.2813, R² (last) = 0.4920
  Fy                  : R² (all) = 0.2868, R² (last) = 0.4957
  r                   : R² (all) = 0.9386, R² (last) = 0.9812
  inv_r               : R² (all) = 0.6340, R² (last) = 0.8330
  r_squared           : R² (all) = 0.8972, R² (last) = 0.9795
  inv_r_squared       : R² (all) = 0.2775, R² (last) = 0.6032
  inv_r_cubed         : R² (all) = 0.0763, R² (last) = 0.4164
  x                   : R² (all) = 0.9919, R² (last) = 0.9983
  y                   : R² (all) = 0.9893, R² (last) = 0.9976

block_1_after_mlp_merge:
  F_magnitude         : R² (all) = 0.3637, R² (last) = 0.7480
  F_direction_x       : R² (all) = 0.9856, R² (last) = 0.9951
  F_direction_y       : R² (all) = 0.9823, R² (last) = 0.9955
  Fx                  : R² (all) = 0.3919, R² (last) = 0.5679
  Fy                  : R² (all) = 0.3566, R² (last) = 0.6854
  r                   : R² (all) = 0.8945, R² (last) = 0.9680
  inv_r               : R² (all) = 0.7430, R² (last) = 0.9242
  r_squared           : R² (all) = 0.7817, R² (last) = 0.9461
  inv_r_squared       : R² (all) = 0.3637, R² (last) = 0.7480
  inv_r_cubed         : R² (all) = 0.1100, R² (last) = 0.5509
  x                   : R² (all) = 0.9949, R² (last) = 0.9999
  y                   : R² (all) = 0.9963, R² (last) = 0.9999

after_ln_f:
  F_magnitude         : R² (all) = 0.2480, R² (last) = 0.6689
  F_direction_x       : R² (all) = 0.9744, R² (last) = 0.9911
  F_direction_y       : R² (all) = 0.9673, R² (last) = 0.9926
  Fx                  : R² (all) = 0.3229, R² (last) = 0.4817
  Fy                  : R² (all) = 0.2752, R² (last) = 0.5727
  r                   : R² (all) = 0.8759, R² (last) = 0.9840
  inv_r               : R² (all) = 0.5831, R² (last) = 0.8987
  r_squared           : R² (all) = 0.8240, R² (last) = 0.9737
  inv_r_squared       : R² (all) = 0.2480, R² (last) = 0.6689
  inv_r_cubed         : R² (all) = 0.0665, R² (last) = 0.4417
  x                   : R² (all) = 0.9982, R² (last) = 0.9996
  y                   : R² (all) = 0.9979, R² (last) = 0.9995
Evaluating on 500 trajectories...
Conditioning length: 50, Generating 50 more steps per trajectory...

Error Statistics (aggregated across all 500 trajectories):
Mean position error: 0.407793 ± 0.403242
Max position error: 3.236989
R² scores:
  X coordinate: 0.548650 ± 0.608455
  Y coordinate: 0.550806 ± 0.601736
Evaluating on 500 trajectories...
Conditioning length: 50, Generating 50 more steps per trajectory...

Error Statistics (aggregated across all 500 trajectories):
Mean position error: 0.392331 ± 0.402748
Max position error: 3.309866
R² scores:
  X coordinate: 0.579644 ± 0.608262
  Y coordinate: 0.562152 ± 0.646392
Evaluation at step 1701 completed.

Step 1800, Total Train Loss: 0.008898, Prediction Loss: 0.008100, Test Loss: 0.001431, Attention Entropy: 0.7978, Entropy Reg Loss: 0.000798, Entropy Reg Active: True, GPU Memory: 0.000 GB

Evaluating at step 1801...
Activations collected:
  input_embed: torch.Size([1000, 99, 32])
  after_pos_emb: torch.Size([1000, 99, 32])
  block_0_attn_output: torch.Size([1000, 99, 32])
  block_0_after_attn_merge: torch.Size([1000, 99, 32])
  block_0_mlp_hidden: torch.Size([1000, 99, 128])
  block_0_mlp_output: torch.Size([1000, 99, 32])
  block_0_after_mlp_merge: torch.Size([1000, 99, 32])
  block_1_attn_output: torch.Size([1000, 99, 32])
  block_1_after_attn_merge: torch.Size([1000, 99, 32])
  block_1_mlp_hidden: torch.Size([1000, 99, 128])
  block_1_mlp_output: torch.Size([1000, 99, 32])
  block_1_after_mlp_merge: torch.Size([1000, 99, 32])
  after_ln_f: torch.Size([1000, 99, 32])

Linear Probe Results (R² scores):
================================================================================

input_embed:
  F_magnitude         : R² (all) = 0.0001, R² (last) = -0.0002
  F_direction_x       : R² (all) = 0.8370, R² (last) = 0.8335
  F_direction_y       : R² (all) = 0.8287, R² (last) = 0.8355
  Fx                  : R² (all) = 0.0681, R² (last) = 0.0639
  Fy                  : R² (all) = 0.0729, R² (last) = 0.1052
  r                   : R² (all) = 0.0003, R² (last) = 0.0007
  inv_r               : R² (all) = 0.0002, R² (last) = 0.0000
  r_squared           : R² (all) = 0.0005, R² (last) = 0.0015
  inv_r_squared       : R² (all) = 0.0001, R² (last) = -0.0001
  inv_r_cubed         : R² (all) = 0.0000, R² (last) = -0.0001
  x                   : R² (all) = 1.0000, R² (last) = 1.0000
  y                   : R² (all) = 1.0000, R² (last) = 1.0000

after_pos_emb:
  F_magnitude         : R² (all) = 0.0369, R² (last) = 0.0000
  F_direction_x       : R² (all) = 0.8371, R² (last) = 0.8335
  F_direction_y       : R² (all) = 0.8288, R² (last) = 0.8355
  Fx                  : R² (all) = 0.0685, R² (last) = 0.0639
  Fy                  : R² (all) = 0.0735, R² (last) = 0.1052
  r                   : R² (all) = 0.0675, R² (last) = 0.0012
  inv_r               : R² (all) = 0.0485, R² (last) = 0.0003
  r_squared           : R² (all) = 0.0753, R² (last) = 0.0016
  inv_r_squared       : R² (all) = 0.0369, R² (last) = 0.0000
  inv_r_cubed         : R² (all) = 0.0238, R² (last) = 0.0000
  x                   : R² (all) = 1.0000, R² (last) = 1.0000
  y                   : R² (all) = 1.0000, R² (last) = 1.0000

block_0_attn_output:
  F_magnitude         : R² (all) = 0.3117, R² (last) = 0.5652
  F_direction_x       : R² (all) = 0.9115, R² (last) = 0.9560
  F_direction_y       : R² (all) = 0.9126, R² (last) = 0.9529
  Fx                  : R² (all) = 0.1038, R² (last) = 0.3173
  Fy                  : R² (all) = 0.1657, R² (last) = 0.5180
  r                   : R² (all) = 0.8737, R² (last) = 0.8910
  inv_r               : R² (all) = 0.6657, R² (last) = 0.8071
  r_squared           : R² (all) = 0.7561, R² (last) = 0.8180
  inv_r_squared       : R² (all) = 0.3117, R² (last) = 0.5651
  inv_r_cubed         : R² (all) = 0.1010, R² (last) = 0.3435
  x                   : R² (all) = 0.9141, R² (last) = 0.9132
  y                   : R² (all) = 0.9140, R² (last) = 0.9323

block_0_after_attn_merge:
  F_magnitude         : R² (all) = 0.5018, R² (last) = 0.7107
  F_direction_x       : R² (all) = 0.9778, R² (last) = 0.9880
  F_direction_y       : R² (all) = 0.9790, R² (last) = 0.9920
  Fx                  : R² (all) = 0.1586, R² (last) = 0.4033
  Fy                  : R² (all) = 0.2584, R² (last) = 0.7151
  r                   : R² (all) = 0.8112, R² (last) = 0.9334
  inv_r               : R² (all) = 0.8560, R² (last) = 0.9193
  r_squared           : R² (all) = 0.6327, R² (last) = 0.8510
  inv_r_squared       : R² (all) = 0.5018, R² (last) = 0.7107
  inv_r_cubed         : R² (all) = 0.2011, R² (last) = 0.4822
  x                   : R² (all) = 0.9548, R² (last) = 0.9737
  y                   : R² (all) = 0.9555, R² (last) = 0.9819

block_0_mlp_hidden:
  F_magnitude         : R² (all) = 0.7543, R² (last) = 0.9812
  F_direction_x       : R² (all) = 0.9960, R² (last) = 0.9996
  F_direction_y       : R² (all) = 0.9952, R² (last) = 0.9996
  Fx                  : R² (all) = 0.5460, R² (last) = 0.9648
  Fy                  : R² (all) = 0.5706, R² (last) = 0.9737
  r                   : R² (all) = 0.9846, R² (last) = 0.9990
  inv_r               : R² (all) = 0.9577, R² (last) = 0.9966
  r_squared           : R² (all) = 0.9441, R² (last) = 0.9947
  inv_r_squared       : R² (all) = 0.7543, R² (last) = 0.9812
  inv_r_cubed         : R² (all) = 0.4526, R² (last) = 0.9575
  x                   : R² (all) = 0.9940, R² (last) = 0.9994
  y                   : R² (all) = 0.9935, R² (last) = 0.9996

block_0_mlp_output:
  F_magnitude         : R² (all) = 0.5949, R² (last) = 0.8685
  F_direction_x       : R² (all) = 0.9842, R² (last) = 0.9965
  F_direction_y       : R² (all) = 0.9844, R² (last) = 0.9969
  Fx                  : R² (all) = 0.2638, R² (last) = 0.6441
  Fy                  : R² (all) = 0.3304, R² (last) = 0.8312
  r                   : R² (all) = 0.8740, R² (last) = 0.9926
  inv_r               : R² (all) = 0.8822, R² (last) = 0.9787
  r_squared           : R² (all) = 0.7621, R² (last) = 0.9723
  inv_r_squared       : R² (all) = 0.5949, R² (last) = 0.8685
  inv_r_cubed         : R² (all) = 0.2876, R² (last) = 0.6910
  x                   : R² (all) = 0.9656, R² (last) = 0.9955
  y                   : R² (all) = 0.9632, R² (last) = 0.9969

block_0_after_mlp_merge:
  F_magnitude         : R² (all) = 0.4810, R² (last) = 0.8640
  F_direction_x       : R² (all) = 0.9849, R² (last) = 0.9962
  F_direction_y       : R² (all) = 0.9893, R² (last) = 0.9957
  Fx                  : R² (all) = 0.3578, R² (last) = 0.6286
  Fy                  : R² (all) = 0.3996, R² (last) = 0.7836
  r                   : R² (all) = 0.8400, R² (last) = 0.9847
  inv_r               : R² (all) = 0.8168, R² (last) = 0.9726
  r_squared           : R² (all) = 0.7083, R² (last) = 0.9615
  inv_r_squared       : R² (all) = 0.4810, R² (last) = 0.8640
  inv_r_cubed         : R² (all) = 0.1929, R² (last) = 0.6938
  x                   : R² (all) = 0.9985, R² (last) = 1.0000
  y                   : R² (all) = 0.9991, R² (last) = 1.0000

block_1_attn_output:
  F_magnitude         : R² (all) = 0.4839, R² (last) = 0.5614
  F_direction_x       : R² (all) = 0.8559, R² (last) = 0.9160
  F_direction_y       : R² (all) = 0.9073, R² (last) = 0.9524
  Fx                  : R² (all) = 0.2206, R² (last) = 0.2991
  Fy                  : R² (all) = 0.2555, R² (last) = 0.5341
  r                   : R² (all) = 0.8402, R² (last) = 0.9096
  inv_r               : R² (all) = 0.7706, R² (last) = 0.8202
  r_squared           : R² (all) = 0.7415, R² (last) = 0.8658
  inv_r_squared       : R² (all) = 0.4839, R² (last) = 0.5614
  inv_r_cubed         : R² (all) = 0.2213, R² (last) = 0.3036
  x                   : R² (all) = 0.9203, R² (last) = 0.9535
  y                   : R² (all) = 0.9484, R² (last) = 0.9685

block_1_after_attn_merge:
  F_magnitude         : R² (all) = 0.2633, R² (last) = 0.7185
  F_direction_x       : R² (all) = 0.9651, R² (last) = 0.9906
  F_direction_y       : R² (all) = 0.9609, R² (last) = 0.9900
  Fx                  : R² (all) = 0.3195, R² (last) = 0.5013
  Fy                  : R² (all) = 0.3108, R² (last) = 0.7318
  r                   : R² (all) = 0.9100, R² (last) = 0.9807
  inv_r               : R² (all) = 0.6013, R² (last) = 0.9186
  r_squared           : R² (all) = 0.8458, R² (last) = 0.9668
  inv_r_squared       : R² (all) = 0.2633, R² (last) = 0.7185
  inv_r_cubed         : R² (all) = 0.0783, R² (last) = 0.4731
  x                   : R² (all) = 0.9899, R² (last) = 0.9976
  y                   : R² (all) = 0.9876, R² (last) = 0.9970

block_1_mlp_hidden:
  F_magnitude         : R² (all) = 0.5517, R² (last) = 0.9199
  F_direction_x       : R² (all) = 0.9877, R² (last) = 0.9987
  F_direction_y       : R² (all) = 0.9852, R² (last) = 0.9989
  Fx                  : R² (all) = 0.4656, R² (last) = 0.8058
  Fy                  : R² (all) = 0.4517, R² (last) = 0.9145
  r                   : R² (all) = 0.9889, R² (last) = 0.9996
  inv_r               : R² (all) = 0.8466, R² (last) = 0.9829
  r_squared           : R² (all) = 0.9858, R² (last) = 0.9992
  inv_r_squared       : R² (all) = 0.5517, R² (last) = 0.9199
  inv_r_cubed         : R² (all) = 0.2625, R² (last) = 0.8204
  x                   : R² (all) = 0.9979, R² (last) = 0.9999
  y                   : R² (all) = 0.9976, R² (last) = 0.9999

block_1_mlp_output:
  F_magnitude         : R² (all) = 0.3085, R² (last) = 0.6171
  F_direction_x       : R² (all) = 0.9650, R² (last) = 0.9899
  F_direction_y       : R² (all) = 0.9645, R² (last) = 0.9907
  Fx                  : R² (all) = 0.3224, R² (last) = 0.4575
  Fy                  : R² (all) = 0.3195, R² (last) = 0.6908
  r                   : R² (all) = 0.9367, R² (last) = 0.9843
  inv_r               : R² (all) = 0.6505, R² (last) = 0.8507
  r_squared           : R² (all) = 0.8878, R² (last) = 0.9814
  inv_r_squared       : R² (all) = 0.3085, R² (last) = 0.6171
  inv_r_cubed         : R² (all) = 0.1026, R² (last) = 0.3908
  x                   : R² (all) = 0.9918, R² (last) = 0.9984
  y                   : R² (all) = 0.9889, R² (last) = 0.9978

block_1_after_mlp_merge:
  F_magnitude         : R² (all) = 0.3923, R² (last) = 0.7631
  F_direction_x       : R² (all) = 0.9866, R² (last) = 0.9964
  F_direction_y       : R² (all) = 0.9831, R² (last) = 0.9963
  Fx                  : R² (all) = 0.4322, R² (last) = 0.6612
  Fy                  : R² (all) = 0.3923, R² (last) = 0.8142
  r                   : R² (all) = 0.8897, R² (last) = 0.9662
  inv_r               : R² (all) = 0.7475, R² (last) = 0.9292
  r_squared           : R² (all) = 0.7754, R² (last) = 0.9445
  inv_r_squared       : R² (all) = 0.3923, R² (last) = 0.7631
  inv_r_cubed         : R² (all) = 0.1403, R² (last) = 0.5479
  x                   : R² (all) = 0.9948, R² (last) = 0.9999
  y                   : R² (all) = 0.9964, R² (last) = 0.9999

after_ln_f:
  F_magnitude         : R² (all) = 0.2722, R² (last) = 0.7085
  F_direction_x       : R² (all) = 0.9763, R² (last) = 0.9931
  F_direction_y       : R² (all) = 0.9695, R² (last) = 0.9946
  Fx                  : R² (all) = 0.3571, R² (last) = 0.5728
  Fy                  : R² (all) = 0.3118, R² (last) = 0.7510
  r                   : R² (all) = 0.8763, R² (last) = 0.9835
  inv_r               : R² (all) = 0.5961, R² (last) = 0.9141
  r_squared           : R² (all) = 0.8179, R² (last) = 0.9727
  inv_r_squared       : R² (all) = 0.2722, R² (last) = 0.7085
  inv_r_cubed         : R² (all) = 0.0858, R² (last) = 0.4705
  x                   : R² (all) = 0.9982, R² (last) = 0.9996
  y                   : R² (all) = 0.9980, R² (last) = 0.9995
Evaluating on 500 trajectories...
Conditioning length: 50, Generating 50 more steps per trajectory...

Error Statistics (aggregated across all 500 trajectories):
Mean position error: 0.431786 ± 0.435032
Max position error: 3.145130
R² scores:
  X coordinate: 0.585411 ± 0.573039
  Y coordinate: 0.586396 ± 0.569820
Evaluating on 500 trajectories...
Conditioning length: 50, Generating 50 more steps per trajectory...

Error Statistics (aggregated across all 500 trajectories):
Mean position error: 0.441204 ± 0.423442
Max position error: 3.153517
R² scores:
  X coordinate: 0.555777 ± 0.611277
  Y coordinate: 0.553762 ± 0.614010
Evaluation at step 1801 completed.

Step 1900, Total Train Loss: 0.008800, Prediction Loss: 0.008003, Test Loss: 0.001434, Attention Entropy: 0.7971, Entropy Reg Loss: 0.000797, Entropy Reg Active: True, GPU Memory: 0.000 GB

Evaluating at step 1901...
Activations collected:
  input_embed: torch.Size([1000, 99, 32])
  after_pos_emb: torch.Size([1000, 99, 32])
  block_0_attn_output: torch.Size([1000, 99, 32])
  block_0_after_attn_merge: torch.Size([1000, 99, 32])
  block_0_mlp_hidden: torch.Size([1000, 99, 128])
  block_0_mlp_output: torch.Size([1000, 99, 32])
  block_0_after_mlp_merge: torch.Size([1000, 99, 32])
  block_1_attn_output: torch.Size([1000, 99, 32])
  block_1_after_attn_merge: torch.Size([1000, 99, 32])
  block_1_mlp_hidden: torch.Size([1000, 99, 128])
  block_1_mlp_output: torch.Size([1000, 99, 32])
  block_1_after_mlp_merge: torch.Size([1000, 99, 32])
  after_ln_f: torch.Size([1000, 99, 32])

Linear Probe Results (R² scores):
================================================================================

input_embed:
  F_magnitude         : R² (all) = 0.0000, R² (last) = 0.0001
  F_direction_x       : R² (all) = 0.8279, R² (last) = 0.8277
  F_direction_y       : R² (all) = 0.8231, R² (last) = 0.8266
  Fx                  : R² (all) = 0.0624, R² (last) = 0.0723
  Fy                  : R² (all) = 0.0625, R² (last) = 0.0191
  r                   : R² (all) = 0.0000, R² (last) = 0.0008
  inv_r               : R² (all) = 0.0000, R² (last) = 0.0003
  r_squared           : R² (all) = 0.0001, R² (last) = 0.0019
  inv_r_squared       : R² (all) = 0.0000, R² (last) = 0.0001
  inv_r_cubed         : R² (all) = 0.0000, R² (last) = 0.0000
  x                   : R² (all) = 1.0000, R² (last) = 1.0000
  y                   : R² (all) = 1.0000, R² (last) = 1.0000

after_pos_emb:
  F_magnitude         : R² (all) = 0.0372, R² (last) = 0.0001
  F_direction_x       : R² (all) = 0.8279, R² (last) = 0.8277
  F_direction_y       : R² (all) = 0.8232, R² (last) = 0.8266
  Fx                  : R² (all) = 0.0626, R² (last) = 0.0723
  Fy                  : R² (all) = 0.0630, R² (last) = 0.0191
  r                   : R² (all) = 0.0658, R² (last) = 0.0007
  inv_r               : R² (all) = 0.0496, R² (last) = 0.0002
  r_squared           : R² (all) = 0.0737, R² (last) = 0.0015
  inv_r_squared       : R² (all) = 0.0372, R² (last) = 0.0001
  inv_r_cubed         : R² (all) = 0.0214, R² (last) = 0.0000
  x                   : R² (all) = 1.0000, R² (last) = 1.0000
  y                   : R² (all) = 1.0000, R² (last) = 1.0000

block_0_attn_output:
  F_magnitude         : R² (all) = 0.2935, R² (last) = 0.2475
  F_direction_x       : R² (all) = 0.9046, R² (last) = 0.9452
  F_direction_y       : R² (all) = 0.9083, R² (last) = 0.9363
  Fx                  : R² (all) = 0.0933, R² (last) = 0.1802
  Fy                  : R² (all) = 0.1513, R² (last) = 0.1966
  r                   : R² (all) = 0.8753, R² (last) = 0.8840
  inv_r               : R² (all) = 0.6604, R² (last) = 0.6823
  r_squared           : R² (all) = 0.7604, R² (last) = 0.8094
  inv_r_squared       : R² (all) = 0.2935, R² (last) = 0.2475
  inv_r_cubed         : R² (all) = 0.0828, R² (last) = 0.0802
  x                   : R² (all) = 0.9108, R² (last) = 0.8958
  y                   : R² (all) = 0.9082, R² (last) = 0.9118

block_0_after_attn_merge:
  F_magnitude         : R² (all) = 0.4680, R² (last) = 0.3642
  F_direction_x       : R² (all) = 0.9760, R² (last) = 0.9871
  F_direction_y       : R² (all) = 0.9778, R² (last) = 0.9893
  Fx                  : R² (all) = 0.1541, R² (last) = 0.3397
  Fy                  : R² (all) = 0.2312, R² (last) = 0.3234
  r                   : R² (all) = 0.8123, R² (last) = 0.9364
  inv_r               : R² (all) = 0.8474, R² (last) = 0.8150
  r_squared           : R² (all) = 0.6342, R² (last) = 0.8537
  inv_r_squared       : R² (all) = 0.4680, R² (last) = 0.3642
  inv_r_cubed         : R² (all) = 0.1611, R² (last) = 0.1529
  x                   : R² (all) = 0.9532, R² (last) = 0.9718
  y                   : R² (all) = 0.9536, R² (last) = 0.9801

block_0_mlp_hidden:
  F_magnitude         : R² (all) = 0.7142, R² (last) = 0.9037
  F_direction_x       : R² (all) = 0.9957, R² (last) = 0.9995
  F_direction_y       : R² (all) = 0.9950, R² (last) = 0.9992
  Fx                  : R² (all) = 0.5136, R² (last) = 0.9161
  Fy                  : R² (all) = 0.5209, R² (last) = 0.8683
  r                   : R² (all) = 0.9851, R² (last) = 0.9988
  inv_r               : R² (all) = 0.9523, R² (last) = 0.9812
  r_squared           : R² (all) = 0.9451, R² (last) = 0.9943
  inv_r_squared       : R² (all) = 0.7142, R² (last) = 0.9037
  inv_r_cubed         : R² (all) = 0.3768, R² (last) = 0.8550
  x                   : R² (all) = 0.9939, R² (last) = 0.9994
  y                   : R² (all) = 0.9934, R² (last) = 0.9995

block_0_mlp_output:
  F_magnitude         : R² (all) = 0.5738, R² (last) = 0.6396
  F_direction_x       : R² (all) = 0.9830, R² (last) = 0.9967
  F_direction_y       : R² (all) = 0.9837, R² (last) = 0.9957
  Fx                  : R² (all) = 0.2632, R² (last) = 0.6683
  Fy                  : R² (all) = 0.3080, R² (last) = 0.5575
  r                   : R² (all) = 0.8752, R² (last) = 0.9928
  inv_r               : R² (all) = 0.8790, R² (last) = 0.9256
  r_squared           : R² (all) = 0.7647, R² (last) = 0.9714
  inv_r_squared       : R² (all) = 0.5738, R² (last) = 0.6396
  inv_r_cubed         : R² (all) = 0.2505, R² (last) = 0.4631
  x                   : R² (all) = 0.9648, R² (last) = 0.9962
  y                   : R² (all) = 0.9615, R² (last) = 0.9969

block_0_after_mlp_merge:
  F_magnitude         : R² (all) = 0.4586, R² (last) = 0.5898
  F_direction_x       : R² (all) = 0.9834, R² (last) = 0.9960
  F_direction_y       : R² (all) = 0.9890, R² (last) = 0.9943
  Fx                  : R² (all) = 0.3357, R² (last) = 0.5756
  Fy                  : R² (all) = 0.3657, R² (last) = 0.4902
  r                   : R² (all) = 0.8416, R² (last) = 0.9859
  inv_r               : R² (all) = 0.8152, R² (last) = 0.9098
  r_squared           : R² (all) = 0.7083, R² (last) = 0.9638
  inv_r_squared       : R² (all) = 0.4586, R² (last) = 0.5898
  inv_r_cubed         : R² (all) = 0.1618, R² (last) = 0.3858
  x                   : R² (all) = 0.9985, R² (last) = 1.0000
  y                   : R² (all) = 0.9991, R² (last) = 1.0000

block_1_attn_output:
  F_magnitude         : R² (all) = 0.4363, R² (last) = 0.3533
  F_direction_x       : R² (all) = 0.8475, R² (last) = 0.9292
  F_direction_y       : R² (all) = 0.9040, R² (last) = 0.9450
  Fx                  : R² (all) = 0.2015, R² (last) = 0.3382
  Fy                  : R² (all) = 0.2292, R² (last) = 0.2672
  r                   : R² (all) = 0.8401, R² (last) = 0.9041
  inv_r               : R² (all) = 0.7533, R² (last) = 0.7668
  r_squared           : R² (all) = 0.7440, R² (last) = 0.8535
  inv_r_squared       : R² (all) = 0.4363, R² (last) = 0.3533
  inv_r_cubed         : R² (all) = 0.1650, R² (last) = 0.1529
  x                   : R² (all) = 0.9191, R² (last) = 0.9622
  y                   : R² (all) = 0.9466, R² (last) = 0.9630

block_1_after_attn_merge:
  F_magnitude         : R² (all) = 0.2577, R² (last) = 0.3520
  F_direction_x       : R² (all) = 0.9636, R² (last) = 0.9906
  F_direction_y       : R² (all) = 0.9599, R² (last) = 0.9874
  Fx                  : R² (all) = 0.3034, R² (last) = 0.5055
  Fy                  : R² (all) = 0.2863, R² (last) = 0.2813
  r                   : R² (all) = 0.9123, R² (last) = 0.9781
  inv_r               : R² (all) = 0.6039, R² (last) = 0.8084
  r_squared           : R² (all) = 0.8478, R² (last) = 0.9618
  inv_r_squared       : R² (all) = 0.2577, R² (last) = 0.3521
  inv_r_cubed         : R² (all) = 0.0704, R² (last) = 0.1245
  x                   : R² (all) = 0.9896, R² (last) = 0.9972
  y                   : R² (all) = 0.9876, R² (last) = 0.9968

block_1_mlp_hidden:
  F_magnitude         : R² (all) = 0.5252, R² (last) = 0.6527
  F_direction_x       : R² (all) = 0.9866, R² (last) = 0.9990
  F_direction_y       : R² (all) = 0.9850, R² (last) = 0.9978
  Fx                  : R² (all) = 0.4424, R² (last) = 0.7992
  Fy                  : R² (all) = 0.4233, R² (last) = 0.5716
  r                   : R² (all) = 0.9894, R² (last) = 0.9995
  inv_r               : R² (all) = 0.8440, R² (last) = 0.9308
  r_squared           : R² (all) = 0.9866, R² (last) = 0.9992
  inv_r_squared       : R² (all) = 0.5252, R² (last) = 0.6527
  inv_r_cubed         : R² (all) = 0.2189, R² (last) = 0.4494
  x                   : R² (all) = 0.9979, R² (last) = 0.9999
  y                   : R² (all) = 0.9975, R² (last) = 0.9999

block_1_mlp_output:
  F_magnitude         : R² (all) = 0.3040, R² (last) = 0.3246
  F_direction_x       : R² (all) = 0.9630, R² (last) = 0.9908
  F_direction_y       : R² (all) = 0.9630, R² (last) = 0.9856
  Fx                  : R² (all) = 0.3042, R² (last) = 0.4980
  Fy                  : R² (all) = 0.2976, R² (last) = 0.2731
  r                   : R² (all) = 0.9396, R² (last) = 0.9813
  inv_r               : R² (all) = 0.6569, R² (last) = 0.7458
  r_squared           : R² (all) = 0.8916, R² (last) = 0.9798
  inv_r_squared       : R² (all) = 0.3040, R² (last) = 0.3246
  inv_r_cubed         : R² (all) = 0.0918, R² (last) = 0.1358
  x                   : R² (all) = 0.9916, R² (last) = 0.9982
  y                   : R² (all) = 0.9885, R² (last) = 0.9976

block_1_after_mlp_merge:
  F_magnitude         : R² (all) = 0.3766, R² (last) = 0.4003
  F_direction_x       : R² (all) = 0.9855, R² (last) = 0.9965
  F_direction_y       : R² (all) = 0.9826, R² (last) = 0.9949
  Fx                  : R² (all) = 0.4049, R² (last) = 0.5887
  Fy                  : R² (all) = 0.3591, R² (last) = 0.3954
  r                   : R² (all) = 0.8929, R² (last) = 0.9685
  inv_r               : R² (all) = 0.7481, R² (last) = 0.8252
  r_squared           : R² (all) = 0.7782, R² (last) = 0.9481
  inv_r_squared       : R² (all) = 0.3766, R² (last) = 0.4003
  inv_r_cubed         : R² (all) = 0.1191, R² (last) = 0.1895
  x                   : R² (all) = 0.9945, R² (last) = 0.9999
  y                   : R² (all) = 0.9963, R² (last) = 0.9999

after_ln_f:
  F_magnitude         : R² (all) = 0.2635, R² (last) = 0.3590
  F_direction_x       : R² (all) = 0.9748, R² (last) = 0.9934
  F_direction_y       : R² (all) = 0.9686, R² (last) = 0.9919
  Fx                  : R² (all) = 0.3374, R² (last) = 0.5193
  Fy                  : R² (all) = 0.2826, R² (last) = 0.3178
  r                   : R² (all) = 0.8795, R² (last) = 0.9847
  inv_r               : R² (all) = 0.5970, R² (last) = 0.8078
  r_squared           : R² (all) = 0.8219, R² (last) = 0.9750
  inv_r_squared       : R² (all) = 0.2635, R² (last) = 0.3590
  inv_r_cubed         : R² (all) = 0.0748, R² (last) = 0.1426
  x                   : R² (all) = 0.9981, R² (last) = 0.9995
  y                   : R² (all) = 0.9979, R² (last) = 0.9996
Evaluating on 500 trajectories...
Conditioning length: 50, Generating 50 more steps per trajectory...

Error Statistics (aggregated across all 500 trajectories):
Mean position error: 0.429824 ± 0.447641
Max position error: 3.366016
R² scores:
  X coordinate: 0.538933 ± 0.629050
  Y coordinate: 0.517548 ± 0.691319
Evaluating on 500 trajectories...
Conditioning length: 50, Generating 50 more steps per trajectory...

Error Statistics (aggregated across all 500 trajectories):
Mean position error: 0.416403 ± 0.429171
Max position error: 3.218457
R² scores:
  X coordinate: 0.582641 ± 0.621748
  Y coordinate: 0.568586 ± 0.672808
Evaluation at step 1901 completed.

Step 2000, Total Train Loss: 0.008709, Prediction Loss: 0.007916, Test Loss: 0.001243, Attention Entropy: 0.7931, Entropy Reg Loss: 0.000793, Entropy Reg Active: True, GPU Memory: 0.000 GB

Evaluating at step 2001...
Activations collected:
  input_embed: torch.Size([1000, 99, 32])
  after_pos_emb: torch.Size([1000, 99, 32])
  block_0_attn_output: torch.Size([1000, 99, 32])
  block_0_after_attn_merge: torch.Size([1000, 99, 32])
  block_0_mlp_hidden: torch.Size([1000, 99, 128])
  block_0_mlp_output: torch.Size([1000, 99, 32])
  block_0_after_mlp_merge: torch.Size([1000, 99, 32])
  block_1_attn_output: torch.Size([1000, 99, 32])
  block_1_after_attn_merge: torch.Size([1000, 99, 32])
  block_1_mlp_hidden: torch.Size([1000, 99, 128])
  block_1_mlp_output: torch.Size([1000, 99, 32])
  block_1_after_mlp_merge: torch.Size([1000, 99, 32])
  after_ln_f: torch.Size([1000, 99, 32])

Linear Probe Results (R² scores):
================================================================================

input_embed:
  F_magnitude         : R² (all) = 0.0000, R² (last) = -0.0000
  F_direction_x       : R² (all) = 0.8360, R² (last) = 0.8368
  F_direction_y       : R² (all) = 0.8355, R² (last) = 0.8431
  Fx                  : R² (all) = 0.0767, R² (last) = 0.0622
  Fy                  : R² (all) = 0.0753, R² (last) = 0.0680
  r                   : R² (all) = 0.0000, R² (last) = 0.0006
  inv_r               : R² (all) = 0.0000, R² (last) = 0.0000
  r_squared           : R² (all) = 0.0001, R² (last) = 0.0015
  inv_r_squared       : R² (all) = 0.0000, R² (last) = -0.0000
  inv_r_cubed         : R² (all) = 0.0000, R² (last) = -0.0000
  x                   : R² (all) = 1.0000, R² (last) = 1.0000
  y                   : R² (all) = 1.0000, R² (last) = 1.0000

after_pos_emb:
  F_magnitude         : R² (all) = 0.0378, R² (last) = 0.0000
  F_direction_x       : R² (all) = 0.8360, R² (last) = 0.8368
  F_direction_y       : R² (all) = 0.8355, R² (last) = 0.8431
  Fx                  : R² (all) = 0.0768, R² (last) = 0.0622
  Fy                  : R² (all) = 0.0756, R² (last) = 0.0680
  r                   : R² (all) = 0.0646, R² (last) = 0.0006
  inv_r               : R² (all) = 0.0475, R² (last) = 0.0000
  r_squared           : R² (all) = 0.0713, R² (last) = 0.0015
  inv_r_squared       : R² (all) = 0.0378, R² (last) = 0.0000
  inv_r_cubed         : R² (all) = 0.0258, R² (last) = 0.0000
  x                   : R² (all) = 1.0000, R² (last) = 1.0000
  y                   : R² (all) = 1.0000, R² (last) = 1.0000

block_0_attn_output:
  F_magnitude         : R² (all) = 0.3499, R² (last) = 0.4417
  F_direction_x       : R² (all) = 0.9109, R² (last) = 0.9516
  F_direction_y       : R² (all) = 0.9139, R² (last) = 0.9290
  Fx                  : R² (all) = 0.1185, R² (last) = 0.2261
  Fy                  : R² (all) = 0.1693, R² (last) = 0.2872
  r                   : R² (all) = 0.8752, R² (last) = 0.8819
  inv_r               : R² (all) = 0.6782, R² (last) = 0.7669
  r_squared           : R² (all) = 0.7570, R² (last) = 0.7884
  inv_r_squared       : R² (all) = 0.3499, R² (last) = 0.4417
  inv_r_cubed         : R² (all) = 0.1310, R² (last) = 0.2028
  x                   : R² (all) = 0.9147, R² (last) = 0.9179
  y                   : R² (all) = 0.9141, R² (last) = 0.9174

block_0_after_attn_merge:
  F_magnitude         : R² (all) = 0.5581, R² (last) = 0.6423
  F_direction_x       : R² (all) = 0.9777, R² (last) = 0.9884
  F_direction_y       : R² (all) = 0.9794, R² (last) = 0.9911
  Fx                  : R² (all) = 0.1888, R² (last) = 0.3694
  Fy                  : R² (all) = 0.2628, R² (last) = 0.5509
  r                   : R² (all) = 0.8123, R² (last) = 0.9308
  inv_r               : R² (all) = 0.8726, R² (last) = 0.9072
  r_squared           : R² (all) = 0.6318, R² (last) = 0.8442
  inv_r_squared       : R² (all) = 0.5581, R² (last) = 0.6423
  inv_r_cubed         : R² (all) = 0.2557, R² (last) = 0.3778
  x                   : R² (all) = 0.9558, R² (last) = 0.9757
  y                   : R² (all) = 0.9573, R² (last) = 0.9808

block_0_mlp_hidden:
  F_magnitude         : R² (all) = 0.8010, R² (last) = 0.9754
  F_direction_x       : R² (all) = 0.9962, R² (last) = 0.9996
  F_direction_y       : R² (all) = 0.9956, R² (last) = 0.9996
  Fx                  : R² (all) = 0.6068, R² (last) = 0.9624
  Fy                  : R² (all) = 0.6039, R² (last) = 0.9696
  r                   : R² (all) = 0.9852, R² (last) = 0.9991
  inv_r               : R² (all) = 0.9656, R² (last) = 0.9962
  r_squared           : R² (all) = 0.9450, R² (last) = 0.9956
  inv_r_squared       : R² (all) = 0.8010, R² (last) = 0.9754
  inv_r_cubed         : R² (all) = 0.5228, R² (last) = 0.9444
  x                   : R² (all) = 0.9939, R² (last) = 0.9994
  y                   : R² (all) = 0.9938, R² (last) = 0.9996

block_0_mlp_output:
  F_magnitude         : R² (all) = 0.6526, R² (last) = 0.8288
  F_direction_x       : R² (all) = 0.9840, R² (last) = 0.9970
  F_direction_y       : R² (all) = 0.9848, R² (last) = 0.9968
  Fx                  : R² (all) = 0.3089, R² (last) = 0.6595
  Fy                  : R² (all) = 0.3409, R² (last) = 0.7448
  r                   : R² (all) = 0.8766, R² (last) = 0.9936
  inv_r               : R² (all) = 0.8954, R² (last) = 0.9725
  r_squared           : R² (all) = 0.7654, R² (last) = 0.9736
  inv_r_squared       : R² (all) = 0.6526, R² (last) = 0.8288
  inv_r_cubed         : R² (all) = 0.3529, R² (last) = 0.6270
  x                   : R² (all) = 0.9663, R² (last) = 0.9962
  y                   : R² (all) = 0.9645, R² (last) = 0.9966

block_0_after_mlp_merge:
  F_magnitude         : R² (all) = 0.5338, R² (last) = 0.8044
  F_direction_x       : R² (all) = 0.9842, R² (last) = 0.9966
  F_direction_y       : R² (all) = 0.9898, R² (last) = 0.9958
  Fx                  : R² (all) = 0.3942, R² (last) = 0.6575
  Fy                  : R² (all) = 0.4182, R² (last) = 0.7058
  r                   : R² (all) = 0.8410, R² (last) = 0.9867
  inv_r               : R² (all) = 0.8323, R² (last) = 0.9633
  r_squared           : R² (all) = 0.7049, R² (last) = 0.9620
  inv_r_squared       : R² (all) = 0.5338, R² (last) = 0.8044
  inv_r_cubed         : R² (all) = 0.2454, R² (last) = 0.5879
  x                   : R² (all) = 0.9985, R² (last) = 1.0000
  y                   : R² (all) = 0.9991, R² (last) = 1.0000

block_1_attn_output:
  F_magnitude         : R² (all) = 0.5283, R² (last) = 0.5980
  F_direction_x       : R² (all) = 0.8576, R² (last) = 0.9257
  F_direction_y       : R² (all) = 0.9093, R² (last) = 0.9531
  Fx                  : R² (all) = 0.2458, R² (last) = 0.3440
  Fy                  : R² (all) = 0.2609, R² (last) = 0.4097
  r                   : R² (all) = 0.8413, R² (last) = 0.9057
  inv_r               : R² (all) = 0.7797, R² (last) = 0.8319
  r_squared           : R² (all) = 0.7440, R² (last) = 0.8545
  inv_r_squared       : R² (all) = 0.5283, R² (last) = 0.5980
  inv_r_cubed         : R² (all) = 0.2719, R² (last) = 0.3817
  x                   : R² (all) = 0.9233, R² (last) = 0.9535
  y                   : R² (all) = 0.9498, R² (last) = 0.9691

block_1_after_attn_merge:
  F_magnitude         : R² (all) = 0.2933, R² (last) = 0.6802
  F_direction_x       : R² (all) = 0.9649, R² (last) = 0.9901
  F_direction_y       : R² (all) = 0.9619, R² (last) = 0.9898
  Fx                  : R² (all) = 0.3588, R² (last) = 0.4708
  Fy                  : R² (all) = 0.3231, R² (last) = 0.5866
  r                   : R² (all) = 0.9101, R² (last) = 0.9808
  inv_r               : R² (all) = 0.6071, R² (last) = 0.9136
  r_squared           : R² (all) = 0.8470, R² (last) = 0.9657
  inv_r_squared       : R² (all) = 0.2933, R² (last) = 0.6802
  inv_r_cubed         : R² (all) = 0.1022, R² (last) = 0.4216
  x                   : R² (all) = 0.9899, R² (last) = 0.9974
  y                   : R² (all) = 0.9885, R² (last) = 0.9971

block_1_mlp_hidden:
  F_magnitude         : R² (all) = 0.6044, R² (last) = 0.9133
  F_direction_x       : R² (all) = 0.9875, R² (last) = 0.9991
  F_direction_y       : R² (all) = 0.9854, R² (last) = 0.9989
  Fx                  : R² (all) = 0.5256, R² (last) = 0.8436
  Fy                  : R² (all) = 0.4696, R² (last) = 0.9164
  r                   : R² (all) = 0.9894, R² (last) = 0.9995
  inv_r               : R² (all) = 0.8593, R² (last) = 0.9837
  r_squared           : R² (all) = 0.9863, R² (last) = 0.9991
  inv_r_squared       : R² (all) = 0.6044, R² (last) = 0.9133
  inv_r_cubed         : R² (all) = 0.3284, R² (last) = 0.8066
  x                   : R² (all) = 0.9979, R² (last) = 0.9999
  y                   : R² (all) = 0.9977, R² (last) = 0.9999

block_1_mlp_output:
  F_magnitude         : R² (all) = 0.3523, R² (last) = 0.5983
  F_direction_x       : R² (all) = 0.9646, R² (last) = 0.9911
  F_direction_y       : R² (all) = 0.9649, R² (last) = 0.9910
  Fx                  : R² (all) = 0.3582, R² (last) = 0.5070
  Fy                  : R² (all) = 0.3279, R² (last) = 0.5607
  r                   : R² (all) = 0.9367, R² (last) = 0.9828
  inv_r               : R² (all) = 0.6655, R² (last) = 0.8455
  r_squared           : R² (all) = 0.8901, R² (last) = 0.9795
  inv_r_squared       : R² (all) = 0.3523, R² (last) = 0.5983
  inv_r_cubed         : R² (all) = 0.1406, R² (last) = 0.3851
  x                   : R² (all) = 0.9916, R² (last) = 0.9981
  y                   : R² (all) = 0.9891, R² (last) = 0.9978

block_1_after_mlp_merge:
  F_magnitude         : R² (all) = 0.4390, R² (last) = 0.7099
  F_direction_x       : R² (all) = 0.9864, R² (last) = 0.9967
  F_direction_y       : R² (all) = 0.9835, R² (last) = 0.9964
  Fx                  : R² (all) = 0.4850, R² (last) = 0.6450
  Fy                  : R² (all) = 0.4147, R² (last) = 0.7319
  r                   : R² (all) = 0.8918, R² (last) = 0.9683
  inv_r               : R² (all) = 0.7619, R² (last) = 0.9222
  r_squared           : R² (all) = 0.7756, R² (last) = 0.9455
  inv_r_squared       : R² (all) = 0.4390, R² (last) = 0.7099
  inv_r_cubed         : R² (all) = 0.1825, R² (last) = 0.4838
  x                   : R² (all) = 0.9948, R² (last) = 0.9999
  y                   : R² (all) = 0.9963, R² (last) = 0.9999

after_ln_f:
  F_magnitude         : R² (all) = 0.3003, R² (last) = 0.6356
  F_direction_x       : R² (all) = 0.9762, R² (last) = 0.9940
  F_direction_y       : R² (all) = 0.9704, R² (last) = 0.9936
  Fx                  : R² (all) = 0.4042, R² (last) = 0.5525
  Fy                  : R² (all) = 0.3236, R² (last) = 0.5992
  r                   : R² (all) = 0.8770, R² (last) = 0.9832
  inv_r               : R² (all) = 0.6009, R² (last) = 0.8971
  r_squared           : R² (all) = 0.8195, R² (last) = 0.9711
  inv_r_squared       : R² (all) = 0.3003, R² (last) = 0.6356
  inv_r_cubed         : R² (all) = 0.1094, R² (last) = 0.3841
  x                   : R² (all) = 0.9981, R² (last) = 0.9996
  y                   : R² (all) = 0.9980, R² (last) = 0.9996
Evaluating on 500 trajectories...
Conditioning length: 50, Generating 50 more steps per trajectory...

Error Statistics (aggregated across all 500 trajectories):
Mean position error: 0.409382 ± 0.418020
Max position error: 3.247323
R² scores:
  X coordinate: 0.535740 ± 0.636731
  Y coordinate: 0.531481 ± 0.662112
Evaluating on 500 trajectories...
Conditioning length: 50, Generating 50 more steps per trajectory...

Error Statistics (aggregated across all 500 trajectories):
Mean position error: 0.417462 ± 0.427935
Max position error: 3.225992
R² scores:
  X coordinate: 0.497090 ± 0.693717
  Y coordinate: 0.506824 ± 0.686223
Evaluation at step 2001 completed.

Final memory stats: {'initial': {'allocated_gb': 0, 'reserved_gb': 0, 'max_allocated_gb': 0}, 'final': {'allocated_gb': 0, 'reserved_gb': 0, 'max_allocated_gb': 0}, 'peak': {'allocated_gb': 0, 'reserved_gb': 0, 'max_allocated_gb': 0}}

Training completed!
Saved results to ./results/kepler_cv_blocksize/results_block_size_100_num_trajectories_10000_noise_scale_0.1_loss_mask_all_attention_entropy_reg_0.001_start_0_end_none.npz

================================================================================
Parameter sweep completed! Total runs: 1
================================================================================

